event_id,ot_str,lat,lon,dep_km,h_err_km,z_err_km,rms,nphs,gap
20220905001000000_00000840.sum,,,,,,,,,
20220905001000000_00000960.sum,2022-09-05T00:10:00.298,22.289150,99.171261,37.251,19.997,38.067,0.190,20,340.9
20220905001000000_00001020.sum,2022-09-05T00:10:01.528,22.410341,104.108300,43.576,7.428,32.565,0.405,37,295.1
20220905001000000_00001140.sum,2022-09-05T00:10:00.289,22.851920,99.739212,35.628,4.734,13.808,0.330,45,302.5
20220905001000000_00001200.sum,2022-09-05T00:10:00.654,22.900706,104.099508,13.809,5.931,7.787,0.319,19,258.9
20220905001000000_00001320.sum,2022-09-05T00:10:00.295,23.279642,98.768973,11.276,9.188,14.906,0.307,28,318.5
20220905001000000_00001380.sum,2022-09-05T00:09:59.968,23.330838,103.623223,12.773,3.655,6.736,0.276,32,217.7
20220905001000000_00001500.sum,2022-09-05T00:10:00.610,23.661682,98.246682,31.494,18.091,36.905,0.253,15,333.6
20220905001000000_00001560.sum,2022-09-05T00:09:59.615,23.776875,103.133699,15.610,2.102,5.249,0.253,36,177.0
20220905001000000_00001680.sum,2022-09-05T00:10:01.674,24.122132,98.225573,38.457,29.926,37.075,0.233,9,334.9
20220905001000000_00001740.sum,2022-09-05T00:09:59.223,24.211203,102.647924,14.439,1.078,4.359,0.434,34,53.4
20220905001000000_00001860.sum,2022-09-05T00:10:00.028,24.648327,98.725439,24.245,10.951,13.612,0.256,20,266.7
20220905001000000_00001920.sum,2022-09-05T00:09:59.358,24.665395,102.659762,13.817,1.626,6.187,0.290,21,39.2
20220905001000000_00001980.sum,2022-09-05T00:10:00.042,24.632064,107.192285,32.150,12.226,39.477,0.414,27,317.0
20220905001000000_00002040.sum,,,,,,,,,
20220905001000000_00002100.sum,2022-09-05T00:09:59.698,25.107841,102.153248,5.581,1.480,6.070,0.215,25,81.6
20220905001000000_00002160.sum,2022-09-05T00:10:00.090,25.096732,106.584788,4.594,6.935,9.079,0.437,24,271.1
20220905001000000_00002280.sum,2022-09-05T00:09:59.016,25.565151,102.170494,22.051,1.525,7.262,0.150,23,52.5
20220905001000000_00002340.sum,2022-09-05T00:10:00.054,25.555409,106.093946,28.009,4.207,5.913,0.252,34,247.2
20220905001000000_00002460.sum,2022-09-05T00:09:59.298,26.005989,101.659368,14.658,1.440,5.848,0.246,31,51.0
20220905001000000_00002520.sum,2022-09-05T00:10:00.118,25.994674,106.107858,7.992,3.757,7.631,0.534,35,255.1
20220905001000000_00002640.sum,2022-09-05T00:09:59.569,26.462225,101.150932,3.284,1.344,4.677,0.408,40,30.1
20220905001000000_00002700.sum,2022-09-05T00:09:59.678,26.443679,105.639048,12.447,3.586,7.603,0.268,28,200.9
20220905001000000_00002820.sum,2022-09-05T00:09:59.539,26.901201,100.137223,21.739,1.306,5.166,0.413,39,56.8
20220905001000000_00002880.sum,2022-09-05T00:09:59.449,26.893217,105.163205,21.462,2.465,5.042,0.699,36,149.2
20220905001000000_00003000.sum,2022-09-05T00:09:59.039,27.348217,100.123962,21.614,2.307,11.524,0.492,28,133.6
20220905001000000_00003060.sum,2022-09-05T00:09:59.603,27.345379,105.165502,10.307,1.352,2.851,0.392,45,145.3
20220905001000000_00003180.sum,2022-09-05T00:09:59.381,27.802501,100.618110,1.743,1.071,2.406,0.132,21,43.4
20220905001000000_00003240.sum,2022-09-05T00:09:59.826,27.796311,105.675996,12.892,2.297,4.735,0.386,39,211.4
20220905001000000_00003360.sum,2022-09-05T00:09:59.624,28.260234,101.125428,23.540,1.354,4.617,0.526,38,39.5
20220905001000000_00003420.sum,2022-09-05T00:09:59.722,28.246252,105.724241,7.176,4.531,6.153,0.242,18,214.3
20220905001000000_00003540.sum,2022-09-05T00:09:59.806,28.695691,100.618725,9.014,1.796,5.165,0.290,21,98.0
20220905001000000_00003600.sum,2022-09-05T00:10:00.391,28.688492,106.201119,9.701,3.483,7.938,0.260,33,239.3
20220905001000000_00003720.sum,2022-09-05T00:09:59.367,29.164073,101.629094,19.996,1.556,5.257,0.474,31,55.4
20220905001000000_00003780.sum,2022-09-05T00:10:00.133,29.148772,106.758859,11.150,9.253,19.802,0.259,24,263.7
20220905001000000_00003900.sum,2022-09-05T00:09:59.499,29.617564,101.120112,14.605,1.497,7.356,0.346,21,48.7
20220905001000000_00003960.sum,2022-09-05T00:10:00.229,29.601433,106.200380,26.886,3.240,7.678,0.465,42,244.2
20220905001000000_00004080.sum,2022-09-05T00:09:59.632,30.077241,101.617770,3.738,2.124,4.447,0.244,17,108.6
20220905001000000_00004140.sum,2022-09-05T00:09:59.951,30.054102,105.735058,24.600,3.496,4.383,0.257,40,212.3
20220905001000000_00004260.sum,2022-09-05T00:09:59.391,30.504244,101.085285,18.903,1.545,7.373,0.410,37,51.9
20220905001000000_00004320.sum,2022-09-05T00:10:00.613,30.494562,106.764619,19.502,4.709,14.817,0.593,47,275.4
20220905001000000_00004380.sum,,,,,,,,,
20220905001000000_00004440.sum,2022-09-05T00:09:59.147,30.960490,102.131391,24.050,3.355,9.926,0.301,15,138.4
20220905001000000_00004500.sum,2022-09-05T00:10:00.374,30.957207,107.349089,38.776,12.162,38.868,0.928,27,319.8
20220905001000000_00004620.sum,2022-09-05T00:09:59.646,31.412951,101.609222,16.046,3.887,14.073,0.340,19,173.0
20220905001000000_00004680.sum,2022-09-05T00:10:00.466,31.378164,106.282682,11.705,9.681,13.202,0.321,16,288.3
20220905001000000_00004800.sum,2022-09-05T00:10:00.078,31.842909,101.077418,4.547,3.203,6.806,0.412,36,211.0
20220905001000000_00004860.sum,2022-09-05T00:10:00.101,31.821600,105.833786,9.449,3.473,5.151,0.257,36,295.3
20220905001000000_00004980.sum,2022-09-05T00:10:00.623,32.268622,101.047794,24.518,9.615,21.311,0.235,18,266.4
20220905001000000_00005040.sum,2022-09-05T00:09:58.136,32.399608,105.997149,21.722,23.843,36.142,0.329,10,325.0
20220905001000000_00005160.sum,2022-09-05T00:10:02.062,32.699349,101.040688,24.474,10.936,25.759,0.580,27,284.4
20220905001000000_00005220.sum,2022-09-05T00:10:00.209,32.739105,105.390725,10.206,8.217,14.655,0.261,22,307.0
20220905001000000_00005340.sum,2022-09-05T00:10:03.366,33.038711,100.481114,48.582,9.952,33.445,0.288,32,314.0
20220905001000000_00005400.sum,2022-09-05T00:10:00.190,33.221193,104.765141,37.261,11.390,39.825,0.482,34,317.8
20220905001001000_00000841.sum,,,,,,,,,
20220905001001000_00000961.sum,2022-09-05T00:10:02.194,22.313521,99.191658,37.390,14.655,34.954,0.395,36,335.0
20220905001001000_00001021.sum,2022-09-05T00:10:01.285,22.409882,104.100548,41.544,7.564,31.375,0.835,38,292.8
20220905001001000_00001141.sum,2022-09-05T00:10:01.213,22.878935,99.728027,14.067,6.891,12.132,0.439,38,300.9
20220905001001000_00001201.sum,2022-09-05T00:10:01.400,22.886964,104.118423,10.803,5.336,9.498,0.304,22,267.0
20220905001001000_00001321.sum,2022-09-05T00:10:01.060,23.238175,98.747533,43.641,6.462,19.227,0.382,40,322.8
20220905001001000_00001381.sum,2022-09-05T00:10:01.271,23.342252,103.616586,18.042,8.248,10.455,0.254,15,255.3
20220905001001000_00001501.sum,2022-09-05T00:10:02.048,23.699716,98.268904,47.960,7.231,26.444,0.424,39,320.9
20220905001001000_00001561.sum,2022-09-05T00:10:00.863,23.765364,103.136096,4.918,2.677,4.715,0.428,32,184.1
20220905001001000_00001681.sum,2022-09-05T00:10:01.791,24.177591,98.238607,15.945,9.527,23.512,0.340,32,305.0
20220905001001000_00001741.sum,2022-09-05T00:10:00.256,24.214143,102.650788,15.455,1.209,4.636,0.266,35,46.0
20220905001001000_00001861.sum,2022-09-05T00:10:00.880,24.627816,98.737641,8.916,7.975,14.891,1.597,10,274.0
20220905001001000_00001921.sum,2022-09-05T00:10:00.351,24.665621,103.144240,6.170,1.309,4.664,0.340,31,41.2
20220905001001000_00001981.sum,2022-09-05T00:10:02.778,24.737722,103.384407,50.923,23.949,30.158,1.017,29,318.3
20220905001001000_00002041.sum,,,,,,,,,
20220905001001000_00002101.sum,2022-09-05T00:10:00.165,25.120487,102.147429,17.174,1.755,7.376,0.248,30,72.9
20220905001001000_00002161.sum,2022-09-05T00:10:01.900,25.073390,107.244189,37.232,11.467,39.256,0.410,45,313.1
20220905001001000_00002221.sum,,,,,,,,,
20220905001001000_00002281.sum,2022-09-05T00:10:00.525,25.559014,102.164171,24.893,1.722,4.413,0.402,28,56.6
20220905001001000_00002341.sum,2022-09-05T00:10:01.045,25.545442,106.112477,10.297,3.272,6.421,0.364,33,238.0
20220905001001000_00002461.sum,2022-09-05T00:10:00.317,26.015918,101.646542,18.351,1.242,3.589,0.351,50,46.3
20220905001001000_00002521.sum,2022-09-05T00:10:01.342,25.995309,106.084304,16.932,3.914,6.492,0.603,32,250.0
20220905001001000_00002641.sum,2022-09-05T00:10:00.436,26.454845,101.154456,23.629,1.222,4.532,0.287,36,43.9
20220905001001000_00002701.sum,2022-09-05T00:10:00.539,26.459334,105.619223,18.357,3.903,12.700,0.535,24,236.6
20220905001001000_00002821.sum,2022-09-05T00:10:00.920,26.890886,100.642604,9.141,1.479,14.355,0.213,23,57.2
20220905001001000_00002881.sum,2022-09-05T00:10:00.163,26.893101,105.198394,16.900,2.629,6.137,0.388,22,174.2
20220905001001000_00003001.sum,2022-09-05T00:10:00.343,27.341142,100.123486,12.984,1.668,7.161,0.624,21,108.8
20220905001001000_00003061.sum,2022-09-05T00:10:00.372,27.337439,105.182947,13.758,1.489,4.231,0.355,34,79.1
20220905001001000_00003181.sum,2022-09-05T00:10:00.321,27.807126,100.617430,2.886,1.182,3.289,0.356,28,53.9
20220905001001000_00003241.sum,2022-09-05T00:10:00.765,27.797433,105.671570,15.144,4.743,6.485,0.820,24,219.2
20220905001001000_00003361.sum,2022-09-05T00:10:00.519,28.258506,101.130830,3.636,1.478,3.720,0.388,37,50.9
20220905001001000_00003421.sum,2022-09-05T00:10:00.508,28.256779,105.710005,7.499,3.092,4.165,0.409,32,223.8
20220905001001000_00003541.sum,2022-09-05T00:10:00.433,28.715815,100.609425,14.110,1.769,5.606,0.411,24,47.3
20220905001001000_00003601.sum,2022-09-05T00:10:01.116,28.694627,106.231118,6.433,3.946,6.737,0.393,40,247.3
20220905001001000_00003721.sum,2022-09-05T00:10:00.663,29.168127,101.635379,15.619,1.254,7.108,0.385,41,47.6
20220905001001000_00003781.sum,2022-09-05T00:10:02.053,29.140811,106.723638,28.935,6.824,19.873,0.240,36,273.4
20220905001001000_00003901.sum,2022-09-05T00:10:00.670,29.617708,101.113407,20.432,2.203,9.759,0.406,19,74.3
20220905001001000_00003961.sum,2022-09-05T00:10:01.494,29.601751,106.233041,5.221,5.121,6.483,0.305,28,233.5
20220905001001000_00004081.sum,2022-09-05T00:10:00.696,30.066711,101.619471,25.411,1.928,7.477,0.415,27,41.7
20220905001001000_00004141.sum,2022-09-05T00:10:01.333,30.064244,106.267797,8.905,7.201,13.945,0.174,19,253.5
20220905001001000_00004261.sum,2022-09-05T00:10:00.149,30.517720,101.620252,18.072,1.356,4.733,0.423,28,70.3
20220905001001000_00004321.sum,2022-09-05T00:10:01.321,30.499303,106.800773,5.220,6.978,10.936,0.301,29,278.0
20220905001001000_00004381.sum,,,,,,,,,
20220905001001000_00004441.sum,2022-09-05T00:10:00.593,30.951908,102.136538,21.301,2.078,8.443,0.262,16,76.6
20220905001001000_00004501.sum,2022-09-05T00:10:01.506,30.963787,107.382925,40.798,13.227,37.302,0.205,13,326.3
20220905001001000_00004621.sum,2022-09-05T00:10:00.585,31.437389,101.612567,14.807,4.158,11.626,0.139,15,155.6
20220905001001000_00004681.sum,2022-09-05T00:10:01.370,31.429120,106.322501,6.417,8.964,13.027,0.235,25,302.1
20220905001001000_00004801.sum,2022-09-05T00:10:01.071,31.847210,101.071433,12.300,7.765,12.284,0.506,17,255.5
20220905001001000_00004861.sum,2022-09-05T00:10:01.403,31.836247,105.815891,5.483,8.290,11.370,0.206,14,296.3
20220905001001000_00004981.sum,2022-09-05T00:10:01.325,32.266680,101.058309,18.685,6.669,17.114,0.479,21,250.2
20220905001001000_00005041.sum,2022-09-05T00:10:01.455,32.252280,105.854101,17.405,4.654,9.991,0.309,41,310.6
20220905001001000_00005161.sum,2022-09-05T00:10:02.063,32.722740,101.058720,25.508,14.183,28.735,0.267,13,284.1
20220905001001000_00005221.sum,2022-09-05T00:10:01.542,32.657929,105.365165,21.851,11.733,14.624,0.215,28,308.2
20220905001001000_00005341.sum,2022-09-05T00:10:04.367,33.023473,100.454419,49.715,16.826,31.578,0.225,27,314.1
20220905001001000_00005401.sum,2022-09-05T00:10:01.467,33.239245,105.399752,36.331,15.761,41.521,0.595,23,332.4
20220905001002000_00000842.sum,,,,,,,,,
20220905001002000_00000962.sum,2022-09-05T00:10:02.711,22.417192,99.192584,27.320,13.746,35.691,0.388,29,333.3
20220905001002000_00001022.sum,2022-09-05T00:10:01.915,22.357239,104.090780,31.527,10.102,35.084,0.407,36,287.6
20220905001002000_00001142.sum,2022-09-05T00:10:02.132,22.875577,99.702413,17.155,6.632,11.256,0.205,23,304.4
20220905001002000_00001202.sum,2022-09-05T00:10:01.801,22.882712,104.085613,13.317,4.731,8.753,0.280,21,269.9
20220905001002000_00001322.sum,2022-09-05T00:10:01.585,23.272852,99.223788,9.051,8.674,11.284,0.519,26,310.6
20220905001002000_00001382.sum,2022-09-05T00:10:01.745,23.321886,103.624486,12.968,3.559,5.940,0.478,33,227.6
20220905001002000_00001502.sum,2022-09-05T00:10:02.917,23.737887,98.246866,44.001,6.918,26.648,0.468,39,321.8
20220905001002000_00001562.sum,2022-09-05T00:10:01.586,23.783982,103.127239,21.754,2.160,3.758,0.360,42,175.7
20220905001002000_00001682.sum,2022-09-05T00:10:03.709,24.159512,98.282326,51.425,6.054,21.579,0.347,42,308.4
20220905001002000_00001742.sum,2022-09-05T00:10:01.385,24.205392,103.146194,15.633,1.191,3.843,0.398,42,54.0
20220905001002000_00001862.sum,2022-09-05T00:10:02.621,24.635050,98.741503,10.518,4.587,10.038,0.469,45,262.3
20220905001002000_00001922.sum,2022-09-05T00:10:01.537,24.660194,103.141388,26.073,1.863,3.617,0.277,22,45.6
20220905001002000_00001982.sum,2022-09-05T00:10:01.592,24.740440,103.283816,50.873,14.840,27.156,1.185,36,318.1
20220905001002000_00002042.sum,2022-09-05T00:10:02.450,25.100834,98.237800,35.215,7.089,25.794,0.306,40,279.8
20220905001002000_00002102.sum,2022-09-05T00:10:01.299,25.117088,102.153231,26.565,1.407,2.953,0.233,27,41.9
20220905001002000_00002162.sum,2022-09-05T00:10:02.637,25.082319,107.135018,40.340,9.892,35.286,0.368,40,314.6
20220905001002000_00002222.sum,,,,,,,,,
20220905001002000_00002282.sum,2022-09-05T00:10:01.467,25.568962,102.154846,16.048,1.854,8.505,0.359,24,76.8
20220905001002000_00002342.sum,2022-09-05T00:10:01.549,25.547850,106.152960,9.463,13.006,17.628,0.098,10,293.6
20220905001002000_00002462.sum,2022-09-05T00:10:01.732,26.013850,101.647766,5.088,1.055,4.190,0.527,42,37.2
20220905001002000_00002522.sum,2022-09-05T00:10:02.154,25.989235,106.096797,22.311,3.678,5.963,0.560,29,243.2
20220905001002000_00002642.sum,2022-09-05T00:10:01.234,26.458481,101.148693,22.857,1.433,4.531,0.465,40,32.4
20220905001002000_00002702.sum,2022-09-05T00:10:01.890,26.448717,105.634475,15.888,5.141,10.787,0.501,14,204.8
20220905001002000_00002822.sum,2022-09-05T00:10:01.422,26.896913,100.646669,21.955,1.954,9.697,0.329,18,61.9
20220905001002000_00002882.sum,2022-09-05T00:10:01.357,26.892544,105.177576,26.372,2.049,3.732,0.439,42,164.4
20220905001002000_00003002.sum,2022-09-05T00:10:01.177,27.342203,100.127581,16.246,1.681,5.313,0.492,43,95.6
20220905001002000_00003062.sum,2022-09-05T00:10:01.274,27.347783,105.173625,14.501,1.543,4.668,0.363,40,106.4
20220905001002000_00003182.sum,2022-09-05T00:10:01.534,27.806384,100.633632,21.501,1.302,4.669,0.393,34,50.8
20220905001002000_00003242.sum,2022-09-05T00:10:01.466,27.791173,105.695748,23.385,3.470,6.102,0.390,26,209.5
20220905001002000_00003362.sum,2022-09-05T00:10:01.353,28.256703,101.114068,12.813,2.329,5.096,0.418,20,89.8
20220905001002000_00003422.sum,2022-09-05T00:10:01.366,28.247215,105.720733,27.416,4.134,5.127,0.398,42,210.2
20220905001002000_00003542.sum,2022-09-05T00:10:01.295,28.698575,100.613735,10.766,1.189,3.194,0.369,41,32.7
20220905001002000_00003602.sum,2022-09-05T00:10:02.335,28.692165,106.177907,23.636,3.884,5.551,0.283,42,246.2
20220905001002000_00003722.sum,2022-09-05T00:10:01.351,29.166261,101.633972,16.974,2.218,10.262,0.402,16,78.3
20220905001002000_00003782.sum,2022-09-05T00:10:02.331,29.138057,106.718649,35.131,7.457,20.290,0.259,30,275.0
20220905001002000_00003902.sum,2022-09-05T00:10:02.304,29.612537,101.117348,10.479,1.632,10.138,0.531,25,49.9
20220905001002000_00003962.sum,2022-09-05T00:10:02.408,29.596100,106.228938,19.169,4.434,9.919,0.203,21,258.5
20220905001002000_00004082.sum,2022-09-05T00:10:01.605,30.075688,101.621382,20.370,1.875,6.522,0.304,17,57.5
20220905001002000_00004142.sum,2022-09-05T00:10:02.232,30.045480,106.200010,25.341,5.606,13.042,0.336,26,237.6
20220905001002000_00004262.sum,2022-09-05T00:10:01.264,30.523035,101.623019,21.926,1.241,4.826,0.299,36,48.9
20220905001002000_00004322.sum,2022-09-05T00:10:02.500,30.493419,106.802034,21.285,8.418,24.154,0.334,34,283.7
20220905001002000_00004382.sum,,,,,,,,,
20220905001002000_00004442.sum,2022-09-05T00:10:01.650,30.974552,102.141702,14.787,1.072,5.098,0.245,48,53.7
20220905001002000_00004502.sum,2022-09-05T00:10:03.058,30.949174,107.339479,41.593,13.497,36.128,0.334,23,319.4
20220905001002000_00004562.sum,,,,,,,,,
20220905001002000_00004622.sum,2022-09-05T00:10:01.389,31.421645,101.605227,9.692,1.497,5.166,0.317,46,112.6
20220905001002000_00004682.sum,2022-09-05T00:10:02.392,31.389527,106.296315,9.409,6.677,10.983,0.358,39,289.8
20220905001002000_00004802.sum,2022-09-05T00:10:01.762,31.841247,101.065194,22.227,7.206,20.087,0.366,18,235.1
20220905001002000_00004862.sum,2022-09-05T00:10:02.470,31.834763,105.825900,7.429,6.008,9.223,0.280,29,298.1
20220905001002000_00004982.sum,2022-09-05T00:10:02.037,32.270147,101.061865,14.244,3.993,11.725,0.323,44,238.5
20220905001002000_00005042.sum,2022-09-05T00:10:02.084,32.242492,106.368042,16.851,16.752,21.841,0.250,16,328.5
20220905001002000_00005162.sum,2022-09-05T00:09:50.787,29.205591,101.949129,40.199,44.788,57.098,1.857,14,312.4
20220905001002000_00005222.sum,2022-09-05T00:10:02.715,32.658820,105.884718,15.553,8.272,18.115,0.536,30,323.9
20220905001002000_00005342.sum,2022-09-05T00:10:05.828,33.052890,100.507990,45.466,10.582,34.879,0.419,27,320.2
20220905001002000_00005402.sum,2022-09-05T00:10:02.578,33.218953,105.386914,45.844,11.900,33.524,0.387,29,334.2
20220905001003000_00000783.sum,,,,,,,,,
20220905001003000_00000843.sum,,,,,,,,,
20220905001003000_00000963.sum,2022-09-05T00:10:03.232,22.377024,99.715022,38.776,12.706,33.488,0.372,15,319.2
20220905001003000_00001023.sum,2022-09-05T00:10:03.083,22.442126,104.096324,40.664,7.628,33.445,0.508,41,287.3
20220905001003000_00001143.sum,2022-09-05T00:10:02.900,22.877657,99.735585,12.249,6.178,9.755,0.267,26,302.9
20220905001003000_00001203.sum,2022-09-05T00:10:03.466,22.905730,104.097950,6.905,4.381,7.728,0.276,21,263.5
20220905001003000_00001323.sum,2022-09-05T00:10:03.820,23.305845,99.284118,16.343,11.396,17.486,0.467,14,311.6
20220905001003000_00001383.sum,2022-09-05T00:10:03.244,23.332000,103.623370,4.795,2.376,4.921,0.237,46,231.2
20220905001003000_00001503.sum,2022-09-05T00:10:03.490,23.694943,98.239375,22.696,8.791,28.368,0.453,39,318.5
20220905001003000_00001563.sum,2022-09-05T00:10:02.779,23.795285,103.129173,10.622,8.745,13.228,0.257,11,184.8
20220905001003000_00001683.sum,2022-09-05T00:10:03.033,24.179442,98.755103,19.677,4.916,8.086,0.408,34,283.7
20220905001003000_00001743.sum,2022-09-05T00:10:02.840,24.199220,103.146527,7.082,2.624,7.674,0.307,23,136.6
20220905001003000_00001863.sum,2022-09-05T00:10:03.977,24.637666,98.774286,13.011,4.886,11.248,0.413,37,263.3
20220905001003000_00001923.sum,2022-09-05T00:10:02.421,24.655762,103.166770,13.736,2.549,9.250,0.199,11,78.4
20220905001003000_00001983.sum,2022-09-05T00:10:04.311,24.628104,107.075782,41.215,20.739,33.328,0.325,28,316.4
20220905001003000_00002043.sum,2022-09-05T00:10:02.476,25.104174,98.147326,42.930,7.566,32.523,0.386,40,289.1
20220905001003000_00002103.sum,2022-09-05T00:10:02.987,25.105867,102.157881,9.220,1.444,8.167,0.386,32,65.8
20220905001003000_00002163.sum,2022-09-05T00:10:04.117,25.086694,107.130387,42.671,9.373,33.508,0.592,32,315.4
20220905001003000_00002223.sum,,,,,,,,,
20220905001003000_00002283.sum,2022-09-05T00:10:02.382,25.556708,102.145053,21.668,1.436,6.005,0.346,31,56.2
20220905001003000_00002343.sum,2022-09-05T00:10:02.675,25.535806,106.105501,21.295,3.766,4.725,0.541,29,247.0
20220905001003000_00002463.sum,2022-09-05T00:10:02.100,26.017710,101.658391,17.749,1.687,7.834,0.245,25,67.8
20220905001003000_00002523.sum,2022-09-05T00:10:02.911,25.999518,106.110141,20.619,3.181,3.945,0.561,44,236.4
20220905001003000_00002643.sum,2022-09-05T00:10:01.999,26.463938,101.162632,8.956,3.155,11.383,0.541,12,102.9
20220905001003000_00002703.sum,2022-09-05T00:10:02.901,26.444140,106.121012,12.335,2.785,6.858,0.461,38,245.8
20220905001003000_00002823.sum,2022-09-05T00:10:02.558,26.898802,100.644148,23.520,2.283,7.462,0.181,12,122.8
20220905001003000_00002883.sum,2022-09-05T00:10:02.368,26.895836,105.186797,26.527,2.425,4.090,0.326,29,163.5
20220905001003000_00003003.sum,2022-09-05T00:10:02.225,27.357651,100.634893,27.624,1.946,3.549,0.308,36,56.9
20220905001003000_00003063.sum,2022-09-05T00:10:02.867,27.345002,105.663505,13.868,3.584,12.093,0.405,23,211.3
20220905001003000_00003183.sum,2022-09-05T00:10:02.279,27.805533,100.623867,12.125,1.132,5.851,0.279,34,47.6
20220905001003000_00003243.sum,2022-09-05T00:10:02.563,27.792598,105.694122,27.073,3.924,5.904,0.307,26,214.0
20220905001003000_00003363.sum,2022-09-05T00:10:02.365,28.257351,101.122838,14.557,1.553,12.514,0.378,24,47.9
20220905001003000_00003423.sum,2022-09-05T00:10:02.699,28.251699,105.694843,12.803,3.357,4.435,0.293,27,217.7
20220905001003000_00003543.sum,2022-09-05T00:10:02.608,28.706942,101.119083,15.117,1.518,5.770,0.391,34,50.3
20220905001003000_00003603.sum,2022-09-05T00:10:03.136,28.684657,106.219361,6.724,4.469,7.626,0.519,20,237.2
20220905001003000_00003723.sum,2022-09-05T00:10:02.665,29.170296,101.631059,10.801,1.591,6.841,0.291,31,39.6
20220905001003000_00003783.sum,2022-09-05T00:10:03.559,29.135688,106.722128,12.875,6.153,14.520,0.402,46,269.4
20220905001003000_00003903.sum,2022-09-05T00:10:01.831,29.604267,101.613566,23.122,2.221,5.565,0.317,18,70.8
20220905001003000_00003963.sum,2022-09-05T00:10:03.421,29.603065,106.235425,12.280,3.243,6.622,0.461,39,242.7
20220905001003000_00004083.sum,2022-09-05T00:10:02.129,30.068875,101.623009,26.646,1.329,4.973,0.251,30,30.6
20220905001003000_00004143.sum,2022-09-05T00:10:03.075,30.044857,106.222145,25.714,2.883,6.506,0.287,46,241.9
20220905001003000_00004263.sum,2022-09-05T00:10:02.966,30.522981,101.616327,14.583,1.694,7.270,0.421,28,45.0
20220905001003000_00004323.sum,2022-09-05T00:10:03.359,30.492495,106.834104,11.810,7.646,17.690,0.262,25,274.8
20220905001003000_00004383.sum,,,,,,,,,
20220905001003000_00004443.sum,2022-09-05T00:10:02.215,30.959004,102.127126,27.565,5.683,19.049,0.533,13,67.3
20220905001003000_00004503.sum,2022-09-05T00:10:03.463,30.963062,107.459708,40.735,16.512,37.606,0.488,21,321.1
20220905001003000_00004563.sum,,,,,,,,,
20220905001003000_00004623.sum,2022-09-05T00:10:02.455,31.418280,101.614128,14.633,1.874,5.794,0.324,24,102.8
20220905001003000_00004683.sum,2022-09-05T00:10:02.671,31.401900,106.315499,16.005,6.312,11.007,0.536,35,288.8
20220905001003000_00004803.sum,2022-09-05T00:10:03.082,31.853022,101.062237,9.356,3.233,10.346,0.321,41,216.5
20220905001003000_00004863.sum,2022-09-05T00:10:03.515,31.824625,106.313724,24.698,3.604,6.494,0.421,45,310.1
20220905001003000_00004983.sum,2022-09-05T00:10:04.037,32.251363,101.047481,16.473,6.533,17.097,0.295,25,248.7
20220905001003000_00005043.sum,2022-09-05T00:10:03.609,32.283910,106.304995,14.168,9.633,20.565,0.349,20,321.3
20220905001003000_00005163.sum,2022-09-05T00:10:04.941,32.676910,101.044720,26.320,11.966,27.607,0.438,24,267.1
20220905001003000_00005223.sum,2022-09-05T00:10:03.332,32.667228,105.909774,20.383,7.999,17.571,0.338,42,322.7
20220905001003000_00005343.sum,2022-09-05T00:10:06.387,33.051832,100.469565,50.189,9.824,30.472,0.408,35,312.8
20220905001003000_00005403.sum,2022-09-05T00:10:03.372,33.209509,105.377743,36.765,13.706,39.897,0.425,38,330.8
20220905001004000_00000784.sum,,,,,,,,,
20220905001004000_00000844.sum,,,,,,,,,
20220905001004000_00000964.sum,2022-09-05T00:10:04.334,22.424143,99.739452,16.578,8.237,20.172,0.750,42,323.2
20220905001004000_00001024.sum,2022-09-05T00:10:04.261,22.352988,104.095738,31.343,12.317,37.746,0.288,21,299.9
20220905001004000_00001144.sum,2022-09-05T00:10:04.394,22.879940,99.730295,25.405,5.660,9.832,0.453,37,305.7
20220905001004000_00001204.sum,2022-09-05T00:10:05.169,22.885567,104.091884,47.160,7.280,27.341,0.233,15,267.4
20220905001004000_00001324.sum,2022-09-05T00:10:04.669,23.326929,99.267084,13.008,5.304,6.986,0.869,31,309.8
20220905001004000_00001384.sum,2022-09-05T00:10:03.864,23.328829,103.618146,13.226,4.080,7.777,0.222,23,217.6
20220905001004000_00001504.sum,2022-09-05T00:10:04.063,23.720750,98.742199,35.327,4.484,10.682,0.584,47,300.5
20220905001004000_00001564.sum,2022-09-05T00:10:03.733,23.753940,103.134145,3.929,2.797,4.160,0.301,25,183.6
20220905001004000_00001684.sum,2022-09-05T00:10:04.342,24.144981,98.762143,29.395,7.133,23.879,0.335,23,304.2
20220905001004000_00001744.sum,2022-09-05T00:10:03.349,24.223549,103.143290,9.280,2.212,6.469,0.487,20,146.9
20220905001004000_00001864.sum,2022-09-05T00:10:03.991,24.639018,98.717340,32.251,6.640,14.095,0.378,20,260.1
20220905001004000_00001924.sum,2022-09-05T00:10:03.444,24.671069,103.138487,15.074,1.357,5.823,0.308,28,54.3
20220905001004000_00001984.sum,2022-09-05T00:10:07.672,24.757618,103.591426,55.163,12.130,22.142,1.020,33,308.0
20220905001004000_00002044.sum,2022-09-05T00:10:03.574,25.086109,98.194766,32.468,7.688,24.366,0.323,39,285.5
20220905001004000_00002104.sum,2022-09-05T00:10:03.586,25.117160,102.652215,4.516,0.995,4.587,0.253,41,36.5
20220905001004000_00002164.sum,2022-09-05T00:10:04.663,25.107400,107.148763,41.424,12.450,34.833,0.246,23,318.6
20220905001004000_00002224.sum,,,,,,,,,
20220905001004000_00002284.sum,2022-09-05T00:10:03.483,25.564273,102.653178,18.515,1.366,4.543,0.516,30,47.4
20220905001004000_00002344.sum,2022-09-05T00:10:04.220,25.551972,106.616972,18.026,8.856,28.340,0.134,15,286.0
20220905001004000_00002464.sum,2022-09-05T00:10:03.571,26.006917,101.652547,3.993,1.228,3.758,0.384,49,37.6
20220905001004000_00002524.sum,2022-09-05T00:10:04.187,25.990261,106.092847,15.406,5.195,6.876,0.383,31,245.6
20220905001004000_00002644.sum,2022-09-05T00:10:03.025,26.449909,101.644903,28.948,2.578,15.009,0.498,21,71.6
20220905001004000_00002704.sum,2022-09-05T00:10:03.806,26.440068,106.116957,15.640,3.082,5.647,0.402,50,233.4
20220905001004000_00002824.sum,2022-09-05T00:10:03.229,26.907623,100.630910,18.982,1.638,4.004,0.562,47,56.9
20220905001004000_00002884.sum,2022-09-05T00:10:03.028,26.890708,105.168360,12.993,4.245,6.973,0.905,23,190.7
20220905001004000_00003004.sum,2022-09-05T00:10:03.413,27.357003,100.631841,16.838,1.581,4.806,0.279,28,79.2
20220905001004000_00003064.sum,2022-09-05T00:10:03.616,27.345786,105.658996,12.355,3.060,9.970,0.386,38,215.4
20220905001004000_00003184.sum,2022-09-05T00:10:03.862,27.802248,100.618862,6.134,1.288,6.330,0.335,34,42.5
20220905001004000_00003244.sum,2022-09-05T00:10:04.268,27.787784,105.642622,18.259,3.272,5.040,0.402,33,220.2
20220905001004000_00003364.sum,2022-09-05T00:10:03.558,28.258636,101.135407,18.542,1.463,8.547,0.385,31,62.8
20220905001004000_00003424.sum,2022-09-05T00:10:04.137,28.253624,105.685599,4.834,3.036,3.928,0.307,41,225.9
20220905001004000_00003544.sum,2022-09-05T00:10:03.496,28.713139,101.112269,7.562,1.183,3.423,0.198,26,53.6
20220905001004000_00003604.sum,2022-09-05T00:10:04.569,28.693752,106.179840,21.318,5.719,10.452,0.260,23,238.9
20220905001004000_00003724.sum,2022-09-05T00:10:03.711,29.170655,101.624050,3.212,1.208,3.516,0.304,35,30.6
20220905001004000_00003784.sum,2022-09-05T00:10:06.644,29.182576,107.267490,39.170,22.801,37.677,0.314,14,331.3
20220905001004000_00003904.sum,2022-09-05T00:10:03.475,29.615202,101.628445,17.693,1.405,9.823,0.489,31,36.0
20220905001004000_00003964.sum,2022-09-05T00:10:04.462,29.594580,106.237928,18.760,5.345,8.944,0.269,36,234.7
20220905001004000_00004084.sum,2022-09-05T00:10:03.634,30.073962,101.626533,2.832,3.062,3.794,0.270,13,103.1
20220905001004000_00004144.sum,2022-09-05T00:10:04.567,30.056029,106.229007,27.209,3.915,7.819,0.324,31,241.2
20220905001004000_00004264.sum,2022-09-05T00:10:03.270,30.515306,101.620923,13.394,2.116,7.208,0.318,15,63.4
20220905001004000_00004324.sum,2022-09-05T00:10:04.610,30.482225,107.377464,34.385,14.298,40.210,0.616,24,313.9
20220905001004000_00004384.sum,,,,,,,,,
20220905001004000_00004444.sum,2022-09-05T00:10:03.280,30.975565,102.658867,13.478,1.384,5.394,0.352,34,78.2
20220905001004000_00004504.sum,2022-09-05T00:10:05.304,30.968056,107.366209,45.391,12.841,32.350,0.161,23,323.3
20220905001004000_00004564.sum,,,,,,,,,
20220905001004000_00004624.sum,2022-09-05T00:10:03.218,31.416615,101.604740,24.302,1.331,4.072,0.307,36,112.9
20220905001004000_00004684.sum,2022-09-05T00:10:04.246,31.384115,106.285504,21.923,5.413,9.277,0.880,31,300.2
20220905001004000_00004804.sum,2022-09-05T00:10:03.759,31.839901,101.593655,24.643,4.644,13.332,0.306,25,217.2
20220905001004000_00004864.sum,2022-09-05T00:10:04.743,31.802798,106.288249,17.278,11.625,20.655,0.315,17,316.0
20220905001004000_00004984.sum,2022-09-05T00:10:04.446,32.247223,101.052967,26.994,7.026,12.469,0.154,26,244.7
20220905001004000_00005044.sum,2022-09-05T00:10:04.637,32.283464,106.336579,17.519,8.711,16.833,0.294,36,322.1
20220905001004000_00005164.sum,2022-09-05T00:10:06.459,32.646970,101.023866,35.606,13.365,28.426,0.642,24,276.9
20220905001004000_00005224.sum,2022-09-05T00:10:04.443,32.680796,105.952103,12.704,9.725,16.671,0.406,22,326.4
20220905001004000_00005344.sum,2022-09-05T00:10:07.226,33.065206,100.484711,49.726,8.937,32.077,0.448,42,319.0
20220905001004000_00005404.sum,2022-09-05T00:10:04.091,33.224815,105.336759,36.470,13.277,39.723,0.452,37,335.4
20220905001005000_00000785.sum,,,,,,,,,
20220905001005000_00000845.sum,,,,,,,,,
20220905001005000_00000965.sum,2022-09-05T00:10:05.574,22.400938,99.732093,36.679,8.431,29.776,0.363,38,318.9
20220905001005000_00001025.sum,2022-09-05T00:10:05.049,22.400590,104.089154,17.432,9.608,32.567,0.377,32,288.5
20220905001005000_00001145.sum,2022-09-05T00:10:05.635,22.860769,99.756358,46.262,5.705,20.949,0.511,28,301.2
20220905001005000_00001205.sum,2022-09-05T00:10:05.356,22.894366,104.108005,7.705,3.300,6.574,0.767,38,265.5
20220905001005000_00001325.sum,2022-09-05T00:10:05.372,23.308552,99.283772,29.271,9.486,11.814,0.179,24,303.3
20220905001005000_00001385.sum,2022-09-05T00:10:04.915,23.329178,104.113613,10.827,4.362,5.697,0.254,33,249.2
20220905001005000_00001505.sum,2022-09-05T00:10:05.193,23.685207,98.756021,41.656,5.944,16.353,0.268,30,313.0
20220905001005000_00001565.sum,2022-09-05T00:10:04.535,23.770150,103.626767,23.134,3.340,5.008,0.365,27,180.5
20220905001005000_00001685.sum,2022-09-05T00:10:05.959,24.146323,98.722694,18.740,9.523,25.935,0.191,11,295.4
20220905001005000_00001745.sum,2022-09-05T00:10:04.293,24.204686,103.145102,13.776,1.038,4.176,0.368,39,51.2
20220905001005000_00001865.sum,2022-09-05T00:10:04.506,24.636585,98.733893,9.627,5.638,11.370,0.285,15,279.4
20220905001005000_00001925.sum,2022-09-05T00:10:04.132,24.653177,103.146205,18.571,1.204,3.177,0.408,41,41.2
20220905001005000_00002045.sum,2022-09-05T00:10:04.731,25.081481,98.162660,27.389,13.283,33.660,0.296,19,289.6
20220905001005000_00002105.sum,2022-09-05T00:10:04.425,25.112608,102.651894,8.658,1.974,8.684,0.319,16,53.6
20220905001005000_00002165.sum,2022-09-05T00:10:04.837,25.025228,107.085093,34.757,18.044,39.039,0.441,15,314.0
20220905001005000_00002225.sum,,,,,,,,,
20220905001005000_00002285.sum,2022-09-05T00:10:04.386,25.562181,102.646134,20.197,1.509,4.842,0.607,37,55.8
20220905001005000_00002345.sum,2022-09-05T00:10:04.961,25.542256,106.595970,5.170,5.897,7.573,0.431,29,265.3
20220905001005000_00002465.sum,2022-09-05T00:10:04.688,26.003657,101.657391,4.923,1.678,7.346,0.278,22,76.9
20220905001005000_00002525.sum,2022-09-05T00:10:05.236,25.999731,106.110316,6.948,3.981,7.898,0.872,25,249.1
20220905001005000_00002645.sum,2022-09-05T00:10:04.486,26.461725,101.643753,24.367,1.421,4.719,0.342,35,37.8
20220905001005000_00002705.sum,2022-09-05T00:10:05.202,26.446585,106.116140,11.057,3.078,8.992,0.318,41,250.1
20220905001005000_00002825.sum,2022-09-05T00:10:04.211,26.902443,100.639223,5.073,1.989,10.613,0.382,20,62.2
20220905001005000_00002885.sum,2022-09-05T00:10:04.390,26.901723,105.167612,14.420,2.880,6.144,0.247,16,160.3
20220905001005000_00003005.sum,2022-09-05T00:10:04.567,27.361297,100.622308,3.571,1.498,4.210,0.189,23,114.9
20220905001005000_00003065.sum,2022-09-05T00:10:04.675,27.341833,105.660536,14.857,2.587,6.875,0.454,47,205.9
20220905001005000_00003185.sum,2022-09-05T00:10:04.360,27.816272,101.128408,11.957,1.006,2.813,0.377,43,23.2
20220905001005000_00003245.sum,2022-09-05T00:10:04.752,27.791116,105.668790,27.803,2.443,3.456,0.345,40,208.9
20220905001005000_00003365.sum,2022-09-05T00:10:04.622,28.254090,101.123758,23.604,1.414,6.985,0.393,30,40.4
20220905001005000_00003425.sum,2022-09-05T00:10:05.388,28.241610,106.156427,28.338,6.008,9.360,0.229,28,240.8
20220905001005000_00003545.sum,2022-09-05T00:10:04.271,28.703806,101.116048,18.211,1.883,8.466,0.382,26,57.6
20220905001005000_00003605.sum,2022-09-05T00:10:05.040,28.694481,106.207831,21.459,4.064,10.863,0.348,29,256.2
20220905001005000_00003725.sum,2022-09-05T00:10:04.585,29.166441,101.634101,18.057,1.269,6.778,0.494,43,40.9
20220905001005000_00003785.sum,2022-09-05T00:10:03.569,29.305422,103.313130,47.652,20.541,30.906,1.149,12,320.2
20220905001005000_00003905.sum,2022-09-05T00:10:04.510,29.619686,101.627121,24.770,1.563,5.483,0.417,34,40.9
20220905001005000_00003965.sum,2022-09-05T00:10:06.081,29.595123,106.153809,32.219,6.545,9.482,0.277,31,245.7
20220905001005000_00004085.sum,2022-09-05T00:10:04.550,30.061850,101.616557,22.255,1.973,10.139,0.292,18,66.6
20220905001005000_00004145.sum,2022-09-05T00:10:05.323,30.041447,106.215291,29.223,3.164,6.097,0.346,43,239.4
20220905001005000_00004265.sum,2022-09-05T00:10:04.532,30.507654,101.622827,25.670,1.114,4.320,0.246,46,37.1
20220905001005000_00004325.sum,2022-09-05T00:10:04.125,30.482222,103.423007,39.308,17.901,39.533,0.934,18,319.2
20220905001005000_00004385.sum,2022-09-05T00:10:07.149,30.937155,98.078584,39.199,23.048,39.741,0.332,12,305.2
20220905001005000_00004445.sum,2022-09-05T00:10:04.460,30.977292,102.667435,3.218,1.039,2.472,0.418,50,52.1
20220905001005000_00004505.sum,2022-09-05T00:10:06.223,30.956918,107.397639,43.687,9.472,33.420,0.398,47,320.8
20220905001005000_00004565.sum,,,,,,,,,
20220905001005000_00004625.sum,2022-09-05T00:10:04.336,31.424540,101.610093,18.551,2.246,4.861,0.432,26,147.6
20220905001005000_00004685.sum,2022-09-05T00:10:05.402,31.395183,106.844672,12.047,10.378,18.073,0.334,26,310.7
20220905001005000_00004805.sum,2022-09-05T00:10:04.882,31.837116,101.603354,21.954,3.234,12.620,0.331,36,216.6
20220905001005000_00004865.sum,2022-09-05T00:10:05.202,31.820751,106.314749,22.189,4.948,8.538,0.318,36,305.5
20220905001005000_00004985.sum,2022-09-05T00:10:05.275,32.251195,101.585028,14.146,4.811,14.573,0.295,45,247.6
20220905001005000_00005045.sum,2022-09-05T00:10:05.357,32.235797,106.360958,26.890,5.363,11.554,0.304,40,319.0
20220905001005000_00005165.sum,2022-09-05T00:10:07.320,32.670292,101.573509,36.805,12.880,34.421,0.768,19,277.3
20220905001005000_00005225.sum,2022-09-05T00:10:05.603,32.675121,105.915029,12.318,8.697,17.169,0.334,32,322.2
20220905001005000_00005345.sum,2022-09-05T00:10:08.991,33.012476,100.954356,51.354,11.901,30.996,0.270,24,320.0
20220905001005000_00005405.sum,2022-09-05T00:10:05.247,33.230257,105.372174,34.864,17.002,41.314,0.503,31,336.8
20220905001006000_00000786.sum,,,,,,,,,
20220905001006000_00000846.sum,,,,,,,,,
20220905001006000_00000966.sum,2022-09-05T00:10:05.956,22.358372,99.709713,17.845,10.454,30.144,0.352,33,326.3
20220905001006000_00001026.sum,2022-09-05T00:10:06.565,22.421607,104.102281,45.170,7.171,29.198,0.406,32,302.7
20220905001006000_00001146.sum,2022-09-05T00:10:06.165,22.859661,100.217317,5.718,3.181,6.452,0.462,48,276.2
20220905001006000_00001206.sum,2022-09-05T00:10:06.492,22.901644,104.106361,7.253,4.919,8.852,0.272,22,275.0
20220905001006000_00001326.sum,2022-09-05T00:10:06.100,23.277218,99.257668,33.680,4.383,7.448,0.341,36,313.6
20220905001006000_00001386.sum,2022-09-05T00:10:05.805,23.321577,104.093379,13.462,4.863,7.182,0.343,25,225.3
20220905001006000_00001506.sum,2022-09-05T00:10:06.484,23.713770,98.775172,39.608,5.811,20.272,0.545,24,304.2
20220905001006000_00001566.sum,2022-09-05T00:10:05.418,23.745233,103.626277,27.537,3.480,4.335,0.215,28,184.0
20220905001006000_00001686.sum,2022-09-05T00:10:06.358,24.164155,98.762481,24.649,7.559,13.769,0.267,16,291.7
20220905001006000_00001746.sum,2022-09-05T00:10:05.415,24.227536,103.139406,26.125,2.142,3.544,0.414,22,76.5
20220905001006000_00001866.sum,2022-09-05T00:10:06.141,24.635490,99.226645,18.125,3.900,6.602,0.400,33,269.6
20220905001006000_00001926.sum,2022-09-05T00:10:05.337,24.665975,103.147317,13.662,1.793,5.552,0.425,29,51.8
20220905001006000_00002046.sum,2022-09-05T00:10:06.872,25.089151,98.254508,15.665,5.966,17.806,0.272,35,300.5
20220905001006000_00002106.sum,2022-09-05T00:10:05.412,25.117924,102.648456,12.415,1.467,4.875,0.414,35,65.4
20220905001006000_00002166.sum,2022-09-05T00:10:07.020,25.078709,107.201291,39.434,10.878,36.625,0.418,37,316.3
20220905001006000_00002226.sum,,,,,,,,,
20220905001006000_00002286.sum,2022-09-05T00:10:05.452,25.557071,102.653381,9.385,2.094,9.215,0.229,22,69.3
20220905001006000_00002346.sum,2022-09-05T00:10:06.109,25.532002,106.646887,44.599,11.619,29.069,0.183,9,281.3
20220905001006000_00002466.sum,2022-09-05T00:10:05.048,26.014304,101.659376,23.995,1.843,8.698,0.420,29,44.7
20220905001006000_00002526.sum,2022-09-05T00:10:06.263,26.001917,106.121186,11.749,4.255,8.489,0.341,30,236.1
20220905001006000_00002646.sum,2022-09-05T00:10:05.592,26.463162,101.645942,3.891,1.423,3.933,0.288,29,64.6
20220905001006000_00002706.sum,2022-09-05T00:10:07.124,26.459255,106.069594,31.608,15.468,19.335,0.166,10,258.3
20220905001006000_00002826.sum,2022-09-05T00:10:05.471,26.903215,100.646432,2.449,1.199,3.878,0.357,37,41.8
20220905001006000_00002886.sum,2022-09-05T00:10:06.156,26.895164,105.647341,9.974,4.398,13.242,0.343,24,213.8
20220905001006000_00003006.sum,2022-09-05T00:10:05.328,27.352688,100.625070,11.980,1.636,3.426,0.321,25,53.3
20220905001006000_00003066.sum,2022-09-05T00:10:05.699,27.339235,105.666370,15.911,3.633,5.951,0.310,32,216.3
20220905001006000_00003186.sum,2022-09-05T00:10:05.476,27.816016,101.133848,24.739,1.440,4.505,0.275,34,39.7
20220905001006000_00003246.sum,2022-09-05T00:10:06.180,27.788772,106.151445,23.386,5.274,7.697,0.266,28,254.7
20220905001006000_00003366.sum,2022-09-05T00:10:05.156,28.261933,101.122081,19.587,1.640,5.194,0.501,25,44.2
20220905001006000_00003426.sum,2022-09-05T00:10:06.500,28.244378,106.213473,10.874,3.895,8.818,0.416,34,240.5
20220905001006000_00003546.sum,2022-09-05T00:10:05.900,28.717184,101.121573,21.077,1.758,4.229,0.305,21,55.5
20220905001006000_00003606.sum,2022-09-05T00:10:05.833,28.688695,106.209835,20.133,7.511,14.160,0.238,14,239.4
20220905001006000_00003726.sum,2022-09-05T00:10:05.269,29.155644,102.150109,28.895,1.456,3.899,0.274,31,39.4
20220905001006000_00003786.sum,2022-09-05T00:10:06.422,29.130843,107.359403,32.209,15.818,39.666,0.436,21,316.7
20220905001006000_00003846.sum,,,,,,,,,
20220905001006000_00003906.sum,2022-09-05T00:10:05.432,29.616142,101.604255,24.498,7.568,22.172,0.169,9,147.9
20220905001006000_00003966.sum,2022-09-05T00:10:06.295,29.606394,106.723615,23.605,7.720,21.503,0.389,25,280.4
20220905001006000_00004086.sum,2022-09-05T00:10:05.611,30.073082,101.610851,5.112,1.342,4.724,0.369,26,80.8
20220905001006000_00004146.sum,2022-09-05T00:10:06.599,30.040918,106.250163,6.963,5.535,8.519,0.267,35,235.2
20220905001006000_00004266.sum,2022-09-05T00:10:05.334,30.517022,101.620469,14.851,1.281,8.190,0.467,30,34.0
20220905001006000_00004326.sum,2022-09-05T00:10:06.919,30.501294,107.356748,41.377,10.102,35.746,0.486,34,318.6
20220905001006000_00004386.sum,2022-09-05T00:10:07.055,30.935405,98.053386,28.187,8.206,28.260,0.412,40,302.0
20220905001006000_00004446.sum,2022-09-05T00:10:05.238,30.981427,102.668094,26.599,2.150,3.915,0.398,25,91.4
20220905001006000_00004506.sum,2022-09-05T00:10:07.194,30.979051,107.388850,42.411,10.084,34.629,0.342,46,323.5
20220905001006000_00004566.sum,,,,,,,,,
20220905001006000_00004626.sum,2022-09-05T00:10:05.227,31.414688,102.132235,29.193,2.208,6.761,0.401,32,168.9
20220905001006000_00004686.sum,2022-09-05T00:10:06.716,31.381035,106.745857,25.392,8.813,20.938,0.325,20,308.3
20220905001006000_00004806.sum,2022-09-05T00:10:05.640,31.851463,101.596724,19.487,3.024,9.764,0.369,42,204.9
20220905001006000_00004866.sum,2022-09-05T00:10:06.258,31.838741,106.318904,14.053,10.015,16.607,0.401,17,324.9
20220905001006000_00004986.sum,2022-09-05T00:10:06.403,32.260059,101.573704,19.911,8.074,21.992,0.301,18,250.1
20220905001006000_00005046.sum,2022-09-05T00:10:06.258,32.260681,106.358237,24.362,9.959,22.549,0.520,30,321.6
20220905001006000_00005166.sum,2022-09-05T00:10:06.786,32.701471,101.586595,20.920,8.412,22.436,0.346,26,293.7
20220905001006000_00005226.sum,2022-09-05T00:10:06.380,32.659819,105.915269,12.152,6.650,15.105,0.598,46,321.8
20220905001006000_00005346.sum,2022-09-05T00:10:09.996,33.010739,101.011125,50.559,12.149,30.682,0.560,28,314.3
20220905001006000_00005406.sum,2022-09-05T00:10:06.404,33.217028,105.456130,23.673,15.142,40.143,0.488,33,330.9
20220905001007000_00000787.sum,,,,,,,,,
20220905001007000_00000847.sum,,,,,,,,,
20220905001007000_00000967.sum,2022-09-05T00:10:07.076,22.365149,99.768662,34.651,8.438,29.705,0.268,34,321.5
20220905001007000_00001027.sum,2022-09-05T00:10:07.084,22.430355,104.105898,8.598,6.150,14.520,0.232,26,293.3
20220905001007000_00001147.sum,2022-09-05T00:10:07.116,22.867423,100.203518,30.779,6.321,19.886,0.378,20,293.5
20220905001007000_00001207.sum,2022-09-05T00:10:06.892,22.873325,104.097703,8.332,4.113,5.578,0.398,38,265.4
20220905001007000_00001327.sum,2022-09-05T00:10:07.109,23.300374,99.260126,18.121,5.073,7.331,0.275,27,310.7
20220905001007000_00001387.sum,2022-09-05T00:10:06.997,23.330451,104.099922,27.416,3.880,5.235,0.607,27,225.3
20220905001007000_00001507.sum,2022-09-05T00:10:07.746,23.726585,98.784916,20.910,5.244,8.752,1.033,31,301.8
20220905001007000_00001567.sum,2022-09-05T00:10:06.473,23.752025,103.638037,7.622,3.345,8.862,0.279,15,192.5
20220905001007000_00001687.sum,2022-09-05T00:10:06.930,24.163809,98.724888,6.664,4.509,7.702,0.428,30,287.0
20220905001007000_00001747.sum,2022-09-05T00:10:06.520,24.215835,103.140346,13.673,1.865,3.845,0.305,27,87.4
20220905001007000_00001867.sum,2022-09-05T00:10:06.612,24.636357,99.205665,15.288,4.748,10.651,0.318,24,227.9
20220905001007000_00001927.sum,2022-09-05T00:10:06.289,24.652424,103.632859,15.277,1.671,5.579,0.360,28,63.8
20220905001007000_00002047.sum,2022-09-05T00:10:07.442,25.095606,98.178521,25.991,19.296,33.940,0.335,13,295.7
20220905001007000_00002107.sum,2022-09-05T00:10:06.417,25.114703,102.647811,6.253,1.182,4.874,0.301,31,52.3
20220905001007000_00002227.sum,2022-09-05T00:10:06.876,25.523518,98.201686,18.087,7.566,28.753,0.372,26,292.6
20220905001007000_00002287.sum,2022-09-05T00:10:06.630,25.561774,102.649784,3.690,1.061,3.000,0.349,44,35.0
20220905001007000_00002347.sum,2022-09-05T00:10:06.914,25.544829,106.619969,24.870,7.177,21.879,0.280,29,280.6
20220905001007000_00002467.sum,2022-09-05T00:10:06.602,26.006313,102.136137,21.355,2.166,10.164,0.401,19,67.6
20220905001007000_00002527.sum,2022-09-05T00:10:07.147,25.993075,106.625713,4.912,5.539,7.830,0.322,35,274.5
20220905001007000_00002647.sum,2022-09-05T00:10:06.190,26.459500,101.638822,22.640,1.397,6.039,0.387,43,33.3
20220905001007000_00002707.sum,2022-09-05T00:10:06.747,26.425967,106.133873,19.149,3.445,6.082,0.281,40,253.0
20220905001007000_00002827.sum,2022-09-05T00:10:06.215,26.906135,100.636213,24.205,1.378,5.261,0.263,23,51.8
20220905001007000_00002887.sum,2022-09-05T00:10:07.118,26.889673,105.646085,3.783,2.439,4.000,0.477,41,216.7
20220905001007000_00003007.sum,2022-09-05T00:10:06.066,27.366213,100.649226,17.584,8.140,21.576,0.577,10,112.5
20220905001007000_00003067.sum,2022-09-05T00:10:06.675,27.346700,105.675372,4.844,3.005,4.839,0.320,38,207.8
20220905001007000_00003187.sum,2022-09-05T00:10:06.705,27.809536,101.135619,8.929,2.538,11.824,0.484,18,76.4
20220905001007000_00003247.sum,2022-09-05T00:10:07.413,27.795252,106.147418,23.985,4.513,8.327,0.287,26,246.4
20220905001007000_00003367.sum,2022-09-05T00:10:06.446,28.263914,101.625914,11.227,1.123,2.217,0.237,34,68.1
20220905001007000_00003427.sum,2022-09-05T00:10:06.992,28.250199,106.200272,8.935,3.619,6.596,0.281,39,234.8
20220905001007000_00003547.sum,2022-09-05T00:10:06.396,28.713185,101.120497,1.208,0.951,1.558,0.229,41,35.0
20220905001007000_00003607.sum,2022-09-05T00:10:07.149,28.691456,106.744859,8.185,5.250,10.806,0.371,40,281.7
20220905001007000_00003727.sum,2022-09-05T00:10:06.322,29.174443,102.149468,21.516,1.634,4.142,0.302,22,50.9
20220905001007000_00003787.sum,2022-09-05T00:10:07.933,29.101437,107.409335,36.120,13.887,37.905,0.346,27,318.8
20220905001007000_00003847.sum,,,,,,,,,
20220905001007000_00003907.sum,2022-09-05T00:10:06.447,29.618770,101.631768,13.969,2.393,7.787,0.322,20,97.9
20220905001007000_00003967.sum,2022-09-05T00:10:07.174,29.608236,106.792644,9.938,8.403,16.689,0.382,27,273.9
20220905001007000_00004087.sum,2022-09-05T00:10:06.393,30.067782,102.139129,28.092,1.663,4.788,0.526,41,29.1
20220905001007000_00004147.sum,2022-09-05T00:10:07.588,30.050797,106.216557,24.469,4.938,10.135,0.386,28,249.0
20220905001007000_00004267.sum,2022-09-05T00:10:06.644,30.527811,101.618167,15.624,1.749,14.343,0.290,20,67.3
20220905001007000_00004327.sum,2022-09-05T00:10:08.939,30.489223,107.405299,42.039,11.980,35.128,0.313,28,317.1
20220905001007000_00004387.sum,2022-09-05T00:10:07.508,30.952534,98.030602,31.588,11.658,35.306,0.125,10,322.1
20220905001007000_00004447.sum,2022-09-05T00:10:06.726,30.976165,102.670396,4.563,1.638,4.390,0.527,35,46.4
20220905001007000_00004567.sum,,,,,,,,,
20220905001007000_00004627.sum,2022-09-05T00:10:06.134,31.424729,102.136194,23.392,1.968,3.391,0.485,39,173.0
20220905001007000_00004687.sum,2022-09-05T00:10:07.649,31.360300,106.732367,17.313,9.882,20.071,0.416,25,303.0
20220905001007000_00004807.sum,2022-09-05T00:10:06.790,31.840505,101.596607,15.199,2.853,8.775,0.536,37,212.3
20220905001007000_00004867.sum,2022-09-05T00:10:07.343,31.854675,106.314598,9.006,10.024,15.607,0.335,22,314.4
20220905001007000_00004987.sum,2022-09-05T00:10:07.306,32.251786,101.580329,16.648,6.657,18.075,0.286,22,277.7
20220905001007000_00005047.sum,2022-09-05T00:10:07.779,32.272164,106.840171,31.040,14.292,33.917,0.509,30,340.4
20220905001007000_00005167.sum,2022-09-05T00:10:07.426,32.706032,101.582546,23.143,9.700,26.483,0.436,24,273.7
20220905001007000_00005227.sum,2022-09-05T00:10:07.421,32.667196,105.942126,13.536,12.728,17.047,0.433,28,322.7
20220905001007000_00005347.sum,2022-09-05T00:10:09.956,33.071628,100.996548,51.901,8.641,23.945,0.388,41,320.5
20220905001007000_00005407.sum,2022-09-05T00:10:07.502,32.624881,105.948909,40.943,227.215,281.496,0.368,11,347.8
20220905001008000_00000788.sum,,,,,,,,,
20220905001008000_00000848.sum,,,,,,,,,
20220905001008000_00000968.sum,2022-09-05T00:10:07.322,22.368242,99.653306,23.619,20.386,40.966,1.384,14,323.2
20220905001008000_00001028.sum,2022-09-05T00:10:08.625,22.399093,104.596220,28.368,9.786,37.645,0.923,20,303.6
20220905001008000_00001148.sum,2022-09-05T00:10:07.912,22.866394,100.217126,18.629,6.919,15.857,0.414,19,295.6
20220905001008000_00001208.sum,2022-09-05T00:10:08.103,22.877870,104.594940,5.060,6.590,8.249,0.618,19,298.7
20220905001008000_00001328.sum,2022-09-05T00:10:08.034,23.305388,99.727324,5.885,5.070,7.133,0.371,35,290.2
20220905001008000_00001388.sum,2022-09-05T00:10:08.321,23.344946,104.120373,3.703,4.877,6.222,0.255,29,233.5
20220905001008000_00001508.sum,2022-09-05T00:10:08.429,23.719761,98.787044,17.926,5.070,7.738,0.393,28,313.5
20220905001008000_00001568.sum,2022-09-05T00:10:07.966,23.763166,103.624754,5.759,2.341,4.494,0.309,41,187.3
20220905001008000_00001688.sum,2022-09-05T00:10:08.058,24.149491,98.732763,31.770,10.637,21.548,0.302,12,300.7
20220905001008000_00001748.sum,2022-09-05T00:10:07.334,24.214410,103.138729,7.560,1.712,5.730,0.274,22,83.8
20220905001008000_00001868.sum,2022-09-05T00:10:07.882,24.648146,99.209557,11.935,4.803,11.033,0.448,19,246.5
20220905001008000_00001928.sum,2022-09-05T00:10:07.493,24.647321,103.653074,11.732,1.627,7.792,0.301,20,52.8
20220905001008000_00002048.sum,2022-09-05T00:10:07.946,25.089647,98.164281,28.859,7.154,24.812,0.326,39,285.5
20220905001008000_00002108.sum,2022-09-05T00:10:07.354,25.111008,102.646986,24.566,1.471,4.742,0.555,33,45.7
20220905001008000_00002228.sum,2022-09-05T00:10:07.552,25.542969,98.172451,23.465,9.116,32.807,0.415,26,298.5
20220905001008000_00002288.sum,2022-09-05T00:10:07.445,25.565826,102.649727,26.203,1.360,3.996,0.326,32,50.2
20220905001008000_00002348.sum,2022-09-05T00:10:08.610,25.536268,106.631982,40.678,6.397,24.118,0.357,35,276.2
20220905001008000_00002468.sum,2022-09-05T00:10:07.705,26.012845,102.156654,6.676,1.276,6.417,0.606,36,46.1
20220905001008000_00002528.sum,2022-09-05T00:10:08.180,25.994739,106.677067,39.692,6.402,23.375,0.450,45,274.7
20220905001008000_00002648.sum,2022-09-05T00:10:07.527,26.462389,101.648372,15.854,2.104,6.007,0.425,26,51.8
20220905001008000_00002708.sum,2022-09-05T00:10:08.360,26.435272,106.101891,21.110,7.353,11.850,0.268,18,238.0
20220905001008000_00002828.sum,2022-09-05T00:10:07.506,26.897146,100.646000,11.267,1.465,8.707,0.330,34,43.4
20220905001008000_00002888.sum,2022-09-05T00:10:08.045,26.896460,105.651357,4.596,2.457,4.062,0.195,32,218.2
20220905001008000_00003008.sum,2022-09-05T00:10:07.376,27.356457,100.635424,14.884,1.246,4.449,0.214,30,49.8
20220905001008000_00003068.sum,2022-09-05T00:10:07.946,27.341224,106.149802,12.421,3.245,9.306,0.235,37,236.8
20220905001008000_00003188.sum,2022-09-05T00:10:07.667,27.809698,101.123748,18.308,1.624,9.189,0.342,24,58.8
20220905001008000_00003248.sum,2022-09-05T00:10:08.234,27.793925,106.154547,12.413,4.094,11.090,0.256,25,274.9
20220905001008000_00003368.sum,2022-09-05T00:10:07.534,28.270834,101.626840,18.073,1.362,8.742,0.238,23,42.6
20220905001008000_00003428.sum,2022-09-05T00:10:08.049,28.233539,106.171047,27.186,4.421,5.674,0.462,31,250.5
20220905001008000_00003548.sum,2022-09-05T00:10:07.491,28.708939,101.115296,20.824,1.660,3.739,0.306,33,49.5
20220905001008000_00003608.sum,2022-09-05T00:10:08.611,28.706409,106.730233,21.149,8.281,27.977,0.264,14,294.1
20220905001008000_00003728.sum,2022-09-05T00:10:07.137,29.170445,102.128018,25.194,1.642,9.218,0.203,22,64.8
20220905001008000_00003788.sum,2022-09-05T00:10:08.643,29.305787,103.348279,45.744,24.427,34.071,1.204,21,314.2
20220905001008000_00003848.sum,,,,,,,,,
20220905001008000_00003908.sum,2022-09-05T00:10:07.345,29.622609,101.624758,25.013,1.329,4.073,0.346,35,50.8
20220905001008000_00003968.sum,2022-09-05T00:10:08.569,29.596621,106.758396,24.629,4.222,11.368,0.339,47,276.4
20220905001008000_00004088.sum,2022-09-05T00:10:07.747,30.077773,102.137516,6.949,1.409,9.162,0.262,33,44.5
20220905001008000_00004148.sum,2022-09-05T00:10:07.927,30.051948,106.768044,32.159,6.521,26.960,0.641,27,271.2
20220905001008000_00004268.sum,2022-09-05T00:10:07.350,30.519325,102.131547,22.880,1.916,5.845,0.669,33,70.1
20220905001008000_00004328.sum,2022-09-05T00:10:09.023,30.498001,107.354043,42.971,11.030,34.923,0.233,20,318.8
20220905001008000_00004388.sum,2022-09-05T00:10:09.662,30.949795,98.073929,26.449,9.127,28.779,0.337,20,305.8
20220905001008000_00004448.sum,2022-09-05T00:10:07.318,30.973294,102.668053,18.120,1.617,4.410,0.586,30,66.8
20220905001008000_00004568.sum,,,,,,,,,
20220905001008000_00004628.sum,2022-09-05T00:10:07.335,31.421213,102.139478,25.442,1.465,2.822,0.611,42,101.7
20220905001008000_00004688.sum,2022-09-05T00:10:08.551,31.407114,106.846670,25.512,13.375,35.370,0.287,20,309.3
20220905001008000_00004808.sum,2022-09-05T00:10:07.815,31.862737,101.591063,4.033,3.514,7.125,0.315,39,209.6
20220905001008000_00004868.sum,2022-09-05T00:10:08.410,31.839825,106.322950,16.286,6.007,10.381,0.312,37,313.9
20220905001008000_00004988.sum,2022-09-05T00:10:08.447,32.263427,101.589058,17.095,3.506,11.216,0.404,44,246.8
20220905001008000_00005048.sum,2022-09-05T00:10:09.286,32.310860,106.817465,21.005,24.622,38.750,0.468,21,345.7
20220905001008000_00005168.sum,2022-09-05T00:10:09.864,32.671976,101.580830,26.806,9.414,28.621,0.323,21,287.1
20220905001008000_00005228.sum,2022-09-05T00:10:08.739,32.650157,105.928996,20.080,28.895,35.798,0.260,21,328.7
20220905001008000_00005348.sum,2022-09-05T00:10:11.602,33.040747,101.002465,49.767,9.922,25.943,0.345,32,312.0
20220905001008000_00005408.sum,2022-09-05T00:10:08.033,33.187980,105.981299,38.332,24.613,38.929,0.395,28,346.4
20220905001009000_00000789.sum,,,,,,,,,
20220905001009000_00000849.sum,,,,,,,,,
20220905001009000_00000969.sum,2022-09-05T00:10:09.208,22.397385,99.740866,44.392,6.849,26.415,0.409,48,323.9
20220905001009000_00001029.sum,2022-09-05T00:10:09.563,22.448823,104.540289,41.718,7.582,30.027,0.319,27,300.9
20220905001009000_00001149.sum,2022-09-05T00:10:09.073,22.852751,100.210506,6.330,5.990,8.272,0.304,25,298.1
20220905001009000_00001209.sum,2022-09-05T00:10:09.099,22.866564,104.580030,37.876,4.701,17.709,0.777,45,271.1
20220905001009000_00001329.sum,2022-09-05T00:10:08.927,23.308860,99.738011,12.207,6.716,9.821,0.158,16,289.4
20220905001009000_00001389.sum,2022-09-05T00:10:09.316,23.355132,104.113473,17.569,4.179,5.958,0.450,32,228.3
20220905001009000_00001509.sum,2022-09-05T00:10:09.258,23.721428,99.233851,9.436,4.143,9.826,0.198,16,297.4
20220905001009000_00001569.sum,2022-09-05T00:10:08.779,23.760927,103.630909,4.573,2.179,4.060,0.221,28,189.8
20220905001009000_00001689.sum,2022-09-05T00:10:08.527,24.146904,98.708126,29.302,7.900,29.273,0.218,15,290.0
20220905001009000_00001749.sum,2022-09-05T00:10:08.418,24.200843,103.630752,2.432,1.441,3.331,0.467,29,93.3
20220905001009000_00001869.sum,2022-09-05T00:10:08.510,24.635634,99.213376,7.897,3.299,5.841,0.300,36,230.1
20220905001009000_00001929.sum,2022-09-05T00:10:08.335,24.651398,103.638866,27.773,1.325,2.081,0.296,41,43.2
20220905001009000_00002049.sum,2022-09-05T00:10:08.958,25.094645,98.208933,43.935,7.302,28.691,0.486,36,290.2
20220905001009000_00002109.sum,2022-09-05T00:10:08.759,25.113108,103.146862,12.905,1.417,7.833,0.442,30,46.4
20220905001009000_00002229.sum,2022-09-05T00:10:08.807,25.526709,98.229941,35.671,24.910,32.146,0.257,17,285.8
20220905001009000_00002289.sum,2022-09-05T00:10:08.435,25.563369,102.648250,7.798,1.144,3.898,0.529,33,47.8
20220905001009000_00002349.sum,2022-09-05T00:10:09.358,25.534593,106.592516,22.396,10.554,24.429,0.354,17,288.9
20220905001009000_00002409.sum,,,,,,,,,
20220905001009000_00002469.sum,2022-09-05T00:10:08.437,26.005552,102.145483,5.253,1.664,7.915,0.330,29,38.0
20220905001009000_00002529.sum,2022-09-05T00:10:09.219,25.975887,106.637667,39.085,7.164,22.698,0.298,25,278.4
20220905001009000_00002649.sum,2022-09-05T00:10:08.191,26.458178,101.648064,19.776,1.373,6.377,0.303,34,38.7
20220905001009000_00002709.sum,2022-09-05T00:10:09.334,26.447655,106.117662,6.503,4.269,8.633,0.379,32,251.0
20220905001009000_00002829.sum,2022-09-05T00:10:08.179,26.905675,101.132301,20.412,1.435,5.232,0.610,30,42.2
20220905001009000_00002889.sum,2022-09-05T00:10:08.962,26.892499,105.646835,8.885,2.140,5.798,0.358,45,210.3
20220905001009000_00003009.sum,2022-09-05T00:10:08.680,27.360496,100.630090,14.229,2.220,13.604,0.218,16,65.1
20220905001009000_00003069.sum,2022-09-05T00:10:09.051,27.330188,106.139151,19.292,4.692,11.920,0.313,27,245.9
20220905001009000_00003189.sum,2022-09-05T00:10:08.226,27.808189,101.122909,1.260,1.473,2.018,0.371,31,38.8
20220905001009000_00003249.sum,2022-09-05T00:10:09.071,27.793607,106.159503,11.488,4.434,9.744,0.433,37,236.1
20220905001009000_00003369.sum,2022-09-05T00:10:08.366,28.266984,101.632302,28.331,1.590,4.467,0.297,30,59.4
20220905001009000_00003429.sum,2022-09-05T00:10:08.972,28.249023,106.212770,11.567,3.817,7.999,0.249,29,247.7
20220905001009000_00003549.sum,2022-09-05T00:10:08.782,28.724917,101.627584,9.454,1.562,4.900,0.360,26,84.7
20220905001009000_00003609.sum,2022-09-05T00:10:09.761,28.688971,106.669717,24.201,9.181,23.707,0.344,21,287.8
20220905001009000_00003729.sum,2022-09-05T00:10:08.465,29.165374,102.145102,22.942,1.335,4.579,0.326,30,45.4
20220905001009000_00003789.sum,2022-09-05T00:10:09.927,29.139006,107.289170,36.483,10.823,35.361,0.454,35,312.8
20220905001009000_00003849.sum,,,,,,,,,
20220905001009000_00003909.sum,2022-09-05T00:10:08.426,29.620237,101.626176,22.175,1.143,4.361,0.452,44,25.9
20220905001009000_00003969.sum,2022-09-05T00:10:09.701,29.589269,106.759950,17.284,6.224,18.763,0.376,41,277.8
20220905001009000_00004089.sum,2022-09-05T00:10:08.375,30.062155,102.136833,13.029,1.950,6.337,0.268,22,64.9
20220905001009000_00004149.sum,2022-09-05T00:10:09.443,30.034093,106.764132,21.957,6.671,14.634,0.355,31,267.6
20220905001009000_00004269.sum,2022-09-05T00:10:08.358,30.516441,102.150663,28.214,1.926,6.700,0.344,19,69.0
20220905001009000_00004389.sum,2022-09-05T00:10:12.226,30.939346,98.122617,43.373,13.649,38.531,0.389,19,302.5
20220905001009000_00004449.sum,2022-09-05T00:10:08.259,30.991006,103.184700,24.178,2.528,8.863,0.297,17,105.7
20220905001009000_00004569.sum,2022-09-05T00:10:10.924,31.395827,98.003729,30.106,9.013,31.243,0.407,26,312.5
20220905001009000_00004629.sum,2022-09-05T00:10:08.524,31.426577,102.133492,2.762,1.671,3.362,0.216,26,149.5
20220905001009000_00004689.sum,2022-09-05T00:10:09.530,31.416865,106.855079,9.575,7.853,14.381,0.396,45,303.7
20220905001009000_00004809.sum,2022-09-05T00:10:08.588,31.854852,101.595760,16.605,2.789,8.599,0.287,36,220.3
20220905001009000_00004869.sum,2022-09-05T00:10:09.305,31.834460,106.830591,13.616,9.523,17.458,0.534,41,326.4
20220905001009000_00004989.sum,2022-09-05T00:10:09.245,32.289622,101.594213,17.571,5.907,19.952,0.291,22,256.3
20220905001009000_00005049.sum,2022-09-05T00:10:09.540,32.367417,106.934337,24.299,14.029,37.595,0.352,34,337.0
20220905001009000_00005169.sum,2022-09-05T00:10:12.408,32.622220,101.549023,33.793,12.820,31.744,0.465,31,268.0
20220905001009000_00005229.sum,2022-09-05T00:10:08.965,32.744671,106.437420,27.460,36.932,46.415,0.292,12,347.0
20220905001009000_00005349.sum,2022-09-05T00:10:12.131,33.024699,100.998930,47.869,11.448,32.674,0.339,37,312.8
20220905001009000_00005409.sum,2022-09-05T00:10:09.316,33.198813,105.971084,38.471,25.851,40.109,0.459,33,346.4
20220905001010000_00000790.sum,,,,,,,,,
20220905001010000_00000850.sum,,,,,,,,,
20220905001010000_00000970.sum,2022-09-05T00:10:10.635,22.400050,100.239974,46.018,8.571,28.209,0.394,20,317.9
20220905001010000_00001030.sum,2022-09-05T00:10:10.098,22.387197,104.594640,38.250,9.158,32.853,0.429,27,298.1
20220905001010000_00001150.sum,2022-09-05T00:10:10.141,22.882647,100.221870,17.516,4.772,6.841,0.401,32,285.2
20220905001010000_00001210.sum,2022-09-05T00:10:10.753,22.896462,104.592415,5.024,5.622,6.967,0.322,27,277.1
20220905001010000_00001330.sum,2022-09-05T00:10:09.936,23.314614,99.730374,13.038,5.635,7.476,0.615,28,285.6
20220905001010000_00001390.sum,2022-09-05T00:10:09.933,23.332835,104.099331,26.048,3.327,4.514,0.291,35,228.8
20220905001010000_00001510.sum,2022-09-05T00:10:10.101,23.744108,99.261665,27.421,4.368,6.601,0.407,40,281.7
20220905001010000_00001570.sum,2022-09-05T00:10:09.223,23.733289,103.626043,1.810,2.307,3.014,0.317,29,183.9
20220905001010000_00001690.sum,2022-09-05T00:10:09.957,24.180154,99.247482,27.078,3.178,3.983,0.514,38,260.3
20220905001010000_00001750.sum,2022-09-05T00:10:09.384,24.201250,103.630797,27.954,1.754,2.652,0.549,23,103.1
20220905001010000_00001870.sum,2022-09-05T00:10:09.519,24.635567,99.202511,15.562,3.341,7.074,0.285,42,240.4
20220905001010000_00001930.sum,2022-09-05T00:10:09.484,24.649451,103.634605,2.474,1.044,3.183,0.439,41,33.7
20220905001010000_00002050.sum,2022-09-05T00:10:09.699,25.088506,98.698440,17.895,4.566,6.110,0.385,39,259.7
20220905001010000_00002110.sum,2022-09-05T00:10:09.353,25.119844,103.145353,20.212,1.368,5.236,0.279,31,41.0
20220905001010000_00002230.sum,2022-09-05T00:10:09.984,25.552994,98.182735,22.716,8.238,26.645,0.381,30,292.5
20220905001010000_00002290.sum,2022-09-05T00:10:09.244,25.552895,102.673478,19.966,3.267,17.117,0.255,13,106.5
20220905001010000_00002350.sum,2022-09-05T00:10:10.639,25.540567,107.138907,42.605,9.830,35.083,0.575,27,310.0
20220905001010000_00002410.sum,,,,,,,,,
20220905001010000_00002470.sum,2022-09-05T00:10:09.323,26.014417,102.144295,18.537,1.189,4.457,0.484,42,44.6
20220905001010000_00002530.sum,2022-09-05T00:10:10.130,25.993494,106.621714,10.259,5.671,12.586,0.324,26,273.4
20220905001010000_00002650.sum,2022-09-05T00:10:09.319,26.462201,101.639691,11.280,1.217,4.983,0.328,34,58.4
20220905001010000_00002710.sum,2022-09-05T00:10:09.863,26.444431,106.642623,6.484,7.575,10.898,0.420,27,277.6
20220905001010000_00002830.sum,2022-09-05T00:10:09.762,26.911963,101.150869,6.743,2.480,8.357,0.497,24,81.0
20220905001010000_00002890.sum,2022-09-05T00:10:09.440,26.894962,105.669427,20.297,3.910,7.686,0.268,22,213.7
20220905001010000_00003010.sum,2022-09-05T00:10:09.440,27.352588,100.636264,13.842,1.066,5.845,0.433,46,36.5
20220905001010000_00003070.sum,2022-09-05T00:10:10.263,27.342105,106.157390,13.481,3.156,8.810,0.687,41,232.7
20220905001010000_00003190.sum,2022-09-05T00:10:09.279,27.817594,101.646844,16.464,1.620,5.478,0.420,26,44.2
20220905001010000_00003250.sum,2022-09-05T00:10:10.003,27.790196,106.165410,13.096,3.176,8.331,0.337,35,235.9
20220905001010000_00003370.sum,2022-09-05T00:10:09.130,28.265251,101.633666,24.037,1.756,7.436,0.240,19,67.0
20220905001010000_00003430.sum,2022-09-05T00:10:10.345,28.230656,106.162831,19.036,4.798,7.692,0.249,29,244.9
20220905001010000_00003550.sum,2022-09-05T00:10:09.362,28.719910,101.628248,18.575,2.300,13.327,0.304,17,95.5
20220905001010000_00003610.sum,2022-09-05T00:10:10.418,28.684789,106.718104,19.673,6.231,14.800,0.230,31,267.7
20220905001010000_00003730.sum,2022-09-05T00:10:09.397,29.158928,102.133763,18.291,1.374,5.506,0.331,36,29.4
20220905001010000_00003790.sum,2022-09-05T00:10:11.094,29.146181,107.360386,38.430,12.390,36.812,0.472,27,311.4
20220905001010000_00003850.sum,,,,,,,,,
20220905001010000_00003910.sum,2022-09-05T00:10:09.617,29.623404,101.626837,23.916,1.985,9.741,0.383,20,86.0
20220905001010000_00003970.sum,2022-09-05T00:10:10.608,29.606767,106.754090,24.584,5.804,18.200,0.565,35,268.8
20220905001010000_00004090.sum,2022-09-05T00:10:09.416,30.072210,102.136728,12.027,1.771,4.706,0.803,28,51.6
20220905001010000_00004150.sum,2022-09-05T00:10:10.436,30.034559,106.736628,31.070,7.612,25.320,0.933,19,288.1
20220905001010000_00004270.sum,2022-09-05T00:10:09.194,30.521324,102.133021,15.712,1.432,7.768,0.303,32,43.8
20220905001010000_00004390.sum,2022-09-05T00:10:10.337,30.953791,98.518564,22.384,5.089,21.210,0.387,43,275.5
20220905001010000_00004450.sum,2022-09-05T00:10:09.127,30.963337,103.178491,24.634,1.747,5.351,0.341,34,50.8
20220905001010000_00004570.sum,2022-09-05T00:10:10.928,31.399292,97.994343,30.086,7.701,28.239,0.326,45,311.8
20220905001010000_00004630.sum,2022-09-05T00:10:09.320,31.419958,102.127974,14.039,2.483,8.815,0.372,30,171.4
20220905001010000_00004690.sum,2022-09-05T00:10:10.691,31.404468,106.766697,13.128,11.020,18.646,0.217,25,305.8
20220905001010000_00004810.sum,2022-09-05T00:10:09.946,31.853336,101.610517,17.179,4.879,14.664,0.259,19,216.1
20220905001010000_00004870.sum,2022-09-05T00:10:10.978,31.846925,106.855625,8.328,8.341,14.411,0.365,42,322.5
20220905001010000_00004990.sum,2022-09-05T00:10:10.324,32.259849,101.586135,23.554,7.856,22.450,0.327,19,249.4
20220905001010000_00005050.sum,2022-09-05T00:10:11.362,32.229259,106.892363,23.061,14.450,36.242,0.385,26,334.0
20220905001010000_00005170.sum,2022-09-05T00:10:09.612,32.729721,102.118715,20.757,7.343,22.606,0.404,30,267.5
20220905001010000_00005230.sum,2022-09-05T00:10:10.974,32.627188,106.416569,9.859,10.224,16.860,0.416,39,337.0
20220905001010000_00005350.sum,2022-09-05T00:10:13.072,33.126798,101.517711,46.361,8.126,29.047,0.682,44,315.6
20220905001010000_00005410.sum,2022-09-05T00:10:10.398,33.160634,106.103030,33.344,27.657,40.948,0.369,31,346.4
20220905001011000_00000791.sum,,,,,,,,,
20220905001011000_00000851.sum,,,,,,,,,
20220905001011000_00000971.sum,2022-09-05T00:10:11.978,22.358422,100.209913,45.418,7.399,28.678,0.331,35,304.8
20220905001011000_00001031.sum,2022-09-05T00:10:11.113,22.409592,104.570941,38.079,7.551,31.036,0.347,42,293.1
20220905001011000_00001151.sum,2022-09-05T00:10:10.979,22.855663,100.218097,6.892,8.770,12.893,0.358,17,291.0
20220905001011000_00001211.sum,2022-09-05T00:10:10.960,22.875431,104.599462,13.867,3.403,4.715,0.275,42,281.8
20220905001011000_00001331.sum,2022-09-05T00:10:11.003,23.322626,99.713482,27.563,4.945,6.382,0.391,31,286.1
20220905001011000_00001391.sum,2022-09-05T00:10:11.369,23.341998,104.110152,4.101,4.554,5.647,0.269,29,242.2
20220905001011000_00001511.sum,2022-09-05T00:10:10.731,23.731499,99.249117,10.127,4.097,8.577,0.279,24,285.9
20220905001011000_00001571.sum,2022-09-05T00:10:10.260,23.740916,103.623057,13.691,2.313,3.495,0.293,38,180.4
20220905001011000_00001691.sum,2022-09-05T00:10:11.097,24.189243,99.250191,16.073,5.535,7.561,0.320,20,261.5
20220905001011000_00001751.sum,2022-09-05T00:10:10.390,24.206318,103.638884,26.362,1.335,2.266,0.379,40,64.6
20220905001011000_00001871.sum,2022-09-05T00:10:10.897,24.635993,99.194638,6.883,3.039,7.927,0.577,33,230.9
20220905001011000_00001931.sum,2022-09-05T00:10:10.485,24.649180,103.643814,14.410,1.149,4.595,0.402,44,40.5
20220905001011000_00002051.sum,2022-09-05T00:10:10.922,25.093859,98.711170,20.840,7.832,13.219,0.296,21,263.3
20220905001011000_00002111.sum,2022-09-05T00:10:10.065,25.103772,103.140726,16.455,1.602,7.283,0.278,19,60.4
20220905001011000_00002231.sum,2022-09-05T00:10:10.757,25.550689,98.144012,17.553,10.783,27.729,0.264,26,298.2
20220905001011000_00002291.sum,2022-09-05T00:10:10.151,25.554880,102.652684,15.591,1.554,9.149,0.594,36,35.0
20220905001011000_00002351.sum,2022-09-05T00:10:12.284,25.518388,107.094784,42.471,10.537,34.222,0.890,21,316.3
20220905001011000_00002411.sum,,,,,,,,,
20220905001011000_00002471.sum,2022-09-05T00:10:10.455,26.003715,102.154252,26.051,1.794,4.717,0.317,30,56.6
20220905001011000_00002531.sum,2022-09-05T00:10:11.356,25.990090,106.592175,8.451,6.968,11.208,0.469,30,276.3
20220905001011000_00002651.sum,2022-09-05T00:10:10.524,26.456224,102.148518,24.043,1.845,6.624,0.328,25,36.6
20220905001011000_00002711.sum,2022-09-05T00:10:10.771,26.439712,106.641129,21.460,4.497,8.244,0.362,40,277.5
20220905001011000_00002831.sum,2022-09-05T00:10:10.144,26.911840,101.140670,22.649,2.289,9.884,0.505,15,71.7
20220905001011000_00002891.sum,2022-09-05T00:10:10.803,26.894431,106.148968,21.090,4.544,7.857,0.326,29,234.3
20220905001011000_00003011.sum,2022-09-05T00:10:10.329,27.365347,101.135918,16.743,1.223,7.114,0.385,40,57.9
20220905001011000_00003071.sum,2022-09-05T00:10:10.973,27.339762,106.143640,12.752,3.884,11.780,0.304,33,239.0
20220905001011000_00003191.sum,2022-09-05T00:10:10.306,27.814906,101.631641,26.883,1.701,4.797,0.391,30,38.4
20220905001011000_00003251.sum,2022-09-05T00:10:10.763,27.791747,106.182458,16.713,7.744,11.976,0.266,17,243.3
20220905001011000_00003371.sum,2022-09-05T00:10:10.523,28.263363,101.636192,2.775,1.006,2.698,0.208,37,38.1
20220905001011000_00003431.sum,2022-09-05T00:10:10.114,28.256823,106.707346,14.106,6.960,24.385,0.556,21,276.7
20220905001011000_00003551.sum,2022-09-05T00:10:10.626,28.706116,101.632264,11.111,1.511,7.113,0.398,36,53.2
20220905001011000_00003611.sum,2022-09-05T00:10:11.038,28.697248,106.716156,10.528,5.808,12.739,0.440,30,279.1
20220905001011000_00003731.sum,2022-09-05T00:10:10.757,29.169126,102.142519,7.536,1.583,8.246,0.270,21,46.3
20220905001011000_00003791.sum,2022-09-05T00:10:11.597,29.131836,107.288457,39.385,10.187,32.896,0.271,41,313.5
20220905001011000_00003851.sum,,,,,,,,,
20220905001011000_00003911.sum,2022-09-05T00:10:10.252,29.614650,102.143445,23.219,1.936,5.773,0.243,30,48.9
20220905001011000_00003971.sum,2022-09-05T00:10:11.359,29.594507,106.733419,24.450,6.901,16.582,0.257,25,280.1
20220905001011000_00004091.sum,2022-09-05T00:10:10.280,30.072793,102.145973,17.597,1.182,3.337,0.570,39,43.5
20220905001011000_00004151.sum,2022-09-05T00:10:11.464,30.037988,106.791771,8.427,8.092,15.366,0.395,35,273.5
20220905001011000_00004271.sum,2022-09-05T00:10:10.310,30.515238,102.144193,14.172,1.365,6.382,0.374,40,33.5
20220905001011000_00004391.sum,2022-09-05T00:10:11.475,30.938421,98.562427,19.141,4.581,18.623,0.350,47,279.9
20220905001011000_00004451.sum,2022-09-05T00:10:10.480,30.969978,103.185683,18.144,2.013,5.235,0.345,25,116.7
20220905001011000_00004571.sum,2022-09-05T00:10:11.545,31.405520,98.015228,29.613,8.709,30.952,0.348,32,312.7
20220905001011000_00004631.sum,2022-09-05T00:10:10.313,31.414508,102.669895,23.154,2.187,4.472,0.235,23,156.3
20220905001011000_00004691.sum,2022-09-05T00:10:11.267,31.404026,106.791087,20.635,8.623,18.303,0.428,25,310.1
20220905001011000_00004811.sum,2022-09-05T00:10:10.943,31.840508,102.131521,14.547,3.177,9.910,0.372,30,221.6
20220905001011000_00004871.sum,2022-09-05T00:10:11.608,31.811075,106.827758,23.817,8.336,19.252,0.641,35,320.7
20220905001011000_00004991.sum,2022-09-05T00:10:11.548,32.287949,101.584540,16.833,7.093,16.950,0.269,29,250.0
20220905001011000_00005051.sum,2022-09-05T00:10:12.442,32.286107,106.899789,47.508,13.760,28.182,0.268,31,337.6
20220905001011000_00005171.sum,2022-09-05T00:10:12.991,32.716291,102.117130,25.558,7.825,25.151,0.249,27,276.7
20220905001011000_00005231.sum,2022-09-05T00:10:12.248,32.613312,106.309581,19.724,29.326,36.379,0.297,28,335.9
20220905001011000_00005351.sum,2022-09-05T00:10:14.347,33.105076,101.575847,48.939,9.882,30.502,0.843,25,314.4
20220905001011000_00005411.sum,2022-09-05T00:10:11.833,33.175153,105.924194,33.730,27.831,43.855,0.363,24,346.2
20220905001012000_00000792.sum,,,,,,,,,
20220905001012000_00000852.sum,,,,,,,,,
20220905001012000_00000972.sum,2022-09-05T00:10:12.363,22.512876,100.245944,42.248,27.819,34.912,0.354,26,302.7
20220905001012000_00001032.sum,2022-09-05T00:10:12.711,22.446287,104.583667,44.872,7.424,31.119,0.329,40,303.6
20220905001012000_00001152.sum,2022-09-05T00:10:12.049,22.862561,100.216581,8.767,5.349,6.922,0.255,34,282.0
20220905001012000_00001212.sum,2022-09-05T00:10:11.987,22.871123,104.573865,13.434,3.403,4.232,0.717,49,274.0
20220905001012000_00001332.sum,2022-09-05T00:10:11.838,23.309079,99.722128,27.300,4.856,6.484,0.311,33,290.8
20220905001012000_00001392.sum,2022-09-05T00:10:12.322,23.349204,104.103338,21.198,3.236,5.153,0.345,29,240.5
20220905001012000_00001512.sum,2022-09-05T00:10:11.898,23.729915,99.253879,14.913,5.018,11.384,0.202,14,301.3
20220905001012000_00001572.sum,2022-09-05T00:10:11.639,23.763243,104.114964,7.743,3.880,6.826,0.403,30,206.1
20220905001012000_00001692.sum,2022-09-05T00:10:12.212,24.180393,99.249443,10.281,3.202,7.698,0.258,37,262.8
20220905001012000_00001752.sum,2022-09-05T00:10:11.782,24.199609,103.630541,7.272,1.544,6.388,0.279,34,112.2
20220905001012000_00001872.sum,2022-09-05T00:10:11.899,24.636778,99.223635,9.318,4.053,10.123,0.347,33,225.3
20220905001012000_00001932.sum,2022-09-05T00:10:11.421,24.655466,103.638584,21.400,1.315,3.347,0.339,38,67.5
20220905001012000_00002052.sum,2022-09-05T00:10:12.564,25.091644,98.723175,10.394,4.393,10.979,0.637,34,256.3
20220905001012000_00002112.sum,2022-09-05T00:10:11.418,25.108714,103.144318,2.958,1.084,4.084,0.311,39,45.1
20220905001012000_00002232.sum,2022-09-05T00:10:12.165,25.560113,98.137139,30.233,10.974,34.592,0.763,27,302.9
20220905001012000_00002292.sum,2022-09-05T00:10:11.325,25.546764,103.148790,10.151,2.355,4.683,0.288,21,86.4
20220905001012000_00002352.sum,2022-09-05T00:10:12.759,25.566573,107.151843,39.232,13.950,38.123,0.281,16,325.3
20220905001012000_00002412.sum,,,,,,,,,
20220905001012000_00002472.sum,2022-09-05T00:10:11.396,26.006687,102.150553,20.219,1.795,8.690,0.265,16,73.9
20220905001012000_00002532.sum,2022-09-05T00:10:12.977,25.968279,107.152422,42.884,10.938,34.354,0.342,20,317.2
20220905001012000_00002652.sum,2022-09-05T00:10:11.235,26.455870,102.156024,24.989,1.614,5.835,0.386,24,61.0
20220905001012000_00002712.sum,2022-09-05T00:10:11.867,26.438246,106.632133,7.275,4.777,8.828,0.389,32,269.8
20220905001012000_00002832.sum,2022-09-05T00:10:11.516,26.917582,101.150694,26.049,1.247,4.033,0.430,40,49.0
20220905001012000_00002892.sum,2022-09-05T00:10:11.734,26.900408,106.164723,9.636,7.011,12.156,0.159,18,237.7
20220905001012000_00003012.sum,2022-09-05T00:10:11.514,27.362128,101.145779,20.013,1.595,3.950,0.287,30,58.7
20220905001012000_00003072.sum,2022-09-05T00:10:12.094,27.337329,106.165465,9.732,5.418,9.646,0.184,22,254.9
20220905001012000_00003192.sum,2022-09-05T00:10:11.422,27.815502,101.635716,3.045,1.370,3.631,0.409,31,53.6
20220905001012000_00003252.sum,2022-09-05T00:10:11.826,27.790607,106.176177,13.193,3.346,7.059,0.427,41,241.2
20220905001012000_00003372.sum,2022-09-05T00:10:11.553,28.259072,102.140535,8.737,1.693,6.500,0.208,17,61.3
20220905001012000_00003432.sum,2022-09-05T00:10:12.061,28.229096,106.748638,41.284,12.568,28.496,0.217,13,276.6
20220905001012000_00003552.sum,2022-09-05T00:10:11.060,28.721623,101.637422,12.647,5.334,22.607,0.153,11,166.7
20220905001012000_00003612.sum,2022-09-05T00:10:12.355,28.696438,106.728602,15.315,4.770,14.556,0.467,44,273.2
20220905001012000_00003732.sum,2022-09-05T00:10:11.421,29.170392,102.649251,13.959,1.378,3.046,0.317,34,33.3
20220905001012000_00003852.sum,,,,,,,,,
20220905001012000_00003912.sum,2022-09-05T00:10:11.504,29.618491,102.144749,2.283,0.923,1.939,0.468,43,28.8
20220905001012000_00003972.sum,2022-09-05T00:10:12.436,29.579647,106.722836,30.663,6.051,22.052,0.192,22,278.0
20220905001012000_00004092.sum,2022-09-05T00:10:11.528,30.072209,102.141674,4.145,1.518,5.161,0.456,43,30.6
20220905001012000_00004152.sum,2022-09-05T00:10:12.346,30.044494,106.783752,15.523,8.853,22.323,0.337,31,270.5
20220905001012000_00004212.sum,,,,,,,,,
20220905001012000_00004272.sum,2022-09-05T00:10:11.305,30.531166,102.135969,27.652,1.655,8.022,0.498,29,76.9
20220905001012000_00004392.sum,2022-09-05T00:10:13.372,30.949797,98.537333,23.437,5.604,22.718,0.468,40,274.8
20220905001012000_00004452.sum,2022-09-05T00:10:11.404,30.978097,103.174802,16.579,1.337,4.864,0.554,24,59.5
20220905001012000_00004572.sum,2022-09-05T00:10:12.995,31.404284,98.033685,28.306,7.780,28.464,0.216,30,312.5
20220905001012000_00004632.sum,2022-09-05T00:10:11.449,31.412498,102.660883,20.545,2.507,7.748,0.438,34,167.1
20220905001012000_00004692.sum,2022-09-05T00:10:11.932,31.412182,106.788321,19.417,8.920,22.371,0.353,25,307.2
20220905001012000_00004812.sum,2022-09-05T00:10:11.690,31.854059,102.137649,23.067,3.968,8.546,0.387,46,224.9
20220905001012000_00004872.sum,2022-09-05T00:10:13.044,31.829869,106.799450,11.009,10.088,17.304,0.297,39,325.3
20220905001012000_00004992.sum,2022-09-05T00:10:12.384,32.282515,101.576224,21.800,6.894,22.268,0.342,18,247.3
20220905001012000_00005052.sum,2022-09-05T00:10:12.230,32.316172,106.871479,35.272,11.791,32.842,0.280,41,338.9
20220905001012000_00005172.sum,2022-09-05T00:10:12.820,32.729071,102.133884,19.870,6.596,19.170,0.342,47,273.4
20220905001012000_00005232.sum,2022-09-05T00:10:12.913,32.681428,106.485318,31.498,24.473,38.205,0.405,18,340.5
20220905001012000_00005352.sum,2022-09-05T00:10:15.141,33.102192,101.510267,49.059,9.352,31.149,0.291,29,318.3
20220905001012000_00005412.sum,2022-09-05T00:10:12.567,33.197855,106.055388,37.691,27.560,41.085,0.530,30,346.4
20220905001013000_00000793.sum,,,,,,,,,
20220905001013000_00000853.sum,,,,,,,,,
20220905001013000_00000973.sum,2022-09-05T00:10:12.814,22.330687,100.170586,26.395,13.627,39.887,0.349,20,307.2
20220905001013000_00001033.sum,2022-09-05T00:10:13.325,22.425609,104.583037,7.996,7.854,19.221,0.286,37,303.3
20220905001013000_00001153.sum,2022-09-05T00:10:12.958,22.842300,100.212835,6.090,3.313,6.414,0.388,39,286.4
20220905001013000_00001213.sum,2022-09-05T00:10:12.769,22.874567,104.580179,31.617,6.584,28.138,0.337,20,267.2
20220905001013000_00001333.sum,2022-09-05T00:10:13.545,23.323915,99.760387,13.629,5.064,9.036,0.525,28,288.2
20220905001013000_00001393.sum,2022-09-05T00:10:13.177,23.343981,104.592625,22.665,5.182,7.328,0.336,24,243.5
20220905001013000_00001513.sum,2022-09-05T00:10:13.636,23.736657,99.246384,8.249,4.593,8.365,0.368,24,284.6
20220905001013000_00001573.sum,2022-09-05T00:10:12.570,23.744426,104.109157,1.305,2.431,3.128,0.311,24,129.2
20220905001013000_00001693.sum,2022-09-05T00:10:13.176,24.192257,99.252749,12.632,3.103,6.038,0.241,40,266.7
20220905001013000_00001753.sum,2022-09-05T00:10:12.708,24.215978,103.640572,18.631,2.823,4.533,0.444,24,87.1
20220905001013000_00001873.sum,2022-09-05T00:10:13.222,24.644204,99.232627,14.396,4.303,8.770,0.725,25,255.0
20220905001013000_00001933.sum,2022-09-05T00:10:12.263,24.666710,103.640109,18.561,1.948,9.322,0.451,21,92.0
20220905001013000_00002053.sum,2022-09-05T00:10:13.239,25.098362,98.699509,10.390,4.739,11.026,0.341,27,248.9
20220905001013000_00002113.sum,2022-09-05T00:10:12.499,25.104995,103.140480,15.123,1.694,7.057,0.244,20,47.8
20220905001013000_00002233.sum,2022-09-05T00:10:13.301,25.541260,98.721486,11.222,4.934,11.092,0.466,31,261.6
20220905001013000_00002293.sum,2022-09-05T00:10:12.357,25.557207,103.150148,18.417,1.091,5.345,0.311,45,29.8
20220905001013000_00002353.sum,2022-09-05T00:10:13.844,25.537976,107.102100,44.665,8.350,31.775,0.423,37,310.2
20220905001013000_00002413.sum,,,,,,,,,
20220905001013000_00002473.sum,2022-09-05T00:10:12.234,26.005937,102.145808,26.346,1.499,5.726,0.458,25,41.3
20220905001013000_00002533.sum,2022-09-05T00:10:19.452,26.005581,106.995958,47.242,29.142,36.450,0.337,28,307.2
20220905001013000_00002653.sum,2022-09-05T00:10:12.577,26.469350,102.152554,2.770,1.206,3.535,0.298,31,40.9
20220905001013000_00002713.sum,2022-09-05T00:10:14.570,26.464191,106.706106,45.864,8.290,28.424,0.374,19,285.7
20220905001013000_00002833.sum,2022-09-05T00:10:12.366,26.912181,101.135904,21.534,1.431,4.036,0.410,37,38.7
20220905001013000_00002893.sum,2022-09-05T00:10:13.588,26.888387,106.097567,23.245,6.056,8.636,0.321,32,243.4
20220905001013000_00003013.sum,2022-09-05T00:10:12.306,27.362458,101.135227,23.334,1.592,6.317,0.276,25,49.3
20220905001013000_00003073.sum,2022-09-05T00:10:12.560,27.341758,106.179990,25.440,4.498,7.606,1.292,31,244.3
20220905001013000_00003193.sum,2022-09-05T00:10:12.753,27.818508,101.630483,7.275,1.535,7.898,0.391,27,43.1
20220905001013000_00003253.sum,2022-09-05T00:10:12.982,27.798065,106.666356,14.816,8.500,23.467,0.196,12,280.4
20220905001013000_00003373.sum,2022-09-05T00:10:12.240,28.265721,102.147476,27.696,1.354,4.197,0.403,35,42.5
20220905001013000_00003433.sum,2022-09-05T00:10:13.143,28.255874,106.708608,5.620,5.331,7.708,0.319,37,283.1
20220905001013000_00003553.sum,2022-09-05T00:10:12.217,28.714687,101.637199,30.769,1.291,4.210,0.324,29,55.9
20220905001013000_00003613.sum,2022-09-05T00:10:13.748,28.700927,106.714955,21.295,4.344,14.690,0.386,40,275.0
20220905001013000_00003673.sum,,,,,,,,,
20220905001013000_00003733.sum,2022-09-05T00:10:12.633,29.163776,102.659876,14.887,1.270,8.287,0.426,35,51.9
20220905001013000_00003853.sum,,,,,,,,,
20220905001013000_00003913.sum,2022-09-05T00:10:12.250,29.620648,102.134853,24.721,1.541,5.547,0.319,24,52.5
20220905001013000_00003973.sum,2022-09-05T00:10:13.697,29.579939,106.781117,17.991,5.555,15.792,0.322,36,273.3
20220905001013000_00004033.sum,,,,,,,,,
20220905001013000_00004093.sum,2022-09-05T00:10:12.450,30.067575,102.148954,21.941,2.790,7.516,0.560,18,94.9
20220905001013000_00004153.sum,2022-09-05T00:10:13.405,30.042366,106.753098,28.348,5.766,20.897,0.349,36,275.7
20220905001013000_00004213.sum,,,,,,,,,
20220905001013000_00004273.sum,2022-09-05T00:09:44.839,28.404750,100.603115,43.394,39.370,49.416,2.280,13,274.0
20220905001013000_00004393.sum,2022-09-05T00:10:13.452,30.946275,98.556242,22.005,5.110,21.480,0.262,39,282.2
20220905001013000_00004453.sum,2022-09-05T00:10:13.634,30.971348,103.187252,11.577,1.987,7.781,0.434,29,130.4
20220905001013000_00004573.sum,2022-09-05T00:10:13.838,31.391689,97.985945,28.035,7.606,28.805,0.333,36,320.3
20220905001013000_00004633.sum,2022-09-05T00:10:12.286,31.427060,102.665276,13.780,1.817,4.934,0.348,39,104.8
20220905001013000_00004693.sum,2022-09-05T00:10:13.746,31.415801,107.411999,41.271,17.257,37.322,1.063,19,330.9
20220905001013000_00004813.sum,2022-09-05T00:10:12.515,31.864171,102.128332,16.538,4.204,8.370,0.284,26,214.7
20220905001013000_00004873.sum,2022-09-05T00:10:13.963,31.827670,106.821607,13.518,10.399,18.822,0.421,45,318.4
20220905001013000_00004993.sum,2022-09-05T00:10:13.298,32.263813,102.133457,18.447,4.082,10.073,0.575,38,235.4
20220905001013000_00005053.sum,2022-09-05T00:10:13.899,32.321357,106.846970,12.986,11.366,23.477,0.414,35,335.1
20220905001013000_00005173.sum,2022-09-05T00:10:14.023,32.707729,102.123365,25.271,8.142,27.426,0.616,17,287.6
20220905001013000_00005233.sum,2022-09-05T00:10:14.017,32.697342,106.391798,25.543,13.104,31.853,0.419,31,336.2
20220905001013000_00005353.sum,2022-09-05T00:10:16.523,33.128637,101.513076,46.698,9.550,32.287,0.364,27,312.8
20220905001013000_00005413.sum,2022-09-05T00:10:13.467,33.193188,105.989771,36.274,22.658,39.127,0.373,40,346.4
20220905001014000_00000794.sum,,,,,,,,,
20220905001014000_00000854.sum,,,,,,,,,
20220905001014000_00000974.sum,2022-09-05T00:10:14.083,22.405493,100.227433,41.939,7.177,29.211,0.320,35,309.4
20220905001014000_00001034.sum,2022-09-05T00:10:14.245,22.379095,104.559229,38.745,11.043,33.264,0.323,16,308.1
20220905001014000_00001154.sum,2022-09-05T00:10:14.281,22.888490,100.711960,8.289,4.323,6.745,0.373,40,260.4
20220905001014000_00001214.sum,2022-09-05T00:10:13.855,22.852650,105.070326,8.925,6.272,8.486,0.421,24,290.7
20220905001014000_00001334.sum,2022-09-05T00:10:14.607,23.347679,99.743292,17.825,7.289,9.077,0.594,35,287.1
20220905001014000_00001394.sum,2022-09-05T00:10:14.009,23.330675,104.584591,25.778,6.791,8.416,0.395,27,251.1
20220905001014000_00001514.sum,2022-09-05T00:10:13.798,23.756166,99.724977,26.787,2.875,3.811,0.306,36,268.3
20220905001014000_00001574.sum,2022-09-05T00:10:14.363,23.768792,104.094990,12.941,5.785,14.849,0.147,11,251.7
20220905001014000_00001694.sum,2022-09-05T00:10:14.556,24.220656,99.270907,19.144,8.457,11.928,0.217,12,272.8
20220905001014000_00001754.sum,2022-09-05T00:10:13.437,24.203880,103.627847,2.489,1.417,2.938,0.345,35,71.9
20220905001014000_00001874.sum,2022-09-05T00:10:13.317,24.640034,99.686123,25.716,2.399,3.506,0.310,36,181.0
20220905001014000_00001934.sum,2022-09-05T00:10:13.540,24.651944,104.122190,3.808,1.783,5.240,0.228,23,62.7
20220905001014000_00002054.sum,2022-09-05T00:10:14.402,25.083130,98.713057,9.471,3.823,9.559,0.370,38,258.5
20220905001014000_00002114.sum,2022-09-05T00:10:13.143,25.114960,103.148783,22.903,2.023,7.107,0.198,17,98.3
20220905001014000_00002234.sum,2022-09-05T00:10:14.931,25.526192,98.753310,11.466,4.525,10.905,0.399,35,254.1
20220905001014000_00002294.sum,2022-09-05T00:10:13.373,25.565004,103.150049,12.367,1.440,6.638,0.418,31,47.8
20220905001014000_00002354.sum,2022-09-05T00:10:14.472,25.519653,107.099098,40.889,10.844,34.883,0.403,17,316.4
20220905001014000_00002414.sum,,,,,,,,,
20220905001014000_00002474.sum,2022-09-05T00:10:13.299,26.005479,102.646892,21.604,1.437,5.571,0.421,36,30.5
20220905001014000_00002534.sum,2022-09-05T00:10:14.939,25.989649,107.113184,42.361,9.712,35.320,0.324,42,315.1
20220905001014000_00002654.sum,2022-09-05T00:10:13.865,26.466895,102.147472,10.683,1.647,14.677,0.343,23,51.2
20220905001014000_00002714.sum,2022-09-05T00:10:14.447,26.453324,106.630789,34.051,9.220,23.075,0.257,28,276.6
20220905001014000_00002834.sum,2022-09-05T00:10:12.919,26.897872,101.146326,18.384,1.816,9.219,0.758,24,74.8
20220905001014000_00002894.sum,2022-09-05T00:10:13.938,26.889347,106.128578,12.534,3.637,10.576,0.485,29,238.4
20220905001014000_00003014.sum,2022-09-05T00:10:13.067,27.358662,101.131962,13.426,1.313,6.555,0.485,33,34.4
20220905001014000_00003074.sum,2022-09-05T00:10:14.134,27.336967,106.134366,26.660,3.740,5.768,0.304,32,253.2
20220905001014000_00003194.sum,2022-09-05T00:10:13.287,27.814961,101.638932,20.194,1.253,6.429,0.373,44,38.6
20220905001014000_00003254.sum,2022-09-05T00:10:13.833,27.796620,106.675107,13.240,5.602,12.696,0.310,23,277.5
20220905001014000_00003314.sum,,,,,,,,,
20220905001014000_00003374.sum,2022-09-05T00:10:13.264,28.274799,102.143439,16.866,1.485,7.829,0.350,29,39.7
20220905001014000_00003434.sum,2022-09-05T00:10:14.208,28.244194,106.697031,10.529,5.423,11.295,0.656,34,275.3
20220905001014000_00003554.sum,2022-09-05T00:10:13.045,28.725241,102.136644,24.627,1.537,4.759,0.403,39,43.2
20220905001014000_00003614.sum,2022-09-05T00:10:14.161,28.703092,106.704726,15.404,6.817,16.110,0.328,31,284.3
20220905001014000_00003674.sum,,,,,,,,,
20220905001014000_00003734.sum,2022-09-05T00:10:13.328,29.159675,102.657606,17.701,1.572,3.382,0.516,48,37.2
20220905001014000_00003854.sum,2022-09-05T00:10:17.083,29.600853,98.159285,37.014,12.331,37.100,0.393,27,272.6
20220905001014000_00003914.sum,2022-09-05T00:10:13.672,29.611052,102.145314,3.789,1.046,4.038,0.232,43,43.5
20220905001014000_00003974.sum,2022-09-05T00:10:14.472,29.603336,107.310447,40.200,9.832,34.569,0.247,41,310.0
20220905001014000_00004034.sum,,,,,,,,,
20220905001014000_00004094.sum,2022-09-05T00:10:13.626,30.074476,102.148355,10.759,2.465,10.369,0.282,17,74.5
20220905001014000_00004154.sum,2022-09-05T00:10:14.453,30.040272,106.757871,20.741,5.371,15.309,0.154,25,277.2
20220905001014000_00004214.sum,,,,,,,,,
20220905001014000_00004274.sum,2022-09-05T00:10:13.619,30.511701,102.140134,15.259,1.590,8.450,0.356,26,96.4
20220905001014000_00004394.sum,2022-09-05T00:10:14.559,30.945576,98.535435,28.506,6.342,22.130,0.408,42,269.4
20220905001014000_00004454.sum,2022-09-05T00:10:13.541,30.970788,103.179469,6.000,2.038,4.308,0.336,26,43.1
20220905001014000_00004574.sum,2022-09-05T00:10:14.935,31.395135,97.994976,28.788,8.644,28.916,0.291,35,312.7
20220905001014000_00004634.sum,2022-09-05T00:10:13.401,31.432069,102.663359,10.498,1.784,4.943,0.338,39,130.6
20220905001014000_00004694.sum,2022-09-05T00:10:14.373,31.406941,107.454977,37.629,13.296,39.745,0.511,31,329.9
20220905001014000_00004814.sum,2022-09-05T00:10:13.495,31.855132,102.130359,23.661,3.680,9.217,0.244,26,207.2
20220905001014000_00004874.sum,2022-09-05T00:10:14.804,31.890745,107.403421,33.770,23.285,42.305,0.400,29,343.3
20220905001014000_00004994.sum,2022-09-05T00:10:13.712,32.293962,102.127314,17.604,7.343,18.380,0.302,20,254.8
20220905001014000_00005054.sum,,,,,,,,,
20220905001014000_00005174.sum,2022-09-05T00:10:14.281,32.729013,102.130214,24.725,9.931,26.564,0.253,30,272.7
20220905001014000_00005234.sum,2022-09-05T00:10:14.547,32.766598,106.420327,26.405,20.850,35.218,0.652,17,342.0
20220905001014000_00005354.sum,2022-09-05T00:10:16.809,33.132970,101.521464,47.234,12.986,32.629,0.304,16,327.4
20220905001014000_00005414.sum,2022-09-05T00:10:14.649,33.151662,105.981268,39.496,33.404,43.728,0.263,14,347.6
20220905001015000_00000795.sum,,,,,,,,,
20220905001015000_00000855.sum,,,,,,,,,
20220905001015000_00000975.sum,2022-09-05T00:10:14.715,22.377165,100.218969,25.626,10.629,34.501,0.405,44,307.3
20220905001015000_00001035.sum,2022-09-05T00:10:15.604,22.323846,105.034565,40.686,12.891,32.568,0.294,13,325.8
20220905001015000_00001155.sum,2022-09-05T00:10:15.713,22.920179,100.700387,10.688,15.318,20.050,0.340,16,278.5
20220905001015000_00001215.sum,2022-09-05T00:10:15.056,22.862963,105.056448,3.845,4.540,5.633,0.470,34,291.1
20220905001015000_00001335.sum,2022-09-05T00:10:14.486,23.293222,100.189667,7.244,4.665,8.035,0.385,25,269.6
20220905001015000_00001395.sum,2022-09-05T00:10:14.444,23.307327,104.586694,25.067,4.473,5.654,0.385,30,242.8
20220905001015000_00001515.sum,2022-09-05T00:10:14.644,23.758863,99.734224,10.781,4.785,11.276,0.232,18,275.1
20220905001015000_00001575.sum,2022-09-05T00:10:14.632,23.777710,104.116271,12.740,4.463,9.574,0.274,13,210.3
20220905001015000_00001695.sum,2022-09-05T00:10:15.242,24.184033,99.250882,8.364,3.881,6.675,0.240,34,243.8
20220905001015000_00001755.sum,2022-09-05T00:10:14.517,24.204909,104.117538,13.032,1.068,4.253,0.280,37,72.8
20220905001015000_00001875.sum,2022-09-05T00:10:14.467,24.644923,99.688997,21.623,3.226,4.166,0.318,27,193.8
20220905001015000_00001935.sum,2022-09-05T00:10:14.390,24.658202,104.135353,24.663,1.432,3.842,0.317,28,30.7
20220905001015000_00002055.sum,2022-09-05T00:10:15.949,25.086743,98.780366,9.908,6.441,10.204,0.276,27,273.4
20220905001015000_00002115.sum,2022-09-05T00:10:14.332,25.126868,103.145968,7.711,1.544,3.090,0.534,30,69.8
20220905001015000_00002235.sum,2022-09-05T00:10:14.870,25.533011,98.689570,9.249,5.529,10.846,0.440,26,254.9
20220905001015000_00002295.sum,2022-09-05T00:10:14.577,25.550663,103.150330,8.485,1.234,3.815,0.315,35,32.3
20220905001015000_00002355.sum,2022-09-05T00:10:16.022,25.537601,107.269491,38.050,13.063,38.758,0.377,18,320.2
20220905001015000_00002415.sum,,,,,,,,,
20220905001015000_00002475.sum,2022-09-05T00:10:14.150,26.003461,102.651752,17.798,1.222,5.766,0.402,41,32.6
20220905001015000_00002535.sum,2022-09-05T00:10:15.829,26.006691,107.191012,40.211,11.295,37.713,0.412,34,313.8
20220905001015000_00002595.sum,,,,,,,,,
20220905001015000_00002655.sum,2022-09-05T00:10:14.377,26.452459,102.142789,14.885,1.707,6.201,0.364,24,38.5
20220905001015000_00002715.sum,2022-09-05T00:10:15.371,26.445889,106.623534,9.146,4.131,8.948,0.626,39,282.3
20220905001015000_00002835.sum,2022-09-05T00:10:14.172,26.903175,101.155092,15.165,2.527,10.146,0.284,13,79.9
20220905001015000_00002895.sum,2022-09-05T00:10:15.427,26.890996,106.130914,10.483,3.960,8.857,0.384,35,263.3
20220905001015000_00003015.sum,2022-09-05T00:10:14.356,27.354735,101.131533,6.192,1.747,6.606,0.387,30,45.3
20220905001015000_00003075.sum,2022-09-05T00:10:14.974,27.341784,106.148577,12.392,3.135,8.439,0.367,48,240.3
20220905001015000_00003195.sum,2022-09-05T00:10:14.372,27.812696,102.143321,13.224,1.177,3.812,0.206,28,42.1
20220905001015000_00003255.sum,2022-09-05T00:10:15.772,27.776245,106.635992,26.397,6.013,11.045,0.387,28,277.1
20220905001015000_00003315.sum,,,,,,,,,
20220905001015000_00003375.sum,2022-09-05T00:10:14.189,28.254629,102.138189,17.182,1.696,8.545,0.782,27,78.1
20220905001015000_00003435.sum,2022-09-05T00:10:15.429,28.237802,106.688616,29.819,5.253,15.621,0.425,40,266.3
20220905001015000_00003555.sum,2022-09-05T00:10:14.866,28.720198,102.144389,5.848,1.391,6.773,0.842,38,35.0
20220905001015000_00003615.sum,2022-09-05T00:10:15.440,28.707156,107.296783,37.313,11.027,35.432,0.630,32,311.6
20220905001015000_00003675.sum,,,,,,,,,
20220905001015000_00003735.sum,2022-09-05T00:10:14.108,29.157965,102.660390,33.828,2.744,7.453,0.366,15,72.8
20220905001015000_00003855.sum,2022-09-05T00:10:15.125,29.596191,98.138064,30.144,11.620,35.008,0.331,32,287.8
20220905001015000_00003915.sum,2022-09-05T00:10:14.346,29.616829,102.122045,22.082,2.207,7.831,0.274,17,56.1
20220905001015000_00003975.sum,2022-09-05T00:10:15.895,29.624031,107.366089,36.381,19.351,39.785,0.151,9,326.1
20220905001015000_00004035.sum,,,,,,,,,
20220905001015000_00004095.sum,2022-09-05T00:10:14.225,30.070243,102.659575,26.576,1.526,5.109,0.426,34,44.1
20220905001015000_00004155.sum,2022-09-05T00:10:15.919,30.062285,107.367944,40.894,10.425,35.087,0.431,41,314.6
20220905001015000_00004215.sum,,,,,,,,,
20220905001015000_00004275.sum,2022-09-05T00:10:14.385,30.518327,102.662850,12.173,1.337,3.129,0.433,39,54.5
20220905001015000_00004395.sum,2022-09-05T00:10:15.197,30.957589,98.509998,21.190,5.671,20.610,0.183,27,278.4
20220905001015000_00004455.sum,2022-09-05T00:10:14.306,30.965813,103.175602,18.192,2.400,7.318,0.305,20,88.9
20220905001015000_00004575.sum,2022-09-05T00:10:16.025,31.413762,97.974660,30.270,8.893,32.645,0.377,29,318.2
20220905001015000_00004635.sum,2022-09-05T00:10:14.292,31.420219,102.658132,24.335,2.205,4.687,0.318,34,162.0
20220905001015000_00004695.sum,2022-09-05T00:10:16.232,31.426059,107.394731,45.506,10.766,34.319,0.561,34,333.0
20220905001015000_00004815.sum,2022-09-05T00:10:14.584,31.852185,102.154614,30.139,7.178,11.388,0.224,11,222.8
20220905001015000_00004875.sum,2022-09-05T00:10:17.362,31.885757,107.432398,37.607,24.538,40.551,0.413,32,346.9
20220905001015000_00004995.sum,2022-09-05T00:10:15.140,32.299428,102.125516,19.265,4.931,17.614,0.545,36,243.8
20220905001015000_00005055.sum,,,,,,,,,
20220905001015000_00005175.sum,2022-09-05T00:10:15.824,32.709842,102.116070,21.998,7.789,21.262,0.270,28,278.5
20220905001015000_00005235.sum,2022-09-05T00:10:16.006,32.665325,106.937525,42.098,59.001,73.094,0.350,15,353.9
20220905001015000_00005355.sum,2022-09-05T00:10:18.391,33.055835,101.528272,48.364,7.999,28.451,0.378,34,318.7
20220905001016000_00000796.sum,,,,,,,,,
20220905001016000_00000856.sum,,,,,,,,,
20220905001016000_00000976.sum,2022-09-05T00:10:16.056,22.429960,100.233455,10.501,9.369,19.937,0.393,33,308.0
20220905001016000_00001036.sum,2022-09-05T00:10:16.727,22.382477,105.072613,42.741,8.269,32.082,0.521,34,317.8
20220905001016000_00001156.sum,2022-09-05T00:10:16.572,22.861106,100.694181,34.806,8.799,26.922,0.468,25,269.2
20220905001016000_00001216.sum,2022-09-05T00:10:16.067,22.824053,105.097693,40.191,12.793,29.703,0.199,9,314.7
20220905001016000_00001336.sum,2022-09-05T00:10:17.037,23.356593,100.224840,5.810,6.243,7.846,0.780,29,257.3
20220905001016000_00001396.sum,2022-09-05T00:10:15.716,23.319119,104.598095,22.260,6.651,8.481,0.250,29,250.4
20220905001016000_00001516.sum,2022-09-05T00:10:15.421,23.736809,99.720120,9.539,2.996,4.941,0.490,28,263.7
20220905001016000_00001576.sum,2022-09-05T00:10:15.582,23.761572,104.106178,27.159,2.350,2.920,0.539,46,175.8
20220905001016000_00001696.sum,2022-09-05T00:10:15.379,24.216519,99.719801,8.959,5.544,10.467,0.130,11,243.8
20220905001016000_00001756.sum,2022-09-05T00:10:15.000,24.202204,104.107201,18.008,1.650,6.804,0.719,17,106.3
20220905001016000_00001876.sum,2022-09-05T00:10:15.544,24.641839,99.710328,14.546,2.286,6.268,0.420,26,184.3
20220905001016000_00001936.sum,2022-09-05T00:10:15.001,24.646216,104.125673,21.008,1.930,6.232,0.224,19,48.7
20220905001016000_00002056.sum,2022-09-05T00:10:15.618,25.088260,99.173885,5.423,3.758,6.741,0.401,38,228.4
20220905001016000_00002116.sum,2022-09-05T00:10:15.378,25.103767,103.642294,22.002,1.814,4.428,0.571,26,45.0
20220905001016000_00002236.sum,2022-09-05T00:10:16.557,25.555372,98.731650,17.874,4.206,8.124,0.296,43,250.4
20220905001016000_00002296.sum,2022-09-05T00:10:15.114,25.564175,103.155844,13.828,2.009,12.553,0.223,19,57.2
20220905001016000_00002356.sum,2022-09-05T00:10:17.372,25.528768,107.262218,41.055,13.017,37.544,0.500,17,325.0
20220905001016000_00002416.sum,,,,,,,,,
20220905001016000_00002476.sum,2022-09-05T00:10:15.191,26.017948,102.653999,16.227,1.087,6.305,0.374,41,42.5
20220905001016000_00002536.sum,2022-09-05T00:10:16.710,25.995623,107.134727,45.181,9.682,32.798,0.398,28,324.6
20220905001016000_00002596.sum,,,,,,,,,
20220905001016000_00002656.sum,2022-09-05T00:10:15.522,26.468370,102.142623,11.006,1.249,5.389,0.299,37,39.4
20220905001016000_00002716.sum,2022-09-05T00:10:17.381,26.451421,106.578267,21.130,8.866,21.896,0.552,24,268.6
20220905001016000_00002836.sum,2022-09-05T00:10:15.612,26.898688,101.651100,10.427,2.447,5.727,0.354,27,86.7
20220905001016000_00002896.sum,2022-09-05T00:10:16.169,26.878972,106.119555,10.082,4.701,12.239,0.294,16,262.8
20220905001016000_00003016.sum,2022-09-05T00:10:15.620,27.357736,101.150006,19.081,1.400,9.135,0.492,29,36.3
20220905001016000_00003076.sum,2022-09-05T00:10:16.569,27.334473,106.631540,11.866,4.596,11.549,0.388,34,276.8
20220905001016000_00003196.sum,2022-09-05T00:10:15.436,27.821360,102.150335,19.141,1.876,3.336,0.203,17,131.7
20220905001016000_00003256.sum,2022-09-05T00:10:16.838,27.809752,106.690732,43.959,5.922,21.773,0.559,24,286.8
20220905001016000_00003316.sum,,,,,,,,,
20220905001016000_00003376.sum,2022-09-05T00:10:15.593,28.263258,102.144360,13.768,1.634,9.351,0.239,33,59.6
20220905001016000_00003436.sum,2022-09-05T00:10:16.306,28.246854,106.690297,10.618,5.321,9.874,0.240,33,264.4
20220905001016000_00003556.sum,2022-09-05T00:10:15.691,28.713815,102.134251,9.500,1.841,6.864,0.182,17,96.5
20220905001016000_00003616.sum,2022-09-05T00:10:16.741,28.717964,107.313836,41.295,11.170,34.797,0.407,31,313.8
20220905001016000_00003676.sum,,,,,,,,,
20220905001016000_00003736.sum,2022-09-05T00:10:15.419,29.178969,102.660786,17.848,1.266,4.694,0.395,35,56.9
20220905001016000_00003856.sum,2022-09-05T00:10:19.706,29.586399,98.179331,47.366,11.698,34.526,0.391,35,278.8
20220905001016000_00003916.sum,2022-09-05T00:10:15.301,29.618632,102.655024,27.588,1.074,2.589,0.436,49,29.4
20220905001016000_00003976.sum,2022-09-05T00:10:16.454,29.579000,107.313368,45.170,9.486,30.910,0.239,37,315.7
20220905001016000_00004036.sum,,,,,,,,,
20220905001016000_00004096.sum,2022-09-05T00:10:15.405,30.068227,102.660243,27.636,1.538,5.331,0.668,36,33.3
20220905001016000_00004156.sum,2022-09-05T00:10:16.741,30.027735,107.368594,38.874,11.101,36.876,0.357,38,316.3
20220905001016000_00004216.sum,,,,,,,,,
20220905001016000_00004276.sum,2022-09-05T00:10:15.333,30.526863,102.656091,12.247,1.287,4.869,0.252,28,41.4
20220905001016000_00004396.sum,2022-09-05T00:10:16.416,30.945744,98.537023,26.176,7.114,25.415,0.280,28,286.4
20220905001016000_00004456.sum,2022-09-05T00:10:15.095,30.966171,103.182159,29.837,1.786,5.066,0.375,33,66.1
20220905001016000_00004576.sum,2022-09-05T00:10:16.940,31.408221,98.001861,27.233,9.655,29.586,0.176,18,324.2
20220905001016000_00004636.sum,2022-09-05T00:10:15.283,31.420436,102.663224,19.014,1.655,5.943,0.512,40,163.9
20220905001016000_00004696.sum,2022-09-05T00:10:16.620,31.392092,107.353260,35.228,14.841,40.386,0.318,27,331.3
20220905001016000_00004816.sum,2022-09-05T00:10:16.030,31.855378,102.664678,6.647,4.069,11.946,0.286,36,227.0
20220905001016000_00004876.sum,2022-09-05T00:10:17.240,31.898359,107.401518,36.903,28.533,41.374,0.162,23,343.3
20220905001016000_00004996.sum,2022-09-05T00:10:16.554,32.230178,102.129115,17.271,10.715,16.928,0.262,17,245.7
20220905001016000_00005056.sum,,,,,,,,,
20220905001016000_00005176.sum,2022-09-05T00:10:17.014,32.710384,102.125418,25.786,8.082,23.676,0.510,33,274.6
20220905001016000_00005236.sum,2022-09-05T00:10:16.948,32.894833,106.888666,40.540,67.131,83.166,0.397,20,354.4
20220905001016000_00005356.sum,2022-09-05T00:10:19.279,33.080258,101.437058,42.199,25.072,41.631,0.216,10,325.8
20220905001017000_00000797.sum,,,,,,,,,
20220905001017000_00000857.sum,,,,,,,,,
20220905001017000_00000977.sum,2022-09-05T00:10:16.716,22.374168,100.711480,25.152,9.947,33.401,0.437,31,291.5
20220905001017000_00001037.sum,2022-09-05T00:10:17.690,22.446286,105.004398,42.573,9.416,29.713,0.381,28,326.4
20220905001017000_00001157.sum,2022-09-05T00:10:16.924,22.859022,100.710044,36.905,6.986,23.426,0.347,28,256.5
20220905001017000_00001217.sum,2022-09-05T00:10:17.003,22.863752,105.077349,29.852,5.467,19.979,0.440,40,290.1
20220905001017000_00001337.sum,2022-09-05T00:10:16.871,23.317164,100.210673,8.751,3.213,7.458,0.372,38,247.6
20220905001017000_00001397.sum,2022-09-05T00:10:17.623,23.357719,104.582379,14.454,4.106,5.373,0.338,39,246.2
20220905001017000_00001517.sum,2022-09-05T00:10:16.781,23.733997,99.709223,6.223,6.098,7.799,0.276,20,277.2
20220905001017000_00001577.sum,2022-09-05T00:10:16.541,23.768260,104.118684,16.400,2.376,3.843,0.268,33,156.8
20220905001017000_00001697.sum,2022-09-05T00:10:16.585,24.186851,99.714555,20.638,2.785,5.627,0.407,29,174.3
20220905001017000_00001757.sum,2022-09-05T00:10:16.370,24.206923,104.123189,18.288,1.634,3.688,0.223,23,110.3
20220905001017000_00001877.sum,2022-09-05T00:10:16.553,24.633338,99.695350,8.573,2.135,3.432,0.228,36,184.7
20220905001017000_00001937.sum,2022-09-05T00:10:16.408,24.647867,104.137966,7.084,1.207,5.006,0.210,23,63.1
20220905001017000_00002057.sum,2022-09-05T00:10:16.962,25.080893,99.219562,26.058,3.496,4.334,0.449,37,222.6
20220905001017000_00002117.sum,2022-09-05T00:10:16.716,25.094609,103.626479,10.930,2.369,7.224,0.370,20,57.4
20220905001017000_00002237.sum,2022-09-05T00:10:16.926,25.543183,98.733707,9.210,3.684,9.419,0.302,46,252.0
20220905001017000_00002297.sum,2022-09-05T00:10:16.499,25.545983,103.645496,25.065,1.012,2.062,0.388,48,25.5
20220905001017000_00002357.sum,2022-09-05T00:10:17.346,25.518006,107.248471,34.607,15.182,40.640,0.413,22,311.5
20220905001017000_00002417.sum,2022-09-05T00:10:16.838,25.985208,98.191869,12.619,6.782,20.118,0.471,26,286.1
20220905001017000_00002477.sum,2022-09-05T00:10:16.314,26.012371,102.655386,16.215,1.452,8.737,0.410,30,57.0
20220905001017000_00002597.sum,,,,,,,,,
20220905001017000_00002657.sum,2022-09-05T00:10:16.369,26.465389,102.154002,22.492,1.361,5.268,0.631,37,37.1
20220905001017000_00002717.sum,2022-09-05T00:10:17.473,26.479304,107.275335,38.286,12.582,39.040,0.432,28,321.0
20220905001017000_00002837.sum,2022-09-05T00:10:16.350,26.906981,101.644113,24.584,2.418,4.571,0.304,20,73.5
20220905001017000_00002897.sum,2022-09-05T00:10:17.320,26.872180,106.118257,15.792,5.788,13.951,0.304,21,252.2
20220905001017000_00003017.sum,2022-09-05T00:10:16.456,27.368687,101.138919,4.389,1.275,3.006,0.380,37,51.0
20220905001017000_00003077.sum,2022-09-05T00:10:17.546,27.332233,106.649041,10.226,4.119,10.847,0.368,36,270.1
20220905001017000_00003197.sum,2022-09-05T00:10:16.471,27.819888,102.146007,10.301,1.369,5.409,0.365,28,40.3
20220905001017000_00003257.sum,2022-09-05T00:10:17.193,27.777025,106.645613,13.990,7.158,13.852,0.323,19,272.8
20220905001017000_00003317.sum,,,,,,,,,
20220905001017000_00003377.sum,2022-09-05T00:10:16.289,28.267879,102.146910,26.878,1.387,4.957,0.480,26,74.9
20220905001017000_00003437.sum,2022-09-05T00:10:17.281,28.241866,106.676641,21.737,4.073,14.732,0.335,39,272.9
20220905001017000_00003497.sum,,,,,,,,,
20220905001017000_00003557.sum,2022-09-05T00:10:16.572,28.710250,102.148774,9.486,1.036,4.811,0.423,40,31.7
20220905001017000_00003617.sum,2022-09-05T00:10:18.170,28.702780,107.330847,41.819,11.227,34.803,0.271,33,313.6
20220905001017000_00003677.sum,,,,,,,,,
20220905001017000_00003737.sum,2022-09-05T00:10:16.290,29.173374,102.653830,29.622,1.748,6.271,0.396,33,51.3
20220905001017000_00003857.sum,2022-09-05T00:10:17.284,29.575728,98.095095,23.550,10.612,27.637,0.395,27,282.4
20220905001017000_00003917.sum,2022-09-05T00:10:15.987,29.610521,102.654911,32.877,2.020,7.576,0.349,23,59.8
20220905001017000_00003977.sum,2022-09-05T00:10:17.427,29.550105,107.295563,40.957,13.439,37.715,0.272,14,323.4
20220905001017000_00004037.sum,,,,,,,,,
20220905001017000_00004097.sum,2022-09-05T00:10:16.325,30.059268,102.653384,22.803,1.926,5.417,0.251,20,64.5
20220905001017000_00004157.sum,2022-09-05T00:10:17.968,30.011944,107.382433,45.973,12.945,31.981,0.217,23,318.1
20220905001017000_00004217.sum,2022-09-05T00:10:18.847,30.498028,98.071552,30.357,9.418,29.074,0.353,37,286.9
20220905001017000_00004277.sum,2022-09-05T00:10:16.298,30.524827,102.663325,13.892,3.260,4.123,0.175,17,116.8
20220905001017000_00004397.sum,2022-09-05T00:10:17.599,30.931741,99.059717,16.183,3.503,9.732,0.376,34,237.3
20220905001017000_00004457.sum,2022-09-05T00:10:16.275,30.962621,103.712007,6.526,1.581,4.625,0.331,32,88.0
20220905001017000_00004577.sum,2022-09-05T00:10:18.467,31.404936,98.531584,29.518,8.800,23.107,0.152,16,297.8
20220905001017000_00004637.sum,2022-09-05T00:10:16.550,31.414939,102.668394,15.126,2.565,7.963,0.499,39,144.4
20220905001017000_00004697.sum,2022-09-05T00:10:18.562,31.451615,107.391602,41.111,14.997,36.905,0.313,22,332.1
20220905001017000_00004757.sum,2022-09-05T00:10:17.859,31.894427,98.062123,28.117,12.329,31.338,0.234,17,336.1
20220905001017000_00004817.sum,2022-09-05T00:10:16.893,31.832357,102.666875,28.635,3.265,6.986,0.391,42,217.7
20220905001017000_00004877.sum,2022-09-05T00:10:18.519,31.849631,107.417130,47.542,20.107,33.381,0.175,30,344.8
20220905001017000_00004997.sum,2022-09-05T00:10:17.899,32.287908,102.135292,24.400,5.809,15.233,0.340,36,260.4
20220905001017000_00005057.sum,,,,,,,,,
20220905001017000_00005177.sum,2022-09-05T00:10:17.242,32.726304,102.126173,18.925,6.223,19.425,0.506,37,271.3
20220905001017000_00005237.sum,2022-09-05T00:10:18.596,32.558399,106.941088,40.347,67.901,84.146,0.237,14,353.8
20220905001017000_00005357.sum,2022-09-05T00:10:19.712,33.130446,101.491816,48.260,9.456,31.509,0.462,26,317.9
20220905001018000_00000798.sum,,,,,,,,,
20220905001018000_00000858.sum,,,,,,,,,
20220905001018000_00000978.sum,2022-09-05T00:10:17.777,22.341008,100.718816,38.135,9.182,31.741,0.374,36,291.1
20220905001018000_00001038.sum,2022-09-05T00:10:18.345,22.426831,105.039321,4.173,5.864,9.536,0.428,40,314.6
20220905001018000_00001158.sum,2022-09-05T00:10:18.092,22.884451,100.715471,18.898,4.442,8.794,0.239,26,277.8
20220905001018000_00001218.sum,2022-09-05T00:10:17.482,22.809119,105.100769,23.730,8.774,19.098,0.362,24,299.1
20220905001018000_00001338.sum,2022-09-05T00:10:18.046,23.328450,100.210122,10.556,3.407,6.572,0.263,34,268.2
20220905001018000_00001398.sum,2022-09-05T00:10:18.690,23.373129,104.578587,15.394,2.987,6.903,0.343,38,237.6
20220905001018000_00001518.sum,2022-09-05T00:10:17.691,23.752265,99.720723,15.267,3.891,5.009,0.335,27,257.3
20220905001018000_00001578.sum,2022-09-05T00:10:17.553,23.756568,104.596041,26.150,1.834,2.292,0.434,47,166.2
20220905001018000_00001698.sum,2022-09-05T00:10:17.487,24.180386,99.698411,10.024,1.702,3.573,0.550,46,183.3
20220905001018000_00001758.sum,2022-09-05T00:09:46.135,25.342526,106.292562,37.878,35.968,46.328,1.101,18,309.1
20220905001018000_00001878.sum,2022-09-05T00:10:17.496,24.643484,99.695975,25.768,4.455,5.551,0.235,27,211.3
20220905001018000_00001938.sum,2022-09-05T00:10:17.577,24.650140,104.131845,4.091,1.104,4.270,0.214,22,62.9
20220905001018000_00002058.sum,2022-09-05T00:10:17.766,25.085431,99.200261,13.834,4.003,8.203,0.274,36,231.4
20220905001018000_00002118.sum,2022-09-05T00:10:17.423,25.110430,103.645572,26.829,1.720,3.576,0.300,26,56.3
20220905001018000_00002238.sum,2022-09-05T00:10:18.082,25.530093,98.711178,28.909,4.935,12.135,0.433,30,248.4
20220905001018000_00002298.sum,2022-09-05T00:10:17.310,25.558055,103.649427,27.512,1.507,2.609,0.281,35,40.2
20220905001018000_00002418.sum,2022-09-05T00:10:17.961,25.956362,98.203865,26.526,7.699,36.886,0.399,24,283.8
20220905001018000_00002478.sum,2022-09-05T00:10:17.432,26.012140,102.651958,15.653,1.498,5.623,0.382,23,73.3
20220905001018000_00002598.sum,,,,,,,,,
20220905001018000_00002658.sum,2022-09-05T00:10:17.449,26.457490,102.657095,14.924,2.198,12.797,0.282,14,78.2
20220905001018000_00002718.sum,2022-09-05T00:10:19.116,26.449122,107.235248,40.434,11.682,36.600,0.509,35,320.4
20220905001018000_00002838.sum,2022-09-05T00:10:17.748,26.915167,101.644635,6.690,1.208,6.322,0.260,36,57.7
20220905001018000_00002898.sum,2022-09-05T00:10:18.435,26.896618,106.648400,37.191,9.734,20.582,0.255,19,290.7
20220905001018000_00003018.sum,2022-09-05T00:10:17.319,27.356494,101.640446,14.749,1.232,6.144,0.390,41,29.9
20220905001018000_00003078.sum,2022-09-05T00:10:18.684,27.333430,106.648135,9.202,5.338,9.829,0.222,27,273.8
20220905001018000_00003198.sum,2022-09-05T00:10:17.324,27.819230,102.137409,17.791,1.449,7.282,0.383,33,40.4
20220905001018000_00003258.sum,2022-09-05T00:10:17.517,27.822991,106.689419,29.405,11.732,22.367,0.321,17,305.3
20220905001018000_00003318.sum,,,,,,,,,
20220905001018000_00003378.sum,2022-09-05T00:10:17.493,28.257951,102.140343,26.669,1.370,4.241,0.421,44,31.1
20220905001018000_00003438.sum,2022-09-05T00:10:19.842,28.225976,107.342976,39.485,12.139,36.579,0.340,27,323.9
20220905001018000_00003498.sum,,,,,,,,,
20220905001018000_00003558.sum,2022-09-05T00:10:17.408,28.707532,102.147196,18.318,1.149,4.380,0.519,45,31.1
20220905001018000_00003618.sum,2022-09-05T00:10:19.167,28.653551,107.364514,39.684,18.891,38.978,0.112,8,334.3
20220905001018000_00003678.sum,,,,,,,,,
20220905001018000_00003738.sum,2022-09-05T00:10:17.292,29.179606,103.161747,27.455,1.669,3.682,0.374,28,45.9
20220905001018000_00003858.sum,2022-09-05T00:10:30.375,29.855080,100.789446,29.766,25.951,34.660,1.185,10,262.6
20220905001018000_00003918.sum,2022-09-05T00:10:17.382,29.613625,102.652422,10.385,1.471,8.152,0.222,28,44.1
20220905001018000_00003978.sum,2022-09-05T00:10:18.555,29.554242,107.386661,37.555,15.234,39.906,0.305,22,315.1
20220905001018000_00004038.sum,,,,,,,,,
20220905001018000_00004098.sum,2022-09-05T00:10:17.243,30.076010,102.654888,24.770,2.028,8.607,0.340,27,75.5
20220905001018000_00004158.sum,2022-09-05T00:10:19.483,30.038975,107.277750,43.081,14.860,34.684,0.241,22,320.4
20220905001018000_00004218.sum,2022-09-05T00:10:19.018,30.490887,98.052315,31.608,12.386,35.631,0.205,16,301.1
20220905001018000_00004278.sum,2022-09-05T00:10:17.217,30.522982,102.660483,19.542,1.298,4.833,0.468,43,63.9
20220905001018000_00004398.sum,2022-09-05T00:10:18.444,30.936008,99.029015,17.149,6.440,18.437,0.313,24,277.8
20220905001018000_00004458.sum,2022-09-05T00:10:17.396,30.959152,103.698116,17.152,1.312,3.079,0.345,39,64.7
20220905001018000_00004578.sum,2022-09-05T00:10:18.534,31.374335,98.522710,22.924,11.878,23.709,0.300,25,289.2
20220905001018000_00004638.sum,2022-09-05T00:10:17.039,31.424626,102.660538,19.137,4.100,9.838,0.448,18,186.7
20220905001018000_00004758.sum,2022-09-05T00:10:19.224,31.886325,98.021522,36.248,12.681,36.201,0.306,30,330.0
20220905001018000_00004818.sum,2022-09-05T00:10:17.844,31.834604,102.654243,17.561,3.733,9.745,0.426,31,217.9
20220905001018000_00004878.sum,2022-09-05T00:10:20.049,31.930792,107.513051,41.121,25.202,39.294,0.280,25,345.9
20220905001018000_00004998.sum,2022-09-05T00:10:18.684,32.289979,102.667494,25.603,6.052,23.352,0.424,32,240.9
20220905001018000_00005058.sum,,,,,,,,,
20220905001018000_00005178.sum,2022-09-05T00:10:18.128,32.739418,102.678910,20.453,6.808,19.839,0.635,37,275.8
20220905001018000_00005238.sum,2022-09-05T00:10:18.901,32.787121,107.031396,40.553,65.265,80.857,0.910,20,354.4
20220905001018000_00005358.sum,2022-09-05T00:10:21.137,33.109287,102.135049,42.109,11.099,35.862,0.306,13,321.9
20220905001019000_00000799.sum,,,,,,,,,
20220905001019000_00000859.sum,,,,,,,,,
20220905001019000_00000979.sum,2022-09-05T00:10:18.741,22.306267,100.713664,27.983,13.857,40.314,0.588,24,296.7
20220905001019000_00001039.sum,2022-09-05T00:10:19.234,22.379149,104.987083,42.358,11.532,32.282,0.225,13,323.4
20220905001019000_00001159.sum,2022-09-05T00:10:19.533,22.895193,100.722551,24.221,6.037,14.537,0.437,34,253.4
20220905001019000_00001219.sum,2022-09-05T00:10:19.314,22.892314,105.070317,17.645,11.559,14.721,0.300,16,317.3
20220905001019000_00001339.sum,2022-09-05T00:10:18.750,23.319785,100.205157,22.851,3.251,4.880,0.322,43,267.0
20220905001019000_00001399.sum,2022-09-05T00:10:18.839,23.311429,104.599377,7.006,5.687,8.040,0.283,15,265.6
20220905001019000_00001519.sum,2022-09-05T00:10:18.914,23.764529,99.728367,20.553,3.818,4.747,0.332,30,265.0
20220905001019000_00001579.sum,2022-09-05T00:10:19.039,23.783104,104.598907,9.073,2.336,5.345,0.474,38,153.0
20220905001019000_00001699.sum,2022-09-05T00:10:18.611,24.198756,99.716903,15.200,1.989,5.709,0.238,25,191.2
20220905001019000_00001759.sum,2022-09-05T00:10:18.547,24.209775,104.121236,13.971,3.812,9.538,0.655,23,146.8
20220905001019000_00001879.sum,2022-09-05T00:10:18.603,24.635982,99.685175,30.358,4.868,8.276,0.283,23,230.5
20220905001019000_00001939.sum,2022-09-05T00:10:18.266,24.647322,104.620104,21.876,1.343,3.565,0.351,34,71.7
20220905001019000_00002059.sum,2022-09-05T00:10:18.758,25.084002,99.210321,24.425,4.579,5.722,0.307,25,228.4
20220905001019000_00002119.sum,2022-09-05T00:10:18.300,25.111271,103.650149,11.990,1.536,11.293,0.271,26,73.6
20220905001019000_00002239.sum,2022-09-05T00:10:18.781,25.529091,98.693319,21.738,5.753,7.805,0.336,29,253.1
20220905001019000_00002299.sum,2022-09-05T00:10:18.527,25.556445,103.645241,25.843,1.335,2.484,0.300,39,40.9
20220905001019000_00002419.sum,2022-09-05T00:10:19.328,25.978659,98.239646,17.201,8.830,23.019,0.341,21,294.3
20220905001019000_00002479.sum,2022-09-05T00:10:18.568,26.000961,102.650708,21.086,1.732,4.973,0.408,28,76.2
20220905001019000_00002599.sum,,,,,,,,,
20220905001019000_00002659.sum,2022-09-05T00:10:18.230,26.463367,102.650521,18.333,1.436,8.980,0.243,25,40.6
20220905001019000_00002719.sum,2022-09-05T00:10:20.150,26.468719,107.231787,40.490,11.419,37.121,0.411,33,321.4
20220905001019000_00002779.sum,,,,,,,,,
20220905001019000_00002839.sum,2022-09-05T00:10:18.109,26.907572,101.644720,18.571,1.950,3.972,0.475,25,99.0
20220905001019000_00002899.sum,2022-09-05T00:10:19.104,26.884278,106.630909,12.322,5.123,13.397,0.406,25,283.4
20220905001019000_00003019.sum,2022-09-05T00:10:18.166,27.364978,101.633718,23.419,1.955,3.967,0.363,23,58.1
20220905001019000_00003079.sum,2022-09-05T00:10:19.994,27.333316,106.642400,11.056,5.156,12.750,0.324,33,277.8
20220905001019000_00003199.sum,2022-09-05T00:10:18.672,27.818198,102.136033,3.735,1.165,3.523,0.361,38,40.9
20220905001019000_00003259.sum,2022-09-05T00:10:19.607,27.757009,107.264879,41.908,10.215,33.825,0.444,30,313.9
20220905001019000_00003319.sum,,,,,,,,,
20220905001019000_00003379.sum,2022-09-05T00:10:18.626,28.265965,102.150769,14.513,1.685,6.718,0.313,28,36.9
20220905001019000_00003439.sum,2022-09-05T00:10:21.333,28.241403,107.106275,46.451,44.251,55.302,0.399,28,321.1
20220905001019000_00003499.sum,,,,,,,,,
20220905001019000_00003559.sum,2022-09-05T00:10:18.222,28.716363,102.655679,12.536,1.990,8.532,0.605,16,108.1
20220905001019000_00003619.sum,2022-09-05T00:10:20.688,28.751039,107.359778,38.862,15.368,38.283,0.408,17,329.2
20220905001019000_00003679.sum,2022-09-05T00:10:22.364,29.144286,98.159817,43.023,9.751,25.449,0.431,39,279.7
20220905001019000_00003739.sum,2022-09-05T00:10:18.494,29.165186,103.165552,15.461,1.366,5.655,0.333,29,58.0
20220905001019000_00003859.sum,2022-09-05T00:10:19.210,29.597653,98.137506,34.074,13.521,39.095,0.388,24,286.2
20220905001019000_00003919.sum,2022-09-05T00:10:18.158,29.626717,102.656277,31.758,1.831,5.280,0.386,30,52.9
20220905001019000_00003979.sum,2022-09-05T00:10:20.372,29.603608,107.284406,43.522,10.041,34.983,0.175,21,320.6
20220905001019000_00004039.sum,,,,,,,,,
20220905001019000_00004099.sum,2022-09-05T00:10:18.461,30.068159,102.652995,13.339,1.255,3.987,0.347,37,46.9
20220905001019000_00004159.sum,2022-09-05T00:10:20.651,30.063380,107.409837,42.575,11.748,35.348,0.242,28,322.0
20220905001019000_00004219.sum,2022-09-05T00:10:20.019,30.505708,98.079734,23.303,7.200,23.841,0.469,42,282.9
20220905001019000_00004279.sum,2022-09-05T00:10:18.406,30.520030,102.668460,20.373,2.246,3.579,0.276,26,89.4
20220905001019000_00004399.sum,2022-09-05T00:10:19.081,30.951838,99.049062,18.935,3.434,11.243,0.385,38,244.7
20220905001019000_00004459.sum,2022-09-05T00:10:18.744,30.970520,103.717109,4.112,1.335,3.231,0.202,21,64.7
20220905001019000_00004579.sum,2022-09-05T00:10:20.023,31.395008,98.499910,22.131,6.224,21.670,0.371,29,300.7
20220905001019000_00004639.sum,2022-09-05T00:10:18.225,31.423466,103.196928,26.742,1.942,3.325,0.426,43,144.5
20220905001019000_00004759.sum,2022-09-05T00:10:20.634,31.839230,97.997363,30.741,14.421,33.371,0.214,22,329.5
20220905001019000_00004819.sum,2022-09-05T00:10:18.612,31.854383,102.655365,16.074,6.473,10.529,0.223,14,219.2
20220905001019000_00004879.sum,2022-09-05T00:10:20.561,31.867902,107.428700,42.191,19.649,39.200,0.424,40,345.1
20220905001019000_00004999.sum,2022-09-05T00:10:19.508,32.302040,102.661486,20.807,5.051,18.178,0.354,42,244.0
20220905001019000_00005179.sum,2022-09-05T00:10:20.238,32.739629,102.651965,20.182,8.629,22.448,0.431,16,289.4
20220905001019000_00005239.sum,2022-09-05T00:10:20.141,32.601680,107.016984,42.725,51.748,64.124,0.257,20,353.9
20220905001019000_00005359.sum,2022-09-05T00:10:22.238,33.090438,102.151787,48.544,11.298,28.794,0.313,29,319.2
20220905001020000_00000800.sum,,,,,,,,,
20220905001020000_00000860.sum,,,,,,,,,
20220905001020000_00000980.sum,2022-09-05T00:10:20.049,22.371624,100.728315,35.149,10.591,32.843,0.408,30,299.2
20220905001020000_00001040.sum,2022-09-05T00:10:20.824,22.398687,105.516229,41.344,13.416,31.958,0.358,28,334.8
20220905001020000_00001160.sum,2022-09-05T00:10:20.473,22.886132,100.714215,8.725,4.594,8.609,0.617,24,263.8
20220905001020000_00001220.sum,2022-09-05T00:10:20.444,22.849064,105.564376,45.937,6.046,24.794,0.307,28,318.9
20220905001020000_00001340.sum,2022-09-05T00:10:20.237,23.320134,100.188735,9.390,6.084,14.279,0.279,15,260.3
20220905001020000_00001400.sum,2022-09-05T00:10:20.371,23.334435,105.069328,22.269,5.109,6.354,0.429,26,279.6
20220905001020000_00001520.sum,2022-09-05T00:10:18.817,23.718410,99.708942,24.276,4.681,6.181,0.464,25,277.6
20220905001020000_00001580.sum,2022-09-05T00:10:19.522,23.756156,104.599791,8.083,2.463,5.801,0.417,33,199.5
20220905001020000_00001700.sum,2022-09-05T00:10:19.229,24.179151,99.688800,5.286,3.237,7.571,0.363,26,184.6
20220905001020000_00001760.sum,2022-09-05T00:10:19.404,24.193898,104.608739,14.503,1.567,5.065,0.344,31,95.7
20220905001020000_00001880.sum,2022-09-05T00:10:19.432,24.639104,99.684445,7.147,5.283,9.809,0.274,18,234.8
20220905001020000_00001940.sum,2022-09-05T00:10:19.312,24.638107,104.623196,27.358,1.796,3.418,0.297,29,87.3
20220905001020000_00002060.sum,2022-09-05T00:10:19.903,25.092590,99.213126,22.248,3.520,4.588,0.431,39,246.6
20220905001020000_00002120.sum,2022-09-05T00:10:19.582,25.101727,103.651753,12.400,2.325,8.510,0.427,17,91.7
20220905001020000_00002240.sum,2022-09-05T00:10:19.285,25.537919,99.174421,11.166,3.191,8.692,0.298,33,222.8
20220905001020000_00002300.sum,2022-09-05T00:10:19.328,25.561597,103.643833,26.825,1.711,3.019,0.280,22,45.9
20220905001020000_00002420.sum,2022-09-05T00:10:19.777,25.985070,98.202893,11.673,5.719,18.539,0.304,34,288.5
20220905001020000_00002480.sum,2022-09-05T00:10:19.123,26.006697,102.639930,24.265,1.815,5.049,0.509,32,55.2
20220905001020000_00002600.sum,2022-09-05T00:10:21.204,26.426698,98.309614,17.656,23.474,29.155,0.188,16,314.1
20220905001020000_00002660.sum,2022-09-05T00:10:19.340,26.463641,102.654993,17.695,1.568,7.971,0.397,31,41.7
20220905001020000_00002720.sum,2022-09-05T00:10:21.813,26.442897,107.232318,39.354,20.667,38.709,0.362,10,321.2
20220905001020000_00002780.sum,,,,,,,,,
20220905001020000_00002840.sum,2022-09-05T00:10:19.449,26.905125,101.639517,9.650,1.335,4.425,0.318,39,43.7
20220905001020000_00002900.sum,2022-09-05T00:10:19.974,26.898961,106.631999,9.957,4.947,11.068,0.477,32,266.9
20220905001020000_00003020.sum,2022-09-05T00:10:19.500,27.377226,101.642330,22.183,1.679,3.803,0.308,17,67.0
20220905001020000_00003080.sum,2022-09-05T00:10:20.191,27.347958,106.662056,8.736,6.094,10.208,0.286,29,273.5
20220905001020000_00003200.sum,2022-09-05T00:10:19.337,27.824292,102.138071,20.407,1.365,4.997,0.374,37,48.8
20220905001020000_00003260.sum,2022-09-05T00:10:20.362,27.781455,107.234858,45.391,8.477,28.487,0.549,35,312.6
20220905001020000_00003320.sum,,,,,,,,,
20220905001020000_00003380.sum,2022-09-05T00:10:19.437,28.275724,102.666753,15.578,1.501,5.468,0.255,28,67.7
20220905001020000_00003440.sum,2022-09-05T00:10:21.274,28.210503,107.325200,39.855,11.572,35.997,0.430,28,313.8
20220905001020000_00003500.sum,,,,,,,,,
20220905001020000_00003560.sum,2022-09-05T00:10:19.475,28.728456,102.654349,2.801,1.236,3.525,0.523,36,31.0
20220905001020000_00003620.sum,2022-09-05T00:10:20.831,28.719305,107.330865,38.451,12.574,37.781,0.370,18,315.1
20220905001020000_00003680.sum,2022-09-05T00:10:23.420,29.146667,98.166077,40.603,10.238,23.484,0.428,38,274.8
20220905001020000_00003740.sum,2022-09-05T00:10:19.376,29.164266,103.162618,27.200,1.846,7.181,0.571,25,71.7
20220905001020000_00003860.sum,2022-09-05T00:10:21.911,29.605753,98.098238,32.265,11.859,33.785,0.585,23,283.0
20220905001020000_00003920.sum,2022-09-05T00:10:19.328,29.618459,102.662068,12.801,1.456,4.027,0.422,34,39.0
20220905001020000_00003980.sum,2022-09-05T00:10:20.882,29.588038,107.389360,35.857,12.836,40.217,0.674,27,328.3
20220905001020000_00004040.sum,,,,,,,,,
20220905001020000_00004100.sum,2022-09-05T00:10:19.279,30.075411,102.663772,28.468,1.716,5.320,0.356,30,60.7
20220905001020000_00004220.sum,2022-09-05T00:10:20.900,30.492189,98.100289,32.636,11.725,36.672,0.625,34,286.8
20220905001020000_00004280.sum,2022-09-05T00:10:19.736,30.509427,102.658970,18.008,1.812,10.353,0.255,23,62.1
20220905001020000_00004400.sum,2022-09-05T00:10:19.968,30.946466,99.025406,2.163,3.705,4.604,0.312,38,252.8
20220905001020000_00004460.sum,2022-09-05T00:10:19.312,30.971279,103.706906,19.339,1.426,3.563,0.363,47,32.1
20220905001020000_00004580.sum,2022-09-05T00:10:20.570,31.398757,98.537376,24.630,6.000,18.828,0.416,41,294.3
20220905001020000_00004640.sum,2022-09-05T00:10:19.190,31.420285,103.191233,18.664,2.356,4.016,0.476,38,110.3
20220905001020000_00004760.sum,2022-09-05T00:10:21.230,31.852300,98.008669,34.918,10.695,34.689,0.509,36,330.4
20220905001020000_00004820.sum,2022-09-05T00:10:19.861,31.863092,102.658126,18.715,5.930,12.480,0.231,24,217.4
20220905001020000_00004880.sum,2022-09-05T00:10:21.966,31.936870,107.366222,39.521,25.911,39.858,0.386,31,345.0
20220905001020000_00004940.sum,2022-09-05T00:10:20.356,32.317523,97.998514,32.653,20.318,36.490,0.221,29,345.9
20220905001020000_00005000.sum,2022-09-05T00:10:20.031,32.300171,102.655714,18.315,4.711,15.722,0.409,34,237.2
20220905001020000_00005180.sum,2022-09-05T00:10:19.900,32.722583,102.661849,20.529,9.760,25.173,0.254,13,290.7
20220905001020000_00005240.sum,2022-09-05T00:10:20.968,32.749605,106.871119,40.031,62.952,78.016,0.350,20,354.0
20220905001020000_00005360.sum,2022-09-05T00:10:22.877,33.112821,102.137456,46.711,7.467,30.819,0.371,31,313.4
20220905001021000_00000801.sum,,,,,,,,,
20220905001021000_00000861.sum,,,,,,,,,
20220905001021000_00000981.sum,2022-09-05T00:10:20.753,22.297147,100.710155,31.910,16.784,38.438,0.319,20,302.4
20220905001021000_00001041.sum,2022-09-05T00:10:21.586,22.400449,105.569314,41.685,9.760,31.020,0.432,35,329.7
20220905001021000_00001161.sum,2022-09-05T00:10:21.112,22.898716,101.199198,16.233,4.290,5.451,0.569,37,255.9
20220905001021000_00001221.sum,2022-09-05T00:10:21.180,22.812377,105.579515,34.588,7.293,24.206,0.302,37,312.6
20220905001021000_00001341.sum,2022-09-05T00:10:20.489,23.298482,100.698119,4.212,3.554,5.824,0.281,38,228.7
20220905001021000_00001401.sum,2022-09-05T00:10:20.977,23.319451,105.096950,25.247,3.835,4.956,0.522,37,267.2
20220905001021000_00001521.sum,2022-09-05T00:10:20.309,23.754179,100.193007,21.044,2.250,4.608,0.380,27,174.7
20220905001021000_00001581.sum,2022-09-05T00:10:20.283,23.755215,104.603576,15.766,2.347,3.867,0.335,28,173.1
20220905001021000_00001701.sum,2022-09-05T00:10:20.692,24.179198,100.192949,5.636,1.556,7.658,0.365,27,57.3
20220905001021000_00001761.sum,2022-09-05T00:10:20.590,24.191331,104.622146,2.707,1.567,3.775,0.216,18,67.6
20220905001021000_00001881.sum,2022-09-05T00:10:20.231,24.639082,100.186185,24.530,1.598,3.752,0.302,29,81.3
20220905001021000_00001941.sum,2022-09-05T00:10:20.427,24.647766,104.623499,9.977,1.776,5.311,0.235,28,108.4
20220905001021000_00002061.sum,2022-09-05T00:10:20.588,25.086728,99.200326,6.714,2.880,6.649,0.625,35,231.6
20220905001021000_00002121.sum,2022-09-05T00:10:20.680,25.101588,103.639391,6.741,2.010,9.330,0.263,22,103.8
20220905001021000_00002241.sum,2022-09-05T00:10:20.726,25.547007,99.185203,7.262,3.977,7.315,0.356,36,220.8
20220905001021000_00002301.sum,2022-09-05T00:10:20.076,25.565278,103.653940,23.568,1.612,4.233,0.707,27,60.9
20220905001021000_00002421.sum,2022-09-05T00:10:21.040,26.019063,98.176015,24.438,11.896,36.528,0.180,16,280.9
20220905001021000_00002481.sum,2022-09-05T00:10:20.259,26.019823,102.644190,22.044,1.578,4.930,0.305,23,58.1
20220905001021000_00002601.sum,2022-09-05T00:10:20.993,26.434246,98.225841,24.007,7.608,30.928,0.396,37,285.3
20220905001021000_00002661.sum,2022-09-05T00:10:20.456,26.461151,102.651291,12.805,2.047,10.868,0.295,21,53.6
20220905001021000_00002721.sum,2022-09-05T00:10:21.706,26.445383,107.217513,38.683,13.674,36.221,0.632,28,313.2
20220905001021000_00002781.sum,,,,,,,,,
20220905001021000_00002841.sum,2022-09-05T00:10:20.271,26.907721,102.140096,22.309,1.915,6.121,0.288,27,74.7
20220905001021000_00002901.sum,2022-09-05T00:10:21.257,26.920011,106.638827,20.325,11.207,27.385,0.439,11,282.6
20220905001021000_00003021.sum,2022-09-05T00:10:20.260,27.368477,101.651988,26.642,1.892,7.587,0.259,16,65.2
20220905001021000_00003081.sum,2022-09-05T00:10:21.628,27.338223,106.654300,9.681,4.694,11.532,0.257,23,278.3
20220905001021000_00003201.sum,2022-09-05T00:10:20.507,27.811089,102.142778,3.261,1.172,2.891,0.272,32,62.3
20220905001021000_00003261.sum,2022-09-05T00:10:20.929,27.482774,103.414819,54.504,14.099,22.346,0.851,21,320.8
20220905001021000_00003321.sum,,,,,,,,,
20220905001021000_00003381.sum,2022-09-05T00:10:20.548,28.257652,102.658407,4.232,1.254,4.470,0.270,28,54.0
20220905001021000_00003441.sum,2022-09-05T00:10:21.646,28.264335,107.215606,41.046,16.438,36.194,0.331,15,334.9
20220905001021000_00003501.sum,,,,,,,,,
20220905001021000_00003561.sum,2022-09-05T00:10:20.702,28.722015,102.667467,12.025,1.693,5.734,0.383,32,31.4
20220905001021000_00003621.sum,2022-09-05T00:10:21.819,28.718755,107.303199,39.958,21.255,36.229,1.379,27,318.6
20220905001021000_00003681.sum,2022-09-05T00:10:24.409,29.127833,98.186744,38.993,11.549,37.891,0.473,22,281.4
20220905001021000_00003741.sum,2022-09-05T00:10:20.445,29.171397,103.159597,15.782,1.623,6.239,0.220,26,53.8
20220905001021000_00003861.sum,2022-09-05T00:10:21.425,29.592547,98.586567,15.625,4.947,14.991,0.373,26,249.3
20220905001021000_00003921.sum,2022-09-05T00:10:20.617,29.624096,102.699509,11.471,6.462,9.657,0.331,12,134.8
20220905001021000_00004041.sum,2022-09-05T00:10:22.665,30.052474,98.120578,30.379,10.093,27.725,0.443,49,272.9
20220905001021000_00004101.sum,2022-09-05T00:10:20.450,30.074912,102.652701,14.585,1.515,4.383,0.239,28,74.8
20220905001021000_00004221.sum,2022-09-05T00:10:22.855,30.495859,98.069587,33.953,11.107,37.591,0.966,21,285.2
20220905001021000_00004281.sum,2022-09-05T00:10:19.969,30.512182,103.190389,20.144,1.971,9.553,0.702,27,88.5
20220905001021000_00004401.sum,2022-09-05T00:10:20.833,30.951025,99.040325,14.617,4.447,12.716,0.385,29,265.9
20220905001021000_00004461.sum,2022-09-05T00:10:20.388,30.968662,103.709968,3.459,1.076,2.282,0.411,38,90.1
20220905001021000_00004581.sum,2022-09-05T00:10:21.903,31.405253,98.498297,22.433,5.562,20.011,0.500,47,295.0
20220905001021000_00004641.sum,2022-09-05T00:10:20.329,31.407912,103.176055,22.461,1.956,4.047,0.365,30,96.3
20220905001021000_00004761.sum,2022-09-05T00:10:21.234,31.861914,97.972752,28.050,10.014,31.451,0.396,25,329.9
20220905001021000_00004821.sum,2022-09-05T00:10:21.060,31.841497,102.673845,20.162,4.132,15.374,0.333,23,228.8
20220905001021000_00004881.sum,2022-09-05T00:10:21.902,31.830543,107.468117,36.557,24.779,40.984,0.367,22,345.1
20220905001021000_00004941.sum,2022-09-05T00:10:22.100,32.293548,98.007993,39.768,14.307,37.182,0.290,46,344.1
20220905001021000_00005001.sum,2022-09-05T00:10:21.690,32.295205,102.662580,20.228,7.043,20.165,0.243,22,253.5
20220905001021000_00005181.sum,2022-09-05T00:10:22.676,32.716149,102.657465,36.220,9.799,29.722,0.363,25,274.6
20220905001021000_00005241.sum,2022-09-05T00:10:21.913,32.958065,106.646211,36.114,61.200,75.836,0.312,18,353.5
20220905001021000_00005361.sum,2022-09-05T00:10:24.177,33.103690,102.160613,44.145,8.790,33.478,0.478,29,318.0
20220905001022000_00000802.sum,,,,,,,,,
20220905001022000_00000862.sum,,,,,,,,,
20220905001022000_00000982.sum,2022-09-05T00:10:22.362,22.361597,100.728410,41.181,14.527,34.057,0.429,21,310.9
20220905001022000_00001042.sum,2022-09-05T00:10:23.411,22.386560,105.500970,40.401,10.383,32.881,0.341,29,329.3
20220905001022000_00001162.sum,2022-09-05T00:10:22.743,22.876139,101.198079,10.284,5.218,11.934,0.653,16,262.2
20220905001022000_00001222.sum,2022-09-05T00:10:22.413,22.865553,105.577644,47.468,6.050,23.485,0.338,38,315.3
20220905001022000_00001342.sum,2022-09-05T00:10:22.400,23.351544,100.698136,17.140,6.626,9.511,0.338,17,251.4
20220905001022000_00001402.sum,2022-09-05T00:10:22.165,23.323573,105.072636,4.081,5.589,7.032,0.205,29,266.6
20220905001022000_00001522.sum,2022-09-05T00:10:21.583,23.768470,100.211134,15.488,1.692,3.713,0.346,46,182.3
20220905001022000_00001582.sum,2022-09-05T00:10:21.686,23.753462,104.593970,7.013,3.892,6.382,1.242,26,180.8
20220905001022000_00001702.sum,2022-09-05T00:10:21.670,24.197457,100.203011,12.712,1.801,4.642,0.377,31,126.8
20220905001022000_00001762.sum,2022-09-05T00:10:21.494,24.196202,104.614681,4.389,1.055,4.615,0.296,33,46.0
20220905001022000_00001882.sum,2022-09-05T00:10:21.384,24.646951,100.173481,8.149,1.586,4.376,0.378,35,72.8
20220905001022000_00001942.sum,2022-09-05T00:10:21.468,24.661627,104.615656,13.685,1.530,5.590,0.539,22,107.9
20220905001022000_00002062.sum,2022-09-05T00:10:22.258,25.105096,99.230117,16.891,5.062,13.190,0.348,17,244.2
20220905001022000_00002122.sum,2022-09-05T00:10:21.210,25.104303,103.640935,21.019,2.067,4.601,0.356,34,88.3
20220905001022000_00002242.sum,2022-09-05T00:10:21.591,25.551195,99.183322,14.874,5.009,9.617,0.303,24,220.4
20220905001022000_00002302.sum,2022-09-05T00:10:21.380,25.559824,103.659067,14.390,1.719,3.380,0.200,25,68.9
20220905001022000_00002422.sum,2022-09-05T00:10:21.755,25.988582,98.187833,18.497,6.387,27.479,0.383,35,290.6
20220905001022000_00002482.sum,2022-09-05T00:10:21.541,26.020828,103.143670,14.910,2.843,8.297,0.432,16,87.9
20220905001022000_00002602.sum,2022-09-05T00:10:24.529,26.473865,98.241028,31.046,10.081,31.630,0.403,34,282.9
20220905001022000_00002662.sum,2022-09-05T00:10:21.508,26.470941,102.633138,18.647,2.612,6.715,0.288,20,65.9
20220905001022000_00002722.sum,2022-09-05T00:10:23.238,26.447244,107.280089,42.270,9.921,34.485,0.280,43,312.7
20220905001022000_00002782.sum,,,,,,,,,
20220905001022000_00002842.sum,2022-09-05T00:10:21.060,26.912519,102.128442,22.424,2.734,5.112,0.467,24,120.1
20220905001022000_00002902.sum,2022-09-05T00:10:22.651,26.907971,106.631598,34.341,8.667,20.199,0.445,23,272.7
20220905001022000_00003022.sum,2022-09-05T00:10:21.577,27.364307,101.639484,12.286,1.552,8.234,0.292,30,81.3
20220905001022000_00003082.sum,2022-09-05T00:10:22.264,27.347223,106.651394,24.495,5.013,8.143,0.516,31,281.8
20220905001022000_00003202.sum,2022-09-05T00:10:21.526,27.812456,102.664634,5.047,1.311,4.538,0.223,29,36.9
20220905001022000_00003262.sum,2022-09-05T00:10:22.654,27.753382,107.259996,47.794,7.841,27.033,0.395,35,312.2
20220905001022000_00003322.sum,2022-09-05T00:10:23.063,28.257837,98.187528,25.773,9.984,26.906,0.288,43,280.9
20220905001022000_00003382.sum,2022-09-05T00:10:21.418,28.259686,102.657224,10.571,1.972,8.227,0.444,26,64.5
20220905001022000_00003442.sum,2022-09-05T00:10:22.401,28.224386,107.248278,43.271,9.989,32.673,0.439,28,315.3
20220905001022000_00003502.sum,,,,,,,,,
20220905001022000_00003562.sum,2022-09-05T00:10:21.604,28.720904,102.664555,5.300,1.286,3.548,0.317,40,40.2
20220905001022000_00003682.sum,2022-09-05T00:10:23.263,29.153680,98.131106,26.667,12.681,29.186,0.327,22,282.7
20220905001022000_00003742.sum,2022-09-05T00:10:21.277,29.161406,103.160740,16.207,1.816,7.191,0.510,30,49.8
20220905001022000_00003862.sum,2022-09-05T00:10:22.493,29.600530,98.604653,19.957,5.261,18.146,0.326,42,254.6
20220905001022000_00003922.sum,2022-09-05T00:10:21.251,29.618837,102.657732,13.992,1.541,5.355,0.337,29,98.2
20220905001022000_00004042.sum,2022-09-05T00:10:23.046,30.036613,98.040098,23.999,8.157,24.939,0.500,44,278.6
20220905001022000_00004102.sum,2022-09-05T00:10:21.113,30.073117,103.185758,26.900,1.475,3.930,0.517,30,40.1
20220905001022000_00004222.sum,2022-09-05T00:10:23.311,30.503307,98.018133,28.099,11.227,31.272,0.256,22,295.4
20220905001022000_00004282.sum,2022-09-05T00:10:21.605,30.518345,103.183076,4.318,1.118,2.844,0.415,38,36.2
20220905001022000_00004402.sum,2022-09-05T00:10:22.286,30.944759,99.026191,20.308,3.552,12.407,0.398,37,240.9
20220905001022000_00004462.sum,2022-09-05T00:10:21.350,30.968433,103.711752,17.661,1.360,3.046,0.300,34,64.8
20220905001022000_00004582.sum,2022-09-05T00:10:22.721,31.391068,98.510965,20.767,5.860,23.071,0.372,38,292.4
20220905001022000_00004642.sum,2022-09-05T00:10:21.725,31.423361,103.176981,7.087,2.914,3.652,0.167,24,191.9
20220905001022000_00004762.sum,2022-09-05T00:10:22.889,31.861202,97.980042,29.191,9.500,29.278,0.509,41,327.7
20220905001022000_00004822.sum,2022-09-05T00:10:20.968,31.888452,102.656935,18.329,7.730,14.428,0.287,11,215.2
20220905001022000_00004942.sum,2022-09-05T00:10:23.562,32.330514,97.995011,36.080,20.259,38.037,0.203,27,345.4
20220905001022000_00005002.sum,2022-09-05T00:10:21.944,32.292379,102.665532,21.374,7.214,18.831,0.308,24,249.4
20220905001022000_00005182.sum,2022-09-05T00:10:24.257,32.727285,102.651701,27.441,10.387,27.323,0.431,23,283.8
20220905001022000_00005362.sum,2022-09-05T00:10:24.782,33.114741,102.126962,41.331,13.876,36.745,0.473,13,312.2
20220905001023000_00000803.sum,,,,,,,,,
20220905001023000_00000983.sum,2022-09-05T00:10:23.289,22.294832,100.726791,31.219,14.132,38.718,0.219,16,299.3
20220905001023000_00001043.sum,2022-09-05T00:10:23.894,22.388116,105.578081,39.758,11.273,31.496,0.422,31,332.7
20220905001023000_00001163.sum,2022-09-05T00:10:23.186,22.891706,101.200074,22.317,5.185,8.373,0.255,35,258.7
20220905001023000_00001223.sum,2022-09-05T00:10:23.122,22.863340,105.580233,10.534,7.333,9.386,0.278,23,313.6
20220905001023000_00001343.sum,2022-09-05T00:10:22.987,23.326645,100.711502,27.395,5.284,6.546,0.151,11,237.0
20220905001023000_00001403.sum,2022-09-05T00:10:23.029,23.320967,105.069739,17.878,5.016,6.226,0.285,23,277.8
20220905001023000_00001523.sum,2022-09-05T00:10:21.808,23.722219,100.210503,25.600,3.880,5.518,0.156,16,195.0
20220905001023000_00001583.sum,2022-09-05T00:10:22.813,23.772831,104.604568,27.097,3.247,4.152,0.322,26,217.5
20220905001023000_00001703.sum,2022-09-05T00:10:22.228,24.194626,100.185158,23.590,1.249,3.374,0.267,30,41.0
20220905001023000_00001763.sum,2022-09-05T00:10:22.552,24.197324,104.612898,5.597,1.201,4.569,0.289,35,89.2
20220905001023000_00001883.sum,2022-09-05T00:10:22.403,24.644947,100.181354,15.609,2.195,8.435,0.313,26,59.6
20220905001023000_00001943.sum,2022-09-05T00:10:22.317,24.647032,104.626089,15.572,1.125,4.802,0.309,40,51.7
20220905001023000_00002063.sum,2022-09-05T00:10:22.539,25.082800,99.172425,17.024,4.356,10.712,0.393,26,225.9
20220905001023000_00002123.sum,2022-09-05T00:10:22.512,25.112339,104.133919,13.547,1.582,6.777,0.450,19,58.3
20220905001023000_00002243.sum,2022-09-05T00:10:23.227,25.542680,99.204618,11.339,4.424,10.042,0.196,17,229.3
20220905001023000_00002303.sum,2022-09-05T00:10:22.252,25.565095,103.637394,13.476,1.372,6.846,0.422,33,44.6
20220905001023000_00002423.sum,2022-09-05T00:10:23.220,25.953902,98.191794,14.266,7.412,24.706,0.347,17,290.9
20220905001023000_00002483.sum,2022-09-05T00:10:21.968,26.015370,103.169618,30.548,3.683,5.436,0.146,8,79.5
20220905001023000_00002603.sum,2022-09-05T00:10:23.258,26.442993,98.218705,12.770,6.418,18.304,0.326,40,282.3
20220905001023000_00002663.sum,2022-09-05T00:10:22.657,26.475412,102.644917,5.068,2.174,8.066,0.649,23,107.6
20220905001023000_00002783.sum,,,,,,,,,
20220905001023000_00002843.sum,2022-09-05T00:10:22.359,26.915230,102.146728,13.216,1.468,4.036,0.257,24,52.3
20220905001023000_00002903.sum,2022-09-05T00:10:22.893,26.881308,106.634066,20.474,4.073,7.131,0.486,39,267.9
20220905001023000_00003023.sum,2022-09-05T00:10:22.361,27.371211,101.645656,9.759,2.063,7.929,0.232,15,63.9
20220905001023000_00003083.sum,2022-09-05T00:10:23.349,27.341647,106.654665,8.380,4.463,9.807,0.418,42,276.5
20220905001023000_00003203.sum,2022-09-05T00:10:22.437,27.810923,102.649568,14.411,2.572,8.811,0.247,15,103.9
20220905001023000_00003263.sum,2022-09-05T00:10:23.712,27.782827,107.229434,39.254,10.564,36.013,0.351,22,316.0
20220905001023000_00003323.sum,2022-09-05T00:10:25.532,28.263259,98.205102,36.668,10.880,28.935,0.387,34,290.0
20220905001023000_00003383.sum,2022-09-05T00:10:22.228,28.271406,102.632102,26.987,11.357,25.182,0.387,9,157.3
20220905001023000_00003443.sum,2022-09-05T00:10:23.530,28.255782,107.234490,42.132,11.124,35.079,0.316,20,324.4
20220905001023000_00003503.sum,,,,,,,,,
20220905001023000_00003563.sum,2022-09-05T00:10:22.300,28.713463,102.659298,24.592,1.308,4.190,0.357,38,54.5
20220905001023000_00003683.sum,2022-09-05T00:10:23.455,29.138373,98.106257,21.728,8.124,22.676,0.421,34,276.2
20220905001023000_00003743.sum,2022-09-05T00:10:22.368,29.183467,103.165358,27.349,3.311,13.373,0.412,14,77.8
20220905001023000_00003863.sum,2022-09-05T00:10:23.890,29.599353,98.600338,24.007,7.721,20.620,0.226,25,263.4
20220905001023000_00003923.sum,2022-09-05T00:10:22.513,29.621839,102.655038,8.811,1.241,3.759,0.391,29,49.4
20220905001023000_00004043.sum,2022-09-05T00:10:24.207,30.055596,98.101227,35.130,17.293,38.392,0.315,13,292.2
20220905001023000_00004103.sum,2022-09-05T00:10:22.216,30.069722,103.181252,28.224,1.104,3.297,0.336,46,39.7
20220905001023000_00004223.sum,2022-09-05T00:10:23.632,30.494069,98.545087,19.077,4.730,17.505,0.350,45,262.8
20220905001023000_00004283.sum,2022-09-05T00:10:22.444,30.507050,103.190674,27.723,1.937,5.772,0.232,15,93.8
20220905001023000_00004403.sum,2022-09-05T00:10:23.061,30.953368,99.014633,7.773,5.157,14.734,0.345,28,256.7
20220905001023000_00004463.sum,2022-09-05T00:10:22.301,30.970877,104.240417,13.311,1.210,2.333,0.307,41,37.3
20220905001023000_00004583.sum,2022-09-05T00:10:24.026,31.405377,98.505523,18.877,5.042,20.194,0.483,40,301.3
20220905001023000_00004643.sum,2022-09-05T00:10:22.209,31.431627,103.200283,9.158,4.711,6.724,0.254,22,200.5
20220905001023000_00004763.sum,2022-09-05T00:10:22.896,31.831519,98.459238,24.103,7.603,25.828,0.268,21,320.1
20220905001023000_00004823.sum,2022-09-05T00:10:23.054,31.857141,102.669680,5.747,2.918,7.645,0.281,42,217.2
20220905001023000_00004943.sum,2022-09-05T00:10:23.695,32.322990,98.012752,35.261,23.356,38.768,0.465,14,343.9
20220905001023000_00005003.sum,2022-09-05T00:10:23.753,32.293336,102.663950,19.040,6.172,18.707,0.405,31,234.4
20220905001023000_00005123.sum,2022-09-05T00:10:23.939,32.674272,98.316714,32.442,32.644,40.944,0.402,10,344.1
20220905001023000_00005183.sum,2022-09-05T00:10:25.321,32.656044,102.659755,32.446,9.238,28.565,0.463,22,271.4
20220905001023000_00005363.sum,2022-09-05T00:10:27.048,33.146544,102.148617,48.165,7.376,29.989,0.502,33,314.5
20220905001024000_00000804.sum,,,,,,,,,
20220905001024000_00000984.sum,2022-09-05T00:10:23.780,22.415243,100.706569,36.923,7.995,29.500,0.396,41,291.2
20220905001024000_00001044.sum,2022-09-05T00:10:24.562,22.272617,105.546836,39.465,13.846,33.610,0.248,25,335.6
20220905001024000_00001164.sum,2022-09-05T00:10:23.973,22.879180,101.202826,4.432,5.034,6.283,0.390,32,255.2
20220905001024000_00001224.sum,2022-09-05T00:10:24.120,22.819473,105.677611,29.932,14.476,35.909,0.278,17,324.7
20220905001024000_00001344.sum,2022-09-05T00:10:24.007,23.337883,100.712435,17.035,3.730,5.636,0.662,33,229.5
20220905001024000_00001404.sum,2022-09-05T00:10:24.450,23.333151,105.066446,30.147,3.337,4.945,0.314,40,276.4
20220905001024000_00001524.sum,2022-09-05T00:10:23.782,23.765174,100.202896,6.153,2.605,5.338,0.405,40,209.0
20220905001024000_00001584.sum,2022-09-05T00:10:23.245,23.750424,104.602050,17.409,2.932,4.641,0.377,22,193.9
20220905001024000_00001704.sum,2022-09-05T00:10:23.472,24.188563,100.182821,25.588,1.592,3.059,0.238,22,83.2
20220905001024000_00001764.sum,2022-09-05T00:10:23.496,24.202252,104.601818,21.504,1.270,2.909,0.322,38,56.8
20220905001024000_00001884.sum,2022-09-05T00:10:23.216,24.637450,100.184327,23.643,1.428,4.748,0.389,32,62.9
20220905001024000_00001944.sum,2022-09-05T00:10:23.330,24.648004,104.624106,11.097,3.180,9.770,0.271,15,115.8
20220905001024000_00002064.sum,2022-09-05T00:10:23.675,25.096156,99.688923,6.772,2.965,5.231,0.661,30,172.4
20220905001024000_00002124.sum,2022-09-05T00:10:23.341,25.102687,104.128049,28.601,1.219,2.062,0.320,31,36.0
20220905001024000_00002244.sum,2022-09-05T00:10:23.274,25.539736,99.175185,12.162,4.662,11.177,0.442,27,223.6
20220905001024000_00002304.sum,2022-09-05T00:10:23.284,25.550555,104.146588,22.194,1.243,3.689,0.346,38,36.7
20220905001024000_00002424.sum,2022-09-05T00:10:23.864,25.993674,98.155365,38.347,8.514,35.021,0.266,11,293.3
20220905001024000_00002484.sum,2022-09-05T00:10:23.358,26.006206,103.148963,15.684,1.599,5.663,0.412,27,41.9
20220905001024000_00002604.sum,2022-09-05T00:10:25.001,26.475147,98.186828,32.646,7.810,33.785,0.723,24,290.3
20220905001024000_00002664.sum,2022-09-05T00:10:23.530,26.460229,102.649702,10.588,1.325,6.147,0.227,30,68.8
20220905001024000_00002784.sum,,,,,,,,,
20220905001024000_00002844.sum,2022-09-05T00:10:23.396,26.919919,102.143505,28.263,2.411,6.663,0.258,17,53.2
20220905001024000_00002904.sum,2022-09-05T00:10:24.458,26.889039,106.636248,10.269,6.108,11.776,0.434,21,276.5
20220905001024000_00003024.sum,2022-09-05T00:10:23.149,27.371526,102.155754,31.604,1.902,3.985,0.186,19,103.7
20220905001024000_00003084.sum,2022-09-05T00:10:24.799,27.341270,107.197798,37.684,10.692,36.197,0.265,18,318.8
20220905001024000_00003144.sum,,,,,,,,,
20220905001024000_00003204.sum,2022-09-05T00:10:23.147,27.811202,102.651386,27.287,1.720,7.763,0.406,21,73.5
20220905001024000_00003324.sum,2022-09-05T00:10:27.223,28.247839,98.173154,29.628,12.442,32.748,0.462,22,280.5
20220905001024000_00003384.sum,2022-09-05T00:10:23.391,28.262955,102.655152,10.353,1.328,4.599,0.354,34,41.6
20220905001024000_00003444.sum,2022-09-05T00:10:25.277,28.246927,107.333992,40.517,11.280,35.125,0.664,30,314.7
20220905001024000_00003504.sum,,,,,,,,,
20220905001024000_00003564.sum,2022-09-05T00:10:23.324,28.720894,102.662995,4.761,1.877,8.526,0.281,17,60.9
20220905001024000_00003684.sum,2022-09-05T00:10:25.053,29.129388,98.106248,26.529,12.898,30.953,0.221,18,299.3
20220905001024000_00003744.sum,2022-09-05T00:10:23.473,29.165007,103.688621,3.102,0.971,2.800,0.323,39,32.7
20220905001024000_00003864.sum,2022-09-05T00:10:23.789,29.600844,98.542168,21.335,7.088,22.053,0.402,26,252.1
20220905001024000_00003924.sum,2022-09-05T00:10:23.129,29.630852,103.172823,25.405,1.915,5.032,0.523,31,60.4
20220905001024000_00004044.sum,2022-09-05T00:10:26.235,30.042698,98.158677,40.674,11.964,35.437,0.514,29,276.1
20220905001024000_00004104.sum,2022-09-05T00:10:23.078,30.064208,103.172805,23.657,1.973,5.564,0.356,26,42.5
20220905001024000_00004224.sum,2022-09-05T00:10:24.280,30.493630,98.549829,19.520,5.731,19.365,0.379,37,262.4
20220905001024000_00004284.sum,2022-09-05T00:10:23.644,30.526637,103.182177,4.335,1.225,2.744,0.356,41,43.3
20220905001024000_00004404.sum,2022-09-05T00:10:24.074,30.944296,99.057882,22.429,8.586,19.195,0.302,12,276.1
20220905001024000_00004464.sum,2022-09-05T00:10:23.484,30.950309,104.237596,26.342,1.949,3.624,0.303,28,79.6
20220905001024000_00004584.sum,2022-09-05T00:10:24.951,31.385198,98.507789,23.092,7.042,24.929,0.279,20,304.2
20220905001024000_00004644.sum,2022-09-05T00:10:23.646,31.419017,103.198961,11.373,2.229,5.983,0.621,20,172.6
20220905001024000_00004764.sum,2022-09-05T00:10:23.894,31.842109,98.481039,24.878,7.522,26.252,0.334,25,321.7
20220905001024000_00004824.sum,2022-09-05T00:10:23.521,31.855362,103.197679,17.054,3.525,9.066,0.406,39,219.3
20220905001024000_00004944.sum,2022-09-05T00:10:24.610,32.273459,97.971500,31.786,13.730,34.272,0.292,42,343.1
20220905001024000_00005004.sum,2022-09-05T00:10:24.634,32.291735,102.674369,20.055,5.258,22.096,0.277,33,247.4
20220905001024000_00005124.sum,2022-09-05T00:10:25.625,32.644381,98.400213,38.565,16.062,37.857,0.366,28,343.1
20220905001024000_00005184.sum,2022-09-05T00:10:26.277,32.711642,102.666788,31.041,8.208,30.805,0.377,22,281.3
20220905001024000_00005364.sum,2022-09-05T00:10:25.674,33.093428,102.332097,40.257,74.250,92.077,0.449,7,339.7
20220905001025000_00000805.sum,,,,,,,,,
20220905001025000_00000985.sum,2022-09-05T00:10:25.571,22.400548,101.201041,46.336,7.435,27.224,0.289,22,290.7
20220905001025000_00001045.sum,2022-09-05T00:10:25.525,22.448011,106.204870,38.696,27.272,34.838,0.234,15,344.1
20220905001025000_00001165.sum,2022-09-05T00:10:24.953,22.858693,101.202099,15.069,7.322,27.855,0.314,25,284.0
20220905001025000_00001225.sum,2022-09-05T00:10:25.013,22.846839,105.558491,11.292,7.430,12.336,0.362,26,312.5
20220905001025000_00001345.sum,2022-09-05T00:10:25.236,23.339311,100.707685,21.309,4.873,6.358,0.296,20,265.8
20220905001025000_00001405.sum,2022-09-05T00:10:25.763,23.342382,105.057833,14.015,4.952,6.719,0.344,28,277.7
20220905001025000_00001525.sum,2022-09-05T00:10:24.666,23.761646,100.207970,16.622,3.026,3.757,0.224,27,184.1
20220905001025000_00001585.sum,2022-09-05T00:10:25.458,23.784412,105.062452,9.922,5.642,7.990,0.354,17,266.7
20220905001025000_00001705.sum,2022-09-05T00:10:24.107,24.204207,100.188564,22.481,2.122,4.320,0.267,22,52.0
20220905001025000_00001765.sum,2022-09-05T00:10:24.441,24.193197,104.614359,27.885,3.072,3.820,0.445,23,87.1
20220905001025000_00001885.sum,2022-09-05T00:10:24.315,24.640216,100.179213,11.955,1.572,5.267,0.432,33,117.6
20220905001025000_00001945.sum,2022-09-05T00:10:24.372,24.646670,104.624697,21.363,1.766,4.049,0.454,32,83.7
20220905001025000_00002065.sum,2022-09-05T00:10:24.939,25.100015,99.695039,9.326,2.098,4.100,0.297,46,184.9
20220905001025000_00002125.sum,2022-09-05T00:10:24.547,25.097163,104.140804,1.632,1.117,2.340,0.251,28,45.0
20220905001025000_00002245.sum,2022-09-05T00:10:24.350,25.543489,99.674536,22.160,4.074,6.355,0.412,29,196.2
20220905001025000_00002305.sum,2022-09-05T00:10:24.318,25.547636,104.151822,16.278,1.225,6.062,0.349,42,41.1
20220905001025000_00002425.sum,2022-09-05T00:10:25.236,25.989755,98.687708,13.754,5.015,14.513,0.323,28,260.6
20220905001025000_00002485.sum,2022-09-05T00:10:24.497,26.008604,103.161889,4.067,1.433,3.424,0.354,21,83.0
20220905001025000_00002605.sum,2022-09-05T00:10:25.608,26.433855,98.194267,20.787,6.951,24.127,0.548,33,283.7
20220905001025000_00002665.sum,2022-09-05T00:10:24.625,26.463078,102.644016,24.470,2.183,5.024,0.436,29,69.8
20220905001025000_00002785.sum,2022-09-05T00:10:24.785,26.892329,98.183505,19.728,11.015,27.189,0.674,33,288.8
20220905001025000_00002845.sum,2022-09-05T00:10:24.176,26.923581,102.157232,23.509,3.505,7.372,0.414,19,121.1
20220905001025000_00002905.sum,2022-09-05T00:10:26.021,26.901944,106.607843,10.534,7.226,12.376,0.501,22,285.1
20220905001025000_00002965.sum,,,,,,,,,
20220905001025000_00003025.sum,2022-09-05T00:10:24.424,27.358181,102.144768,29.025,1.641,4.922,0.613,32,48.1
20220905001025000_00003085.sum,2022-09-05T00:10:25.178,27.307028,107.189744,33.821,11.673,38.078,0.766,25,313.4
20220905001025000_00003145.sum,,,,,,,,,
20220905001025000_00003205.sum,2022-09-05T00:10:24.377,27.810348,102.654440,17.088,1.368,4.911,0.527,42,32.8
20220905001025000_00003325.sum,2022-09-05T00:10:27.073,28.248228,98.155872,28.763,10.817,28.660,0.404,27,292.9
20220905001025000_00003385.sum,2022-09-05T00:10:24.604,28.267752,103.159658,5.793,1.788,7.613,0.164,17,92.6
20220905001025000_00003445.sum,2022-09-05T00:10:25.374,28.247619,107.311379,41.328,10.838,34.335,0.379,31,315.2
20220905001025000_00003505.sum,2022-09-05T00:10:27.273,28.686626,98.181540,29.967,11.936,33.957,0.380,17,287.9
20220905001025000_00003565.sum,2022-09-05T00:10:24.260,28.709186,103.174253,24.547,1.709,5.042,0.369,30,41.7
20220905001025000_00003685.sum,2022-09-05T00:10:25.250,29.147348,98.573075,21.277,8.025,23.951,0.329,21,254.6
20220905001025000_00003745.sum,2022-09-05T00:10:24.303,29.177137,103.693236,4.244,1.724,3.226,0.345,27,74.1
20220905001025000_00003865.sum,2022-09-05T00:10:27.384,29.602084,98.671387,34.541,10.671,30.687,0.342,27,262.4
20220905001025000_00003925.sum,2022-09-05T00:10:24.468,29.618307,103.182474,7.727,1.256,3.418,0.570,41,50.1
20220905001025000_00004045.sum,2022-09-05T00:10:27.847,30.042744,98.179033,37.089,12.788,37.704,0.379,21,287.6
20220905001025000_00004105.sum,2022-09-05T00:10:24.301,30.068298,103.178843,23.951,1.479,6.021,0.373,41,57.4
20220905001025000_00004225.sum,2022-09-05T00:10:25.716,30.503323,98.589721,19.244,5.318,18.983,0.315,29,263.6
20220905001025000_00004285.sum,2022-09-05T00:10:24.376,30.516713,103.191627,21.575,1.804,6.413,0.393,27,73.7
20220905001025000_00004405.sum,2022-09-05T00:10:24.369,30.946002,99.527432,18.420,4.374,7.286,0.274,15,217.7
20220905001025000_00004465.sum,2022-09-05T00:10:24.075,30.962873,104.232842,26.708,1.543,3.257,0.289,25,63.5
20220905001025000_00004585.sum,2022-09-05T00:10:24.803,31.390944,99.032026,9.802,3.752,12.954,0.777,31,272.5
20220905001025000_00004645.sum,2022-09-05T00:10:24.446,31.412227,103.190524,21.632,1.456,3.639,0.312,35,93.5
20220905001025000_00004765.sum,2022-09-05T00:10:25.965,31.836188,98.552374,29.546,9.363,30.582,0.591,26,310.1
20220905001025000_00004825.sum,2022-09-05T00:10:24.845,31.833976,103.200600,27.907,3.856,6.070,0.304,32,221.0
20220905001025000_00004945.sum,2022-09-05T00:10:25.154,32.273493,97.956066,31.303,16.655,34.647,0.358,35,343.3
20220905001025000_00005005.sum,2022-09-05T00:10:24.804,32.273874,103.195880,22.364,5.531,18.344,0.367,33,239.1
20220905001025000_00005125.sum,2022-09-05T00:10:25.924,32.625927,98.401713,30.494,12.142,32.323,0.433,38,341.9
20220905001025000_00005185.sum,2022-09-05T00:10:25.466,32.683280,102.695420,23.083,13.992,28.306,0.253,9,310.7
20220905001025000_00005365.sum,2022-09-05T00:10:28.720,33.152449,102.161263,52.261,6.554,22.375,0.338,43,314.7
20220905001026000_00000806.sum,,,,,,,,,
20220905001026000_00000986.sum,2022-09-05T00:10:26.813,22.418602,101.180147,45.883,7.078,27.877,0.211,22,289.6
20220905001026000_00001046.sum,2022-09-05T00:10:26.915,22.305547,106.095762,38.992,30.875,38.369,0.722,24,349.4
20220905001026000_00001166.sum,2022-09-05T00:10:26.019,22.905622,101.207501,11.259,5.609,8.763,0.346,20,285.6
20220905001026000_00001226.sum,2022-09-05T00:10:26.478,22.833036,105.596714,44.807,6.730,24.110,0.629,36,313.0
20220905001026000_00001346.sum,2022-09-05T00:10:26.373,23.352507,100.704678,27.501,6.267,9.011,0.478,22,227.9
20220905001026000_00001406.sum,2022-09-05T00:10:25.647,23.290867,105.562853,4.118,5.482,7.176,0.483,26,301.6
20220905001026000_00001526.sum,2022-09-05T00:10:25.729,23.768213,100.217869,20.076,2.332,3.904,0.282,34,132.0
20220905001026000_00001586.sum,2022-09-05T00:10:25.572,23.750652,105.084285,21.341,3.056,4.427,0.182,20,235.8
20220905001026000_00001706.sum,2022-09-05T00:10:25.225,24.184929,100.188487,7.994,4.127,7.051,0.420,23,187.6
20220905001026000_00001766.sum,2022-09-05T00:10:25.549,24.216966,104.597215,18.154,2.368,5.541,0.241,21,100.9
20220905001026000_00001886.sum,2022-09-05T00:10:25.496,24.646303,100.199048,17.143,4.026,9.398,0.252,16,197.1
20220905001026000_00001946.sum,2022-09-05T00:10:25.334,24.656704,104.635582,27.746,1.435,2.841,0.277,35,51.0
20220905001026000_00002066.sum,2022-09-05T00:10:25.108,25.088272,99.656778,17.907,3.593,4.794,0.249,24,204.7
20220905001026000_00002126.sum,2022-09-05T00:10:25.428,25.095762,104.135392,14.156,1.044,4.379,0.457,37,33.7
20220905001026000_00002246.sum,2022-09-05T00:10:25.162,25.542870,99.659724,10.323,5.992,10.059,0.266,11,190.0
20220905001026000_00002306.sum,2022-09-05T00:10:25.839,25.544515,104.152084,12.077,1.855,10.717,0.270,18,102.9
20220905001026000_00002426.sum,2022-09-05T00:10:25.981,25.992002,98.701875,12.667,3.983,12.071,0.250,37,246.1
20220905001026000_00002486.sum,2022-09-05T00:10:25.385,26.006414,103.159041,14.410,1.977,9.405,0.316,22,63.5
20220905001026000_00002606.sum,2022-09-05T00:10:25.828,26.431966,98.697170,11.989,5.393,12.055,0.345,24,251.3
20220905001026000_00002666.sum,2022-09-05T00:10:25.579,26.463428,103.151816,3.656,1.321,4.810,0.174,30,45.2
20220905001026000_00002786.sum,2022-09-05T00:10:26.581,26.900485,98.249836,22.097,12.057,30.267,0.351,34,279.2
20220905001026000_00002846.sum,2022-09-05T00:10:25.254,26.916089,102.150023,29.392,1.586,4.065,0.874,24,42.9
20220905001026000_00002906.sum,2022-09-05T00:10:26.832,26.908400,107.183844,45.503,8.957,29.425,0.598,32,322.4
20220905001026000_00002966.sum,,,,,,,,,
20220905001026000_00003026.sum,2022-09-05T00:10:25.576,27.365732,102.142054,13.105,1.970,11.129,0.501,18,76.1
20220905001026000_00003086.sum,2022-09-05T00:10:26.382,27.312757,107.252103,45.231,8.570,29.088,0.583,39,315.4
20220905001026000_00003146.sum,,,,,,,,,
20220905001026000_00003206.sum,2022-09-05T00:10:25.580,27.821060,102.649686,22.763,1.250,3.423,0.354,38,30.4
20220905001026000_00003326.sum,2022-09-05T00:10:28.631,28.238763,98.197889,31.191,10.714,30.858,0.402,26,283.4
20220905001026000_00003386.sum,2022-09-05T00:10:25.374,28.262819,103.161173,24.138,1.743,4.611,0.304,28,36.4
20220905001026000_00003506.sum,2022-09-05T00:10:27.983,28.690165,98.168104,30.235,9.901,29.242,0.428,46,279.2
20220905001026000_00003566.sum,2022-09-05T00:10:25.112,28.713785,103.161874,29.648,1.910,4.256,0.487,29,72.6
20220905001026000_00003686.sum,2022-09-05T00:10:26.588,29.150804,98.584184,15.173,3.726,12.818,0.289,46,248.5
20220905001026000_00003746.sum,2022-09-05T00:10:25.414,29.162763,103.692836,8.420,1.030,3.068,0.299,39,39.4
20220905001026000_00003866.sum,2022-09-05T00:10:26.254,29.599506,98.551443,17.408,5.667,17.593,0.357,30,243.3
20220905001026000_00003926.sum,2022-09-05T00:10:25.131,29.610527,103.185969,23.739,1.565,4.125,0.515,29,58.8
20220905001026000_00004046.sum,2022-09-05T00:10:28.638,30.055246,98.126958,41.140,12.339,35.500,0.337,30,286.3
20220905001026000_00004106.sum,2022-09-05T00:10:25.470,30.068529,103.169273,15.130,2.110,7.460,0.439,19,116.5
20220905001026000_00004226.sum,2022-09-05T00:10:25.993,30.498598,98.519606,21.572,6.203,21.427,0.290,33,258.5
20220905001026000_00004286.sum,2022-09-05T00:10:25.366,30.513444,103.182355,22.818,2.053,7.272,0.276,27,38.2
20220905001026000_00004406.sum,2022-09-05T00:10:25.539,30.950083,99.534439,6.783,2.412,4.344,0.342,39,181.3
20220905001026000_00004466.sum,2022-09-05T00:10:25.263,30.962502,104.228284,1.665,1.136,1.782,0.241,30,46.8
20220905001026000_00004586.sum,2022-09-05T00:10:26.053,31.387223,99.009905,2.299,3.573,4.768,0.381,33,283.8
20220905001026000_00004646.sum,2022-09-05T00:10:25.363,31.416312,103.188565,23.051,2.447,4.109,0.777,30,178.5
20220905001026000_00004766.sum,2022-09-05T00:10:26.248,31.829003,98.469822,24.773,10.851,27.054,0.459,14,323.1
20220905001026000_00004826.sum,2022-09-05T00:10:25.675,31.847276,103.186266,12.771,3.289,7.087,0.271,32,214.3
20220905001026000_00004946.sum,2022-09-05T00:10:28.086,32.239991,97.949399,38.939,20.628,39.694,0.257,20,343.0
20220905001026000_00005006.sum,2022-09-05T00:10:25.684,32.308426,103.200581,24.136,5.773,19.267,0.486,27,235.9
20220905001026000_00005126.sum,2022-09-05T00:10:26.971,32.627144,98.383215,36.893,18.035,37.836,0.400,26,343.8
20220905001026000_00005186.sum,2022-09-05T00:10:26.186,32.744571,103.207589,21.498,5.732,20.220,0.253,38,276.4
20220905001026000_00005366.sum,2022-09-05T00:10:28.991,33.114371,102.743052,45.145,10.284,33.542,0.519,25,324.1
20220905001027000_00000807.sum,,,,,,,,,
20220905001027000_00000987.sum,2022-09-05T00:10:27.062,22.409301,101.203895,30.931,8.626,22.231,0.509,34,288.2
20220905001027000_00001047.sum,2022-09-05T00:10:27.614,22.391720,106.026236,38.918,19.377,32.911,0.485,31,346.4
20220905001027000_00001167.sum,2022-09-05T00:10:27.390,22.903623,101.196513,18.105,3.784,5.733,0.424,39,252.4
20220905001027000_00001227.sum,2022-09-05T00:10:27.440,22.782020,106.059760,42.712,11.859,30.088,0.538,22,331.2
20220905001027000_00001347.sum,2022-09-05T00:10:26.763,23.329911,101.186245,20.992,3.224,4.888,0.523,33,227.3
20220905001027000_00001407.sum,2022-09-05T00:10:27.535,23.303347,105.534652,15.123,5.569,7.087,0.393,23,305.4
20220905001027000_00001527.sum,2022-09-05T00:10:26.628,23.765674,100.690921,13.520,1.981,5.091,0.468,46,180.4
20220905001027000_00001587.sum,2022-09-05T00:10:27.068,23.781046,105.081535,17.487,6.656,13.682,0.235,12,246.0
20220905001027000_00001707.sum,2022-09-05T00:10:26.366,24.190508,100.188911,1.234,1.107,2.051,0.178,22,81.6
20220905001027000_00001767.sum,2022-09-05T00:10:26.702,24.195603,105.103322,13.229,1.608,2.439,0.309,31,100.2
20220905001027000_00001887.sum,2022-09-05T00:10:26.376,24.649722,100.187556,25.418,1.456,2.578,0.282,31,35.5
20220905001027000_00001947.sum,2022-09-05T00:10:26.429,24.651579,105.119261,25.672,1.769,2.878,0.290,44,72.1
20220905001027000_00002067.sum,2022-09-05T00:10:26.429,25.089029,99.665970,27.039,2.840,3.566,0.652,35,180.8
20220905001027000_00002127.sum,2022-09-05T00:10:26.273,25.102392,104.138298,18.378,1.500,3.376,0.228,30,39.1
20220905001027000_00002247.sum,2022-09-05T00:10:26.573,25.538751,99.689949,15.253,1.959,4.568,0.356,38,176.4
20220905001027000_00002307.sum,2022-09-05T00:10:26.455,25.548934,104.132888,16.219,1.571,5.169,0.471,30,63.6
20220905001027000_00002427.sum,2022-09-05T00:10:08.716,26.445878,101.692027,13.632,12.210,24.270,1.860,15,286.6
20220905001027000_00002487.sum,2022-09-05T00:10:26.243,26.007945,103.147624,1.653,1.539,2.835,0.280,26,61.0
20220905001027000_00002607.sum,2022-09-05T00:10:27.034,26.440363,98.641108,24.004,10.905,26.611,0.403,17,277.3
20220905001027000_00002667.sum,2022-09-05T00:10:26.565,26.466636,103.153280,18.809,1.699,7.052,0.347,30,37.1
20220905001027000_00002787.sum,2022-09-05T00:10:28.931,26.875412,98.216960,40.389,8.287,24.394,0.290,31,292.7
20220905001027000_00002847.sum,2022-09-05T00:10:26.446,26.907433,102.132131,11.570,1.292,3.303,0.237,23,47.7
20220905001027000_00002907.sum,2022-09-05T00:10:27.764,26.910465,107.174367,22.279,8.577,30.159,0.520,36,312.5
20220905001027000_00002967.sum,,,,,,,,,
20220905001027000_00003027.sum,2022-09-05T00:10:26.529,27.363285,102.156142,10.898,1.278,5.570,0.210,30,34.0
20220905001027000_00003087.sum,2022-09-05T00:10:27.967,27.282566,107.219891,38.513,37.383,47.580,0.198,10,318.0
20220905001027000_00003147.sum,,,,,,,,,
20220905001027000_00003207.sum,2022-09-05T00:10:26.340,27.814053,103.166499,12.066,1.371,5.442,0.267,32,48.0
20220905001027000_00003327.sum,2022-09-05T00:10:29.597,28.254073,98.177395,28.540,10.978,30.776,0.297,32,271.6
20220905001027000_00003387.sum,2022-09-05T00:10:26.391,28.264732,103.167847,20.689,2.372,7.607,0.331,18,78.3
20220905001027000_00003507.sum,2022-09-05T00:10:29.031,28.690357,98.126099,30.122,9.667,26.637,0.406,49,277.7
20220905001027000_00003567.sum,2022-09-05T00:10:26.226,28.716270,103.159600,22.564,1.807,4.434,0.399,37,45.6
20220905001027000_00003687.sum,2022-09-05T00:10:27.452,29.139525,98.615232,26.973,7.051,17.788,0.386,35,249.2
20220905001027000_00003747.sum,2022-09-05T00:10:26.497,29.165195,103.674894,18.280,2.057,10.536,0.370,21,68.4
20220905001027000_00003867.sum,2022-09-05T00:10:27.220,29.611799,98.584313,27.894,10.975,30.535,0.203,13,282.4
20220905001027000_00003927.sum,2022-09-05T00:10:26.331,29.614183,103.179602,25.235,2.182,9.597,0.519,20,78.7
20220905001027000_00004047.sum,2022-09-05T00:10:27.762,30.037791,98.569331,19.647,6.178,19.592,0.621,30,247.0
20220905001027000_00004107.sum,2022-09-05T00:10:26.481,30.061984,103.191650,19.642,3.830,10.513,0.213,12,83.3
20220905001027000_00004227.sum,2022-09-05T00:10:28.004,30.489099,98.580669,17.398,4.051,15.620,0.353,45,256.4
20220905001027000_00004287.sum,2022-09-05T00:10:26.434,30.518237,103.701225,19.484,1.092,3.571,0.545,47,34.6
20220905001027000_00004407.sum,2022-09-05T00:10:26.349,30.947367,99.529045,17.377,2.440,6.092,0.364,23,174.7
20220905001027000_00004467.sum,2022-09-05T00:10:26.510,30.961074,104.238396,3.308,0.990,2.335,0.485,46,28.4
20220905001027000_00004587.sum,2022-09-05T00:10:27.395,31.380481,99.015138,2.449,3.124,4.088,0.327,41,271.3
20220905001027000_00004647.sum,2022-09-05T00:10:26.233,31.424700,103.720403,27.412,3.967,9.480,0.444,19,172.8
20220905001027000_00004767.sum,2022-09-05T00:10:27.346,31.812876,98.501193,23.066,14.380,22.822,0.210,28,315.7
20220905001027000_00004827.sum,2022-09-05T00:10:26.815,31.842687,103.197088,17.344,3.223,7.470,0.791,42,210.3
20220905001027000_00004947.sum,2022-09-05T00:10:27.002,32.259457,98.391074,25.590,16.631,28.279,0.383,15,330.6
20220905001027000_00005007.sum,2022-09-05T00:10:27.837,32.286275,103.208526,16.512,5.500,17.281,0.202,23,258.3
20220905001027000_00005127.sum,2022-09-05T00:10:28.965,32.698797,98.486766,38.096,23.967,37.620,0.225,23,347.9
20220905001027000_00005187.sum,2022-09-05T00:10:27.171,32.723235,103.212893,23.158,8.392,24.851,0.267,18,286.6
20220905001027000_00005367.sum,2022-09-05T00:10:30.193,33.103696,102.701978,44.003,7.506,31.956,0.393,41,316.0
20220905001028000_00000808.sum,,,,,,,,,
20220905001028000_00000988.sum,2022-09-05T00:10:28.576,22.385838,101.199948,42.143,9.040,32.384,0.452,24,294.4
20220905001028000_00001048.sum,2022-09-05T00:10:28.035,22.330500,106.217356,31.429,21.929,41.685,0.293,30,343.8
20220905001028000_00001168.sum,2022-09-05T00:10:28.089,22.896380,101.674021,17.026,4.601,6.683,0.217,30,247.1
20220905001028000_00001228.sum,2022-09-05T00:10:28.539,22.851716,106.017008,14.343,15.274,20.702,0.429,29,327.8
20220905001028000_00001348.sum,2022-09-05T00:10:28.105,23.345155,101.193798,11.341,3.496,5.251,0.353,37,222.7
20220905001028000_00001408.sum,2022-09-05T00:10:27.927,23.299938,105.564241,23.578,6.610,8.296,0.313,24,302.7
20220905001028000_00001528.sum,2022-09-05T00:10:27.774,23.744004,100.690766,5.416,2.963,6.332,0.344,30,182.3
20220905001028000_00001588.sum,2022-09-05T00:10:27.299,23.748469,105.089323,18.443,3.437,4.641,0.342,23,235.9
20220905001028000_00001708.sum,2022-09-05T00:10:27.243,24.196397,100.184403,28.266,2.590,3.713,0.322,29,129.6
20220905001028000_00001768.sum,2022-09-05T00:10:27.514,24.195231,105.094050,16.734,1.597,3.514,0.335,48,131.7
20220905001028000_00001888.sum,2022-09-05T00:10:27.421,24.648279,100.178046,6.191,1.964,6.489,0.325,19,113.8
20220905001028000_00001948.sum,2022-09-05T00:10:27.473,24.628470,105.125993,4.827,2.137,6.232,0.376,21,93.1
20220905001028000_00002068.sum,2022-09-05T00:10:27.940,25.098554,99.693590,10.397,3.142,6.123,0.323,28,211.9
20220905001028000_00002128.sum,2022-09-05T00:10:28.055,25.090903,104.139774,11.935,1.401,11.331,0.408,31,47.5
20220905001028000_00002248.sum,2022-09-05T00:10:27.371,25.534729,99.657868,26.438,2.769,3.583,0.241,29,198.8
20220905001028000_00002308.sum,2022-09-05T00:10:27.306,25.551510,104.144982,20.964,2.936,7.380,0.236,13,108.2
20220905001028000_00002428.sum,2022-09-05T00:10:28.204,25.990107,98.711309,20.770,4.085,7.567,0.365,47,248.4
20220905001028000_00002488.sum,2022-09-05T00:10:27.442,26.007100,103.151636,22.524,1.487,7.040,0.387,34,35.9
20220905001028000_00002608.sum,2022-09-05T00:10:28.940,26.440721,98.752717,14.519,9.690,15.698,0.274,27,254.1
20220905001028000_00002668.sum,2022-09-05T00:10:27.418,26.458350,103.137175,7.075,1.898,8.852,0.105,13,97.4
20220905001028000_00002788.sum,2022-09-05T00:10:31.547,26.902889,98.220858,29.998,12.049,29.647,0.403,35,276.7
20220905001028000_00002848.sum,2022-09-05T00:10:27.211,26.919242,102.653302,24.410,1.915,6.344,0.398,23,54.8
20220905001028000_00002908.sum,2022-09-05T00:10:28.222,26.914279,107.217932,39.919,11.225,35.226,0.433,26,316.8
20220905001028000_00002968.sum,,,,,,,,,
20220905001028000_00003028.sum,2022-09-05T00:10:27.336,27.360250,102.140797,21.120,1.311,4.205,0.296,35,26.8
20220905001028000_00003088.sum,2022-09-05T00:10:28.223,27.326820,107.221046,46.313,7.407,27.420,0.463,50,310.0
20220905001028000_00003148.sum,,,,,,,,,
20220905001028000_00003208.sum,2022-09-05T00:10:27.300,27.809339,103.160568,23.104,1.395,5.623,0.634,36,34.1
20220905001028000_00003328.sum,2022-09-05T00:10:30.605,28.251632,98.202393,28.352,12.996,32.866,0.302,17,279.6
20220905001028000_00003388.sum,2022-09-05T00:10:27.300,28.262517,103.166395,13.803,1.062,4.971,0.215,35,51.9
20220905001028000_00003508.sum,2022-09-05T00:10:30.614,28.710810,98.159577,32.127,10.090,28.841,0.418,31,286.3
20220905001028000_00003568.sum,2022-09-05T00:10:27.426,28.719090,103.158717,11.076,1.450,6.732,0.277,23,54.0
20220905001028000_00003688.sum,2022-09-05T00:10:27.567,29.166102,98.583852,17.045,6.897,19.360,0.250,16,265.0
20220905001028000_00003748.sum,2022-09-05T00:10:27.463,29.170338,103.680272,15.125,1.208,3.715,0.283,37,32.1
20220905001028000_00003868.sum,2022-09-05T00:10:28.031,29.595153,99.045416,16.230,7.995,18.420,0.115,11,218.0
20220905001028000_00003928.sum,2022-09-05T00:10:27.183,29.620503,103.178834,29.533,1.715,3.722,0.482,26,48.2
20220905001028000_00004048.sum,2022-09-05T00:10:29.227,30.047174,98.565864,22.383,6.698,23.405,0.394,36,262.0
20220905001028000_00004108.sum,2022-09-05T00:10:27.267,30.066256,103.177813,29.679,1.446,4.226,0.456,34,47.4
20220905001028000_00004228.sum,2022-09-05T00:10:28.489,30.510654,98.544270,25.782,6.998,24.472,0.299,32,279.4
20220905001028000_00004288.sum,2022-09-05T00:10:27.518,30.519431,103.701822,9.795,5.318,7.260,0.159,11,102.2
20220905001028000_00004408.sum,2022-09-05T00:10:27.981,30.959406,99.536011,22.998,2.463,4.331,0.316,28,186.4
20220905001028000_00004468.sum,2022-09-05T00:10:27.223,30.969758,104.238918,29.998,1.409,2.752,0.578,35,51.9
20220905001028000_00004588.sum,2022-09-05T00:10:28.490,31.414167,99.026008,20.005,7.341,22.162,0.228,16,282.8
20220905001028000_00004648.sum,2022-09-05T00:10:27.549,31.430122,103.709247,6.552,3.186,7.297,0.326,26,117.0
20220905001028000_00004768.sum,2022-09-05T00:10:27.949,31.837295,98.507468,23.529,7.982,23.916,0.313,33,313.3
20220905001028000_00004828.sum,2022-09-05T00:10:28.088,31.867083,103.201027,12.763,3.269,13.603,0.330,32,226.8
20220905001028000_00004948.sum,2022-09-05T00:10:28.700,32.290098,98.555257,37.140,20.579,35.116,0.308,19,332.1
20220905001028000_00005008.sum,2022-09-05T00:10:28.206,32.264834,103.205656,20.871,4.830,17.291,0.300,34,245.9
20220905001028000_00005128.sum,2022-09-05T00:10:28.697,32.654666,98.391580,32.793,15.923,35.766,0.261,21,343.2
20220905001028000_00005188.sum,2022-09-05T00:10:27.897,32.744777,103.207939,20.080,6.453,20.567,0.450,31,271.9
20220905001028000_00005368.sum,2022-09-05T00:10:31.517,33.134123,102.731207,44.846,7.957,33.121,0.318,29,315.4
20220905001029000_00000809.sum,,,,,,,,,
20220905001029000_00000989.sum,2022-09-05T00:10:28.946,22.396247,101.193540,36.944,11.508,35.333,0.452,18,293.9
20220905001029000_00001049.sum,2022-09-05T00:10:29.967,22.312007,106.108955,38.861,17.756,34.160,0.796,31,344.5
20220905001029000_00001169.sum,2022-09-05T00:10:29.261,22.904185,101.672163,22.079,3.846,5.499,0.324,43,249.7
20220905001029000_00001229.sum,2022-09-05T00:10:29.396,22.843898,106.047282,45.002,8.109,27.401,0.366,38,325.5
20220905001029000_00001349.sum,2022-09-05T00:10:29.396,23.363050,101.178585,22.517,4.984,6.898,0.208,19,239.6
20220905001029000_00001409.sum,2022-09-05T00:10:29.429,23.310549,105.560695,32.290,4.269,9.727,0.392,36,303.7
20220905001029000_00001529.sum,2022-09-05T00:10:28.028,23.745996,100.690914,16.731,2.899,6.623,0.607,29,186.6
20220905001029000_00001589.sum,2022-09-05T00:10:28.897,23.767867,105.078635,27.206,3.620,4.567,0.239,35,129.1
20220905001029000_00001709.sum,2022-09-05T00:10:28.330,24.202153,100.694896,18.332,1.402,5.281,0.306,33,73.1
20220905001029000_00001769.sum,2022-09-05T00:10:28.460,24.202203,105.106154,22.394,1.676,2.094,0.382,45,142.9
20220905001029000_00001889.sum,2022-09-05T00:10:27.968,24.637317,100.675243,13.491,2.697,7.670,0.306,10,120.2
20220905001029000_00001949.sum,2022-09-05T00:10:28.503,24.645677,105.108252,7.413,2.612,4.562,0.477,36,178.0
20220905001029000_00002069.sum,2022-09-05T00:10:28.469,25.108523,100.189563,25.591,2.290,3.738,0.345,27,92.2
20220905001029000_00002129.sum,2022-09-05T00:10:28.322,25.095542,104.128703,12.671,1.582,4.729,0.313,24,72.8
20220905001029000_00002249.sum,2022-09-05T00:10:28.257,25.551134,99.657705,21.560,3.047,5.012,0.327,33,186.2
20220905001029000_00002309.sum,2022-09-05T00:10:28.091,25.553192,104.147376,19.672,2.316,7.499,0.348,18,79.6
20220905001029000_00002429.sum,2022-09-05T00:10:28.919,25.994326,98.710895,14.507,9.094,14.947,0.259,17,271.2
20220905001029000_00002489.sum,2022-09-05T00:10:28.391,26.013824,103.154938,1.528,1.034,2.113,0.286,37,39.6
20220905001029000_00002609.sum,2022-09-05T00:10:28.975,26.436743,98.677569,17.459,6.916,13.858,0.432,31,253.6
20220905001029000_00002669.sum,2022-09-05T00:09:54.580,26.572118,105.998598,26.635,61.515,76.245,0.927,11,292.7
20220905001029000_00002789.sum,2022-09-05T00:10:29.362,26.903205,98.213821,17.950,11.907,29.689,0.590,39,281.4
20220905001029000_00002849.sum,2022-09-05T00:10:28.282,26.910635,102.653306,27.897,1.435,3.588,0.297,30,57.8
20220905001029000_00002909.sum,2022-09-05T00:10:29.144,26.901301,107.199876,44.133,8.913,30.623,0.310,23,318.4
20220905001029000_00002969.sum,,,,,,,,,
20220905001029000_00003029.sum,2022-09-05T00:10:28.659,27.361394,102.655925,6.293,1.226,5.945,0.322,43,28.3
20220905001029000_00003089.sum,2022-09-05T00:10:30.322,27.352957,107.188315,37.464,16.046,36.468,0.245,17,318.3
20220905001029000_00003149.sum,,,,,,,,,
20220905001029000_00003209.sum,2022-09-05T00:10:28.364,27.810323,103.167443,8.701,1.794,9.027,0.222,23,58.6
20220905001029000_00003329.sum,2022-09-05T00:10:30.171,28.241468,98.674456,24.882,9.933,23.438,0.408,31,248.0
20220905001029000_00003389.sum,2022-09-05T00:10:28.488,28.263231,103.158586,5.022,1.398,4.425,0.191,26,39.1
20220905001029000_00003509.sum,2022-09-05T00:10:32.292,28.695350,98.137274,29.036,10.461,29.906,0.635,39,281.6
20220905001029000_00003569.sum,2022-09-05T00:10:28.538,28.712993,103.175623,9.572,1.116,3.649,0.513,39,33.8
20220905001029000_00003689.sum,2022-09-05T00:10:29.247,29.128887,98.613108,20.213,8.361,21.828,0.196,17,271.5
20220905001029000_00003749.sum,2022-09-05T00:10:28.484,29.171103,103.698783,27.162,2.791,6.260,0.462,15,81.9
20220905001029000_00003869.sum,2022-09-05T00:10:28.773,29.592223,99.050912,11.161,3.206,18.877,0.517,40,221.8
20220905001029000_00003929.sum,2022-09-05T00:10:28.303,29.617070,103.689932,28.746,2.047,3.755,0.554,32,42.0
20220905001029000_00004049.sum,2022-09-05T00:10:29.722,30.046490,98.581296,32.009,10.090,30.708,0.369,21,250.2
20220905001029000_00004109.sum,2022-09-05T00:10:28.699,30.055042,103.698184,16.601,1.919,4.212,0.316,30,49.8
20220905001029000_00004229.sum,2022-09-05T00:10:29.031,30.499891,99.046034,14.280,2.735,10.468,0.400,41,225.7
20220905001029000_00004289.sum,2022-09-05T00:10:28.144,30.518302,103.700852,30.626,1.427,4.179,0.567,39,31.8
20220905001029000_00004409.sum,2022-09-05T00:10:28.888,30.928738,99.539541,13.042,3.663,4.554,0.181,18,206.2
20220905001029000_00004469.sum,2022-09-05T00:10:28.884,30.938682,104.762050,26.510,5.443,7.655,0.554,22,138.7
20220905001029000_00004589.sum,2022-09-05T00:10:28.957,31.396271,99.029581,19.752,5.150,14.197,0.333,29,277.2
20220905001029000_00004649.sum,2022-09-05T00:10:28.134,31.405200,103.703781,28.778,1.836,2.994,0.438,38,109.1
20220905001029000_00004769.sum,2022-09-05T00:10:28.649,31.823045,98.956344,18.080,5.230,20.002,0.414,39,297.4
20220905001029000_00004829.sum,2022-09-05T00:10:28.739,31.856282,103.195556,13.732,2.799,8.985,0.297,39,211.3
20220905001029000_00004949.sum,2022-09-05T00:10:28.688,32.247066,98.431655,24.770,8.887,25.938,0.471,31,326.4
20220905001029000_00005009.sum,2022-09-05T00:10:29.192,32.277058,103.211164,15.162,7.755,14.220,0.443,25,243.6
20220905001029000_00005129.sum,2022-09-05T00:10:30.526,32.629904,98.373638,34.370,14.379,35.732,0.397,34,344.4
20220905001029000_00005189.sum,2022-09-05T00:10:30.326,32.715432,103.203715,25.099,10.089,27.399,0.281,18,285.1
20220905001029000_00005369.sum,2022-09-05T00:10:31.646,33.145404,102.713777,41.119,8.101,34.928,0.442,25,314.1
20220905001030000_00000810.sum,,,,,,,,,
20220905001030000_00000990.sum,2022-09-05T00:10:30.532,22.427138,101.183498,8.505,6.303,16.641,0.442,38,286.2
20220905001030000_00001050.sum,,,,,,,,,
20220905001030000_00001170.sum,2022-09-05T00:10:30.484,22.888914,101.681553,6.440,3.832,8.055,0.464,38,255.6
20220905001030000_00001230.sum,2022-09-05T00:10:30.318,22.788725,106.124241,43.636,8.538,29.599,0.730,40,333.3
20220905001030000_00001350.sum,2022-09-05T00:10:30.160,23.340152,101.182385,17.497,3.255,5.414,0.388,39,224.1
20220905001030000_00001410.sum,2022-09-05T00:10:30.287,23.299977,105.552880,18.477,6.293,7.964,0.267,27,302.6
20220905001030000_00001530.sum,2022-09-05T00:10:29.460,23.749235,100.692991,13.703,3.451,7.853,0.402,17,196.3
20220905001030000_00001590.sum,2022-09-05T00:10:29.756,23.762350,105.082635,26.567,2.370,3.003,0.286,46,201.6
20220905001030000_00001710.sum,2022-09-05T00:10:29.467,24.203219,100.681710,22.773,1.386,3.881,0.196,18,60.4
20220905001030000_00001770.sum,2022-09-05T00:10:29.583,24.184717,105.094476,25.373,2.465,3.204,0.411,36,135.1
20220905001030000_00001890.sum,2022-09-05T00:10:29.366,24.635997,100.655207,13.658,1.145,4.332,0.254,22,50.3
20220905001030000_00001950.sum,2022-09-05T00:10:29.290,24.645930,105.119815,12.521,6.223,8.231,0.335,13,224.9
20220905001030000_00002070.sum,2022-09-05T00:10:29.167,25.087948,100.166884,16.429,1.813,7.680,0.427,20,91.2
20220905001030000_00002130.sum,2022-09-05T00:10:29.457,25.099802,104.626321,21.498,2.023,5.193,0.363,25,46.0
20220905001030000_00002250.sum,2022-09-05T00:10:29.772,25.539110,99.668825,11.488,3.131,9.858,0.227,19,195.7
20220905001030000_00002310.sum,2022-09-05T00:10:29.439,25.551227,104.140075,2.740,1.434,4.439,0.316,31,46.1
20220905001030000_00002430.sum,2022-09-05T00:10:30.311,25.986114,98.713126,24.649,6.857,12.266,0.441,26,264.9
20220905001030000_00002490.sum,2022-09-05T00:10:29.629,26.001214,103.659130,8.935,1.510,10.554,0.232,19,57.4
20220905001030000_00002610.sum,2022-09-05T00:10:30.067,26.449195,98.651735,9.169,8.526,11.696,0.257,20,286.3
20220905001030000_00002670.sum,2022-09-05T00:10:29.810,26.456562,103.152155,15.294,1.877,8.462,0.341,20,55.7
20220905001030000_00002790.sum,2022-09-05T00:10:30.113,26.910962,98.220446,27.924,12.072,36.620,0.326,24,294.6
20220905001030000_00002850.sum,2022-09-05T00:10:29.439,26.910351,102.644330,24.828,1.353,4.359,0.243,33,26.3
20220905001030000_00002910.sum,2022-09-05T00:10:31.163,26.916084,107.247571,37.928,14.130,37.931,0.298,17,320.6
20220905001030000_00002970.sum,,,,,,,,,
20220905001030000_00003030.sum,2022-09-05T00:10:29.478,27.358331,102.649472,10.186,1.381,4.826,0.262,21,53.8
20220905001030000_00003090.sum,2022-09-05T00:10:31.013,27.331295,107.149802,16.978,6.888,26.656,0.548,35,312.4
20220905001030000_00003150.sum,2022-09-05T00:10:32.498,27.796472,98.205594,29.761,17.972,33.200,0.398,28,278.5
20220905001030000_00003210.sum,2022-09-05T00:10:29.449,27.813983,103.162197,12.145,1.227,5.402,0.312,34,44.6
20220905001030000_00003330.sum,2022-09-05T00:10:30.489,28.246486,98.603350,22.760,8.511,24.028,0.448,36,241.5
20220905001030000_00003390.sum,2022-09-05T00:10:29.375,28.264239,103.167447,14.509,1.364,5.208,0.391,31,56.6
20220905001030000_00003510.sum,2022-09-05T00:10:30.217,28.698263,98.600336,18.872,5.732,20.495,0.449,44,243.5
20220905001030000_00003570.sum,2022-09-05T00:10:29.182,28.713153,103.175149,14.908,2.044,6.451,0.304,22,83.1
20220905001030000_00003690.sum,2022-09-05T00:10:30.572,29.144210,98.615580,18.112,4.894,11.717,0.354,42,256.2
20220905001030000_00003750.sum,2022-09-05T00:10:29.272,29.162525,104.197271,21.581,1.504,3.200,0.471,41,43.5
20220905001030000_00003870.sum,2022-09-05T00:10:29.553,29.593829,99.080025,19.319,7.469,17.135,0.355,13,238.0
20220905001030000_00003930.sum,2022-09-05T00:10:29.124,29.605494,103.689733,12.972,1.856,7.252,0.369,25,80.5
20220905001030000_00004050.sum,2022-09-05T00:10:29.996,30.038681,98.550829,24.246,7.643,25.896,0.465,22,252.4
20220905001030000_00004110.sum,2022-09-05T00:10:29.345,30.062799,103.694990,7.747,1.885,3.536,0.239,18,78.0
20220905001030000_00004230.sum,2022-09-05T00:10:29.840,30.497920,99.027905,20.635,5.378,20.251,0.710,21,241.2
20220905001030000_00004290.sum,2022-09-05T00:10:29.270,30.519833,103.704983,21.252,1.095,3.473,0.351,44,35.0
20220905001030000_00004410.sum,2022-09-05T00:10:29.562,30.948069,99.535581,15.007,2.339,5.072,0.287,41,194.1
20220905001030000_00004470.sum,2022-09-05T00:10:29.515,30.963232,104.749203,8.234,1.068,1.818,0.415,46,74.3
20220905001030000_00004590.sum,2022-09-05T00:10:30.632,31.399933,99.055767,19.029,3.922,11.840,0.262,41,278.3
20220905001030000_00004650.sum,2022-09-05T00:10:29.666,31.430184,103.723899,6.737,2.845,6.957,0.331,21,167.9
20220905001030000_00004770.sum,2022-09-05T00:10:29.888,31.834640,98.976183,20.142,6.846,20.359,0.344,24,301.5
20220905001030000_00004830.sum,2022-09-05T00:10:29.866,31.835844,103.713081,15.705,3.195,7.991,0.355,38,209.8
20220905001030000_00004950.sum,2022-09-05T00:10:31.686,32.218526,98.518343,29.323,9.640,30.874,0.497,24,323.8
20220905001030000_00005010.sum,2022-09-05T00:10:30.561,32.255977,103.201535,23.589,5.898,14.783,0.317,32,245.7
20220905001030000_00005130.sum,2022-09-05T00:10:30.387,32.669328,98.854598,29.709,8.591,29.253,0.481,37,327.1
20220905001030000_00005190.sum,2022-09-05T00:10:30.509,32.730374,103.220580,20.096,7.286,21.672,0.266,22,291.1
20220905001030000_00005370.sum,2022-09-05T00:10:31.838,29.769690,102.797693,47.995,18.568,32.058,1.488,25,321.4
20220905001031000_00000811.sum,,,,,,,,,
20220905001031000_00000991.sum,2022-09-05T00:10:32.649,22.424025,101.693040,44.146,5.525,27.456,0.521,35,292.6
20220905001031000_00001051.sum,,,,,,,,,
20220905001031000_00001171.sum,2022-09-05T00:10:30.983,22.890496,101.676355,15.148,4.145,8.716,0.346,30,260.8
20220905001031000_00001231.sum,2022-09-05T00:10:30.920,22.816102,106.040716,12.060,11.622,17.740,0.828,38,329.5
20220905001031000_00001351.sum,2022-09-05T00:10:31.367,23.357323,101.191814,24.033,3.873,5.383,0.322,28,222.2
20220905001031000_00001411.sum,2022-09-05T00:10:31.139,23.304709,105.569536,31.534,3.839,6.511,0.312,35,302.0
20220905001031000_00001531.sum,2022-09-05T00:10:30.454,23.767226,100.704111,21.697,3.048,7.142,0.325,25,183.9
20220905001031000_00001591.sum,2022-09-05T00:10:30.894,23.763814,105.080710,13.358,3.022,4.558,0.277,25,214.6
20220905001031000_00001711.sum,2022-09-05T00:10:30.435,24.209148,100.674212,11.256,1.224,4.648,0.768,36,38.2
20220905001031000_00001771.sum,2022-09-05T00:10:30.840,24.227696,105.105163,26.514,6.401,11.525,0.737,11,220.3
20220905001031000_00001891.sum,2022-09-05T00:10:30.537,24.650509,100.680758,7.760,1.850,5.459,0.265,18,87.7
20220905001031000_00001951.sum,2022-09-05T00:10:30.496,24.638329,105.106745,11.855,1.011,2.689,0.337,49,102.4
20220905001031000_00002071.sum,2022-09-05T00:10:30.356,25.089245,100.163928,27.196,2.198,2.856,0.282,26,139.5
20220905001031000_00002131.sum,2022-09-05T00:10:30.422,25.092089,104.632965,9.249,1.966,4.718,0.311,23,95.5
20220905001031000_00002251.sum,2022-09-05T00:10:30.514,25.534314,99.668464,1.577,1.985,2.513,0.360,39,126.7
20220905001031000_00002311.sum,2022-09-05T00:10:30.356,25.534121,104.152948,3.555,1.774,6.246,0.367,14,123.4
20220905001031000_00002431.sum,2022-09-05T00:10:30.962,25.988473,98.674610,7.373,4.585,9.812,0.462,26,262.6
20220905001031000_00002491.sum,2022-09-05T00:10:30.439,26.018995,103.644119,12.670,1.499,4.566,0.482,37,34.5
20220905001031000_00002611.sum,2022-09-05T00:10:31.187,26.437341,98.679375,28.312,5.122,8.579,0.287,40,245.0
20220905001031000_00002671.sum,2022-09-05T00:10:30.539,26.459842,103.657267,21.839,1.597,11.856,0.835,23,43.9
20220905001031000_00002791.sum,2022-09-05T00:10:34.829,26.903677,98.274291,31.596,14.656,37.828,0.416,17,288.4
20220905001031000_00002851.sum,2022-09-05T00:10:30.508,26.912188,102.664569,18.646,1.688,6.828,0.236,19,82.9
20220905001031000_00002911.sum,2022-09-05T00:10:31.166,26.899609,107.207198,34.799,11.008,36.129,0.567,30,308.0
20220905001031000_00002971.sum,,,,,,,,,
20220905001031000_00003031.sum,2022-09-05T00:10:30.365,27.356054,102.661091,22.434,1.881,3.999,0.276,22,60.4
20220905001031000_00003091.sum,2022-09-05T00:10:31.296,27.330012,107.238346,41.444,8.901,30.472,0.332,39,313.0
20220905001031000_00003151.sum,2022-09-05T00:10:31.242,27.776949,98.181437,21.750,10.771,27.332,0.572,22,282.2
20220905001031000_00003211.sum,2022-09-05T00:10:30.356,27.821434,103.168779,8.078,2.553,5.544,0.212,14,65.6
20220905001031000_00003331.sum,2022-09-05T00:10:31.102,28.229757,98.619900,22.582,10.803,26.784,0.300,11,252.5
20220905001031000_00003391.sum,2022-09-05T00:10:30.710,28.262446,103.169986,6.700,1.702,5.819,0.330,27,55.9
20220905001031000_00003511.sum,2022-09-05T00:10:31.414,28.680858,98.586014,22.808,8.970,27.165,0.418,20,255.0
20220905001031000_00003571.sum,2022-09-05T00:10:30.273,28.716388,103.678870,12.364,1.554,4.934,0.271,30,62.4
20220905001031000_00003691.sum,2022-09-05T00:10:31.050,29.148908,99.089870,26.362,5.643,14.197,0.604,31,229.9
20220905001031000_00003751.sum,2022-09-05T00:10:30.361,29.154258,104.197972,22.955,1.649,2.965,0.416,32,31.7
20220905001031000_00003871.sum,2022-09-05T00:10:30.717,29.586752,99.073560,17.501,4.992,12.989,0.221,17,244.7
20220905001031000_00003931.sum,2022-09-05T00:10:30.341,29.629943,103.686799,20.620,1.762,5.879,0.235,25,54.3
20220905001031000_00004051.sum,2022-09-05T00:10:31.539,30.038608,98.519525,20.309,6.591,21.333,0.322,30,243.3
20220905001031000_00004111.sum,2022-09-05T00:10:30.656,30.062960,103.692712,17.511,1.737,6.928,0.095,18,51.7
20220905001031000_00004231.sum,2022-09-05T00:10:31.402,30.495973,99.064723,13.087,3.431,13.138,0.693,32,255.4
20220905001031000_00004291.sum,2022-09-05T00:10:30.071,30.523561,103.712515,30.323,3.276,7.018,0.543,22,100.9
20220905001031000_00004411.sum,2022-09-05T00:10:30.615,30.946258,99.531732,5.459,2.604,3.605,0.189,29,223.5
20220905001031000_00004471.sum,2022-09-05T00:10:30.660,30.958985,104.752337,2.821,1.091,2.176,0.276,37,60.8
20220905001031000_00004591.sum,2022-09-05T00:10:31.173,31.390409,99.005061,12.075,5.273,11.186,0.245,24,269.4
20220905001031000_00004651.sum,2022-09-05T00:10:30.276,31.407623,103.720049,17.432,1.915,3.786,0.393,44,92.7
20220905001031000_00004771.sum,2022-09-05T00:10:30.886,31.837939,98.960205,12.619,5.009,18.392,0.342,34,306.8
20220905001031000_00004831.sum,2022-09-05T00:10:31.301,31.810260,103.735590,22.725,3.646,6.088,0.236,35,231.4
20220905001031000_00004951.sum,2022-09-05T00:10:32.357,32.264010,98.440785,25.718,8.611,27.415,0.300,25,330.4
20220905001031000_00005011.sum,2022-09-05T00:10:31.351,32.263084,103.724826,15.085,4.538,13.495,0.405,23,250.7
20220905001031000_00005131.sum,2022-09-05T00:10:31.713,32.663407,98.921093,31.733,13.213,34.780,0.324,17,333.3
20220905001031000_00005191.sum,2022-09-05T00:10:32.433,32.675707,103.225148,23.444,6.869,23.129,0.505,33,265.6
20220905001031000_00005371.sum,2022-09-05T00:10:33.496,33.098722,102.682310,51.859,5.657,22.424,0.342,42,317.2
20220905001032000_00000812.sum,,,,,,,,,
20220905001032000_00000992.sum,2022-09-05T00:10:32.294,22.413398,101.686127,23.500,6.321,25.032,0.435,35,288.2
20220905001032000_00001052.sum,,,,,,,,,
20220905001032000_00001172.sum,2022-09-05T00:10:32.707,22.878819,101.677157,44.116,4.640,20.670,0.306,30,245.6
20220905001032000_00001232.sum,2022-09-05T00:10:32.174,22.760701,106.101018,33.813,10.642,34.317,0.736,32,331.0
20220905001032000_00001352.sum,2022-09-05T00:10:32.391,23.331704,101.186760,6.179,3.075,7.636,0.257,36,230.6
20220905001032000_00001412.sum,2022-09-05T00:10:32.094,23.308632,105.563996,30.226,4.278,5.331,0.264,27,297.3
20220905001032000_00001532.sum,2022-09-05T00:10:31.441,23.748709,100.685910,10.873,2.446,6.271,0.369,35,193.4
20220905001032000_00001592.sum,2022-09-05T00:10:32.254,23.755362,105.540346,18.549,3.171,4.054,0.390,43,282.2
20220905001032000_00001712.sum,2022-09-05T00:10:31.354,24.205524,100.693676,17.618,2.006,4.762,0.315,34,147.1
20220905001032000_00001772.sum,2022-09-05T00:10:31.513,24.196276,105.089767,20.784,2.033,3.512,0.386,27,95.5
20220905001032000_00001892.sum,2022-09-05T00:10:31.179,24.638579,100.683147,24.838,1.670,4.333,0.240,22,64.0
20220905001032000_00001952.sum,2022-09-05T00:10:31.529,24.639015,105.113671,4.135,1.628,5.108,0.352,45,119.2
20220905001032000_00002072.sum,2022-09-05T00:10:32.023,25.093758,100.163289,9.718,1.942,7.146,0.257,34,173.3
20220905001032000_00002132.sum,2022-09-05T00:10:31.407,25.104974,104.619523,21.228,1.600,4.901,0.338,33,71.4
20220905001032000_00002252.sum,2022-09-05T00:10:31.053,25.551476,100.144504,25.063,6.010,7.457,0.544,14,182.0
20220905001032000_00002312.sum,2022-09-05T00:10:31.528,25.548590,104.635086,14.588,1.929,9.146,0.395,22,67.1
20220905001032000_00002432.sum,2022-09-05T00:10:31.521,25.995503,99.184568,9.930,3.931,9.292,0.443,28,232.7
20220905001032000_00002492.sum,2022-09-05T00:10:31.364,26.016594,103.645870,17.667,2.965,8.910,0.269,13,117.0
20220905001032000_00002612.sum,2022-09-05T00:10:31.883,26.436865,98.685699,12.887,4.782,13.371,0.296,35,257.1
20220905001032000_00002672.sum,2022-09-05T00:10:31.605,26.452929,103.653448,26.436,2.588,5.227,0.183,13,93.9
20220905001032000_00002792.sum,2022-09-05T00:10:32.088,26.886757,98.658207,11.372,6.010,13.862,0.310,23,267.4
20220905001032000_00002852.sum,2022-09-05T00:10:31.530,26.911031,102.654334,15.313,1.285,6.331,0.420,36,46.3
20220905001032000_00002972.sum,2022-09-05T00:10:33.919,27.327805,98.203525,36.064,14.709,32.344,0.298,21,288.9
20220905001032000_00003032.sum,2022-09-05T00:10:31.217,27.359857,102.664371,19.252,1.342,3.507,0.241,32,53.1
20220905001032000_00003152.sum,2022-09-05T00:10:33.720,27.803981,98.137801,30.008,10.615,29.567,0.492,40,285.3
20220905001032000_00003212.sum,2022-09-05T00:10:31.332,27.810856,103.162332,17.236,1.468,7.013,0.442,31,44.7
20220905001032000_00003332.sum,2022-09-05T00:10:32.065,28.243248,98.612677,18.719,5.285,18.393,0.332,43,241.4
20220905001032000_00003392.sum,2022-09-05T00:10:31.266,28.258542,103.669462,23.117,1.308,4.924,0.357,40,38.4
20220905001032000_00003512.sum,2022-09-05T00:10:32.718,28.690209,98.624471,24.585,8.936,23.724,0.229,23,264.0
20220905001032000_00003572.sum,2022-09-05T00:10:31.133,28.698569,103.669749,22.099,2.807,11.695,0.197,11,80.9
20220905001032000_00003692.sum,2022-09-05T00:10:32.145,29.153642,99.105338,15.220,2.973,9.951,0.273,39,222.4
20220905001032000_00003752.sum,2022-09-05T00:10:31.656,29.170288,104.172771,10.818,4.933,19.592,0.530,11,88.8
20220905001032000_00003872.sum,2022-09-05T00:10:31.863,29.602944,99.036633,14.938,6.203,21.203,0.405,25,246.7
20220905001032000_00003932.sum,2022-09-05T00:10:31.732,29.612253,103.712033,13.469,14.434,17.883,0.306,9,124.8
20220905001032000_00004052.sum,2022-09-05T00:10:31.288,30.036655,99.019334,20.606,8.192,15.116,0.238,19,265.1
20220905001032000_00004112.sum,2022-09-05T00:10:31.195,30.063278,103.693372,30.191,1.733,4.907,0.493,30,41.8
20220905001032000_00004232.sum,2022-09-05T00:10:32.066,30.507192,99.046266,24.581,6.733,15.365,0.214,22,232.3
20220905001032000_00004292.sum,2022-09-05T00:10:31.263,30.509137,104.216559,30.535,1.657,4.140,0.314,37,56.4
20220905001032000_00004412.sum,2022-09-05T00:10:31.474,30.949501,99.523625,27.782,3.256,4.763,0.287,24,207.7
20220905001032000_00004472.sum,2022-09-05T00:10:31.201,30.944798,104.739356,24.022,3.223,9.120,0.693,25,56.9
20220905001032000_00004592.sum,2022-09-05T00:10:31.463,31.406200,99.490998,1.550,2.848,3.620,0.231,32,221.4
20220905001032000_00004652.sum,2022-09-05T00:10:31.351,31.413732,104.248894,14.970,1.713,2.745,0.336,31,128.5
20220905001032000_00004772.sum,2022-09-05T00:10:32.552,31.785634,99.012314,21.548,7.113,20.311,0.351,23,303.3
20220905001032000_00004832.sum,2022-09-05T00:10:31.485,31.854672,103.730868,21.294,2.971,6.818,0.392,37,206.3
20220905001032000_00004952.sum,2022-09-05T00:10:32.871,32.275819,98.461854,26.517,8.689,27.190,0.280,28,327.0
20220905001032000_00005012.sum,2022-09-05T00:10:32.259,32.255393,103.729107,23.414,3.857,12.085,0.318,48,234.5
20220905001032000_00005132.sum,2022-09-05T00:10:32.536,32.632005,98.884522,24.539,9.027,24.894,0.515,33,331.3
20220905001032000_00005192.sum,2022-09-05T00:10:32.525,32.732198,103.196363,21.683,8.211,23.094,0.182,18,283.6
20220905001032000_00005372.sum,2022-09-05T00:10:34.669,33.108509,102.715659,41.525,11.335,35.669,0.379,17,327.1
20220905001033000_00000813.sum,,,,,,,,,
20220905001033000_00000993.sum,2022-09-05T00:10:32.835,22.402694,101.679753,28.396,8.244,35.060,0.430,27,280.9
20220905001033000_00001053.sum,,,,,,,,,
20220905001033000_00001173.sum,2022-09-05T00:10:32.995,22.879292,102.155436,18.416,5.212,7.418,0.277,23,261.2
20220905001033000_00001233.sum,2022-09-05T00:10:33.599,22.755259,106.021169,42.913,12.624,29.650,0.379,26,334.5
20220905001033000_00001353.sum,2022-09-05T00:10:33.061,23.340123,101.187255,16.492,3.189,5.175,0.462,43,229.8
20220905001033000_00001413.sum,2022-09-05T00:10:32.896,23.284138,106.058045,9.442,5.726,7.096,0.337,32,313.1
20220905001033000_00001533.sum,2022-09-05T00:10:32.699,23.755540,100.687095,5.478,2.278,5.456,0.385,33,157.4
20220905001033000_00001593.sum,2022-09-05T00:10:33.151,23.752564,105.563635,29.523,5.195,7.186,0.357,24,293.5
20220905001033000_00001713.sum,2022-09-05T00:10:32.206,24.204023,100.674932,27.514,3.265,5.223,0.286,15,86.4
20220905001033000_00001773.sum,2022-09-05T00:10:32.513,24.193001,105.096324,8.179,4.173,5.170,0.696,25,190.3
20220905001033000_00001893.sum,2022-09-05T00:10:32.499,24.646093,100.673851,10.323,1.292,6.014,0.395,33,36.0
20220905001033000_00001953.sum,2022-09-05T00:10:32.484,24.658380,105.113940,14.618,2.235,10.073,0.229,17,173.4
20220905001033000_00002073.sum,2022-09-05T00:10:32.144,25.094928,100.175205,17.426,2.686,7.136,0.286,20,124.0
20220905001033000_00002133.sum,2022-09-05T00:10:32.310,25.100149,104.646037,26.989,1.509,3.416,0.289,36,64.5
20220905001033000_00002253.sum,2022-09-05T00:10:32.230,25.557704,100.170893,18.801,4.238,12.979,0.601,20,155.6
20220905001033000_00002313.sum,2022-09-05T00:10:32.893,25.543394,104.657189,10.780,1.849,8.112,0.516,27,64.1
20220905001033000_00002433.sum,2022-09-05T00:10:33.066,25.988388,99.185340,11.041,6.020,14.412,0.396,18,238.6
20220905001033000_00002493.sum,2022-09-05T00:10:32.523,26.008451,103.653710,9.721,1.421,7.615,0.404,35,57.4
20220905001033000_00002613.sum,2022-09-05T00:10:32.735,26.439462,99.145417,11.245,4.133,10.602,0.304,22,236.1
20220905001033000_00002673.sum,2022-09-05T00:10:32.609,26.458844,103.651246,11.404,1.521,5.476,0.230,27,62.5
20220905001033000_00002793.sum,2022-09-05T00:10:32.812,26.878859,98.651825,15.479,5.101,14.970,0.434,43,253.2
20220905001033000_00002853.sum,2022-09-05T00:10:32.478,26.899557,103.164720,14.954,2.418,11.536,0.139,15,101.7
20220905001033000_00002973.sum,2022-09-05T00:10:33.129,27.343387,98.155700,18.340,10.285,27.025,0.390,35,293.1
20220905001033000_00003033.sum,2022-09-05T00:10:32.490,27.354586,102.650986,5.269,1.876,8.193,0.381,27,51.0
20220905001033000_00003153.sum,2022-09-05T00:10:35.207,27.805003,98.190311,35.943,10.592,29.096,0.413,37,288.2
20220905001033000_00003213.sum,2022-09-05T00:10:32.379,27.807082,103.169638,16.663,1.461,6.943,0.365,27,45.8
20220905001033000_00003333.sum,2022-09-05T00:10:33.629,28.239638,98.648927,22.397,8.612,24.152,0.292,25,264.2
20220905001033000_00003393.sum,2022-09-05T00:10:32.251,28.276559,103.676358,28.945,1.628,4.805,0.455,24,65.1
20220905001033000_00003513.sum,2022-09-05T00:10:32.950,28.690098,98.606489,19.633,5.898,20.327,0.327,32,247.2
20220905001033000_00003573.sum,2022-09-05T00:10:32.500,28.714347,103.680997,14.905,1.169,3.765,0.453,47,42.3
20220905001033000_00003693.sum,2022-09-05T00:10:32.977,29.154386,99.081887,17.985,4.608,11.721,0.226,27,264.6
20220905001033000_00003753.sum,2022-09-05T00:10:32.618,29.166084,104.207534,5.922,1.324,3.593,0.426,31,58.4
20220905001033000_00003873.sum,2022-09-05T00:10:32.439,29.598192,99.568441,19.996,2.181,3.837,0.398,41,193.8
20220905001033000_00003933.sum,2022-09-05T00:10:32.574,29.606390,103.683826,4.029,1.705,4.142,0.329,23,57.4
20220905001033000_00004053.sum,2022-09-05T00:10:32.815,30.043940,99.062778,19.813,3.001,9.968,0.286,39,226.9
20220905001033000_00004113.sum,2022-09-05T00:10:32.339,30.075608,103.682866,15.797,1.446,3.700,0.219,25,57.8
20220905001033000_00004233.sum,2022-09-05T00:10:32.906,30.496106,99.036432,23.875,4.213,12.091,0.242,30,236.2
20220905001033000_00004293.sum,2022-09-05T00:10:32.361,30.511861,104.224519,6.393,1.669,2.503,0.616,17,60.7
20220905001033000_00004413.sum,2022-09-05T00:10:32.329,30.950604,100.058334,17.346,1.728,6.507,0.390,28,80.0
20220905001033000_00004473.sum,2022-09-05T00:10:32.188,30.963231,104.753845,17.884,1.254,2.911,0.666,50,28.9
20220905001033000_00004593.sum,2022-09-05T00:10:32.606,31.397620,99.489931,22.460,2.743,5.337,0.390,40,258.7
20220905001033000_00004653.sum,2022-09-05T00:10:32.452,31.415450,104.249226,14.075,1.740,3.170,0.648,43,116.5
20220905001033000_00004773.sum,2022-09-05T00:10:32.763,31.802115,98.987152,22.153,6.052,17.175,0.289,26,306.4
20220905001033000_00004833.sum,2022-09-05T00:10:33.020,31.812882,103.723175,23.984,4.214,12.072,0.274,16,219.9
20220905001033000_00004953.sum,2022-09-05T00:10:33.851,32.245132,98.471582,23.737,6.608,23.204,0.324,42,325.3
20220905001033000_00005013.sum,2022-09-05T00:10:33.184,32.247831,103.743053,14.703,6.789,15.463,0.307,14,278.4
20220905001033000_00005133.sum,2022-09-05T00:10:33.704,32.634148,98.922121,29.510,9.785,30.866,0.450,29,330.3
20220905001033000_00005193.sum,2022-09-05T00:10:34.589,32.650372,103.199547,26.198,9.040,28.006,0.459,23,267.9
20220905001033000_00005373.sum,2022-09-05T00:10:35.475,33.104291,102.720011,42.744,7.894,32.406,0.642,41,313.5
20220905001034000_00000814.sum,,,,,,,,,
20220905001034000_00000994.sum,2022-09-05T00:10:34.832,22.418546,101.701792,42.733,7.535,29.060,0.481,26,285.0
20220905001034000_00001054.sum,,,,,,,,,
20220905001034000_00001174.sum,2022-09-05T00:10:34.393,22.887482,102.154778,43.123,14.739,31.076,0.357,10,288.6
20220905001034000_00001234.sum,2022-09-05T00:10:34.749,22.782063,106.046161,44.290,12.753,28.071,0.349,24,328.3
20220905001034000_00001354.sum,2022-09-05T00:10:33.967,23.340182,101.684382,11.866,3.722,7.723,0.290,28,241.6
20220905001034000_00001414.sum,2022-09-05T00:10:34.010,23.255226,106.085233,37.499,9.218,29.739,0.238,18,318.1
20220905001034000_00001534.sum,2022-09-05T00:10:33.754,23.768170,100.701990,18.257,2.295,4.131,0.304,37,196.2
20220905001034000_00001594.sum,2022-09-05T00:10:33.903,23.749231,105.575191,14.945,3.851,4.793,0.303,33,290.7
20220905001034000_00001714.sum,2022-09-05T00:10:33.517,24.198043,100.687340,11.951,2.245,4.740,0.232,23,87.8
20220905001034000_00001774.sum,2022-09-05T00:10:34.946,24.218163,105.537212,6.749,4.216,7.043,0.529,37,243.0
20220905001034000_00001894.sum,2022-09-05T00:10:33.356,24.656398,100.672402,14.189,1.653,5.101,0.297,20,64.4
20220905001034000_00001954.sum,2022-09-05T00:10:33.686,24.644922,105.600056,19.137,3.906,5.093,0.272,23,213.4
20220905001034000_00002074.sum,2022-09-05T00:10:33.243,25.096177,100.658834,10.809,2.257,6.561,0.256,13,70.7
20220905001034000_00002134.sum,2022-09-05T00:10:33.388,25.099579,104.635068,15.487,1.374,4.104,0.281,27,62.9
20220905001034000_00002254.sum,2022-09-05T00:10:33.315,25.552753,100.160629,14.402,2.509,10.899,0.300,16,100.6
20220905001034000_00002314.sum,2022-09-05T00:10:33.311,25.543750,104.658554,13.338,1.445,3.876,0.263,24,59.0
20220905001034000_00002434.sum,2022-09-05T00:10:33.801,26.005581,99.187388,18.203,6.351,14.548,0.664,20,245.0
20220905001034000_00002494.sum,2022-09-05T00:10:33.534,26.017590,103.649548,22.409,1.374,3.820,0.403,40,39.5
20220905001034000_00002614.sum,2022-09-05T00:10:32.975,26.452301,99.152717,17.884,6.743,19.815,0.449,14,252.9
20220905001034000_00002674.sum,2022-09-05T00:10:33.543,26.462393,103.653658,17.026,1.712,9.141,0.316,22,52.0
20220905001034000_00002794.sum,2022-09-05T00:10:34.331,26.896693,98.692324,28.274,7.663,11.201,0.404,35,266.9
20220905001034000_00002854.sum,2022-09-05T00:10:33.670,26.917860,103.162507,18.964,1.085,4.078,0.375,39,39.9
20220905001034000_00002974.sum,2022-09-05T00:10:35.838,27.413536,98.148571,37.886,10.809,35.640,0.435,26,287.7
20220905001034000_00003034.sum,2022-09-05T00:10:33.290,27.370216,103.152618,24.179,1.464,4.560,0.381,34,65.6
20220905001034000_00003154.sum,2022-09-05T00:10:37.113,27.797449,98.233990,28.766,13.036,34.590,0.438,21,284.2
20220905001034000_00003214.sum,2022-09-05T00:10:33.431,27.814146,103.672765,23.265,1.388,4.253,0.564,38,59.7
20220905001034000_00003334.sum,2022-09-05T00:10:34.310,28.237794,98.629902,19.827,6.133,18.561,0.393,46,241.3
20220905001034000_00003394.sum,2022-09-05T00:10:33.506,28.258076,103.673116,14.501,1.252,3.938,0.420,49,30.5
20220905001034000_00003514.sum,2022-09-05T00:10:34.292,28.689188,98.599212,21.077,5.736,21.515,0.268,43,244.5
20220905001034000_00003574.sum,2022-09-05T00:10:33.329,28.714480,103.683596,3.244,1.133,3.175,0.356,38,39.2
20220905001034000_00003694.sum,2022-09-05T00:10:33.798,29.138544,99.109459,20.035,8.100,15.864,0.233,12,248.7
20220905001034000_00003754.sum,2022-09-05T00:10:33.549,29.163304,104.209492,4.615,1.006,2.981,0.566,50,50.4
20220905001034000_00003874.sum,2022-09-05T00:10:33.687,29.596942,99.562001,23.868,2.246,5.521,0.319,42,177.7
20220905001034000_00003934.sum,2022-09-05T00:10:33.153,29.608225,103.693429,20.938,1.762,5.787,0.388,26,62.4
20220905001034000_00004054.sum,2022-09-05T00:10:33.502,30.046034,99.013789,19.088,5.902,11.891,0.287,19,224.5
20220905001034000_00004114.sum,2022-09-05T00:10:33.533,30.062073,103.696975,16.238,1.327,4.184,0.290,47,27.1
20220905001034000_00004234.sum,2022-09-05T00:10:34.377,30.506093,99.072679,11.545,3.446,11.433,0.225,25,244.8
20220905001034000_00004294.sum,2022-09-05T00:10:33.409,30.516820,104.233209,19.530,1.418,3.293,0.421,37,28.2
20220905001034000_00004414.sum,2022-09-05T00:10:33.519,30.944461,100.042490,17.540,1.592,8.266,0.305,35,89.6
20220905001034000_00004474.sum,2022-09-05T00:10:33.419,30.938165,105.290887,20.115,4.258,7.775,0.292,21,161.7
20220905001034000_00004594.sum,2022-09-05T00:10:33.776,31.399117,99.509231,8.364,2.212,2.838,0.304,41,234.5
20220905001034000_00004654.sum,2022-09-05T00:10:33.332,31.408638,104.247420,18.931,2.888,5.149,0.393,23,94.1
20220905001034000_00004774.sum,2022-09-05T00:10:34.133,31.821862,98.980663,15.940,4.234,15.861,0.411,41,301.2
20220905001034000_00004834.sum,2022-09-05T00:10:33.991,31.849662,103.735523,6.293,2.945,7.107,0.341,37,214.7
20220905001034000_00004954.sum,2022-09-05T00:10:34.092,32.243378,98.961925,25.654,7.591,25.589,0.370,30,313.6
20220905001034000_00005014.sum,2022-09-05T00:10:34.203,32.256986,103.723605,19.759,4.743,16.533,0.351,23,244.7
20220905001034000_00005134.sum,2022-09-05T00:10:34.444,32.655204,98.876314,24.849,7.790,24.435,0.623,38,328.4
20220905001034000_00005194.sum,2022-09-05T00:10:34.313,32.720498,103.725216,28.327,6.839,25.030,0.437,32,271.8
20220905001034000_00005374.sum,2022-09-05T00:10:36.427,32.996607,103.148858,41.028,113.845,141.200,0.212,15,318.5
20220905001035000_00000815.sum,,,,,,,,,
20220905001035000_00000995.sum,2022-09-05T00:10:35.207,22.420335,101.693084,37.418,8.101,34.049,0.256,17,300.6
20220905001035000_00001175.sum,2022-09-05T00:10:35.134,22.895346,102.140684,19.771,9.870,32.116,0.303,12,282.9
20220905001035000_00001235.sum,2022-09-05T00:10:35.518,22.749290,106.571316,39.908,15.741,32.673,0.293,37,342.6
20220905001035000_00001355.sum,2022-09-05T00:10:34.208,23.297596,101.661474,27.644,4.819,5.987,0.172,16,225.8
20220905001035000_00001415.sum,2022-09-05T00:10:34.902,23.273827,106.031180,3.853,6.045,7.499,0.683,29,315.9
20220905001035000_00001535.sum,2022-09-05T00:10:34.375,23.751165,101.183418,27.176,2.441,3.277,0.229,27,173.6
20220905001035000_00001595.sum,2022-09-05T00:10:35.013,23.744251,105.564856,5.427,3.502,4.969,0.347,39,277.8
20220905001035000_00001715.sum,2022-09-05T00:10:34.265,24.211510,101.186097,16.109,1.611,6.373,0.382,28,46.9
20220905001035000_00001775.sum,2022-09-05T00:10:34.575,24.190082,105.597515,10.165,3.542,4.434,0.404,44,231.9
20220905001035000_00001895.sum,2022-09-05T00:10:34.110,24.641859,101.169408,22.138,1.682,4.200,0.371,22,46.2
20220905001035000_00001955.sum,2022-09-05T00:10:34.493,24.643754,105.604660,3.152,3.975,4.935,0.224,20,225.4
20220905001035000_00002075.sum,2022-09-05T00:10:34.338,25.100481,100.667564,25.305,1.147,2.757,0.491,43,29.6
20220905001035000_00002135.sum,2022-09-05T00:10:34.333,25.095380,104.634872,7.046,2.087,7.823,0.421,27,37.8
20220905001035000_00002255.sum,2022-09-05T00:10:34.330,25.541906,100.169089,19.882,1.397,2.774,0.294,29,74.3
20220905001035000_00002315.sum,2022-09-05T00:10:34.416,25.551462,104.650458,7.764,1.465,3.359,0.099,15,102.2
20220905001035000_00002435.sum,2022-09-05T00:10:34.841,25.990894,99.203565,8.904,5.102,11.682,0.576,28,235.7
20220905001035000_00002495.sum,2022-09-05T00:10:34.423,26.008835,104.151312,8.520,1.130,4.734,0.747,44,33.9
20220905001035000_00002615.sum,2022-09-05T00:10:34.649,26.436126,99.155048,20.241,5.419,16.808,0.545,26,229.6
20220905001035000_00002675.sum,2022-09-05T00:10:34.491,26.448257,103.655978,25.560,1.691,4.591,0.325,26,58.5
20220905001035000_00002795.sum,2022-09-05T00:10:34.901,26.884480,98.678690,11.175,7.862,12.133,0.264,16,257.6
20220905001035000_00002855.sum,2022-09-05T00:10:34.274,26.906759,103.152910,14.513,1.694,6.856,0.204,15,70.0
20220905001035000_00002975.sum,2022-09-05T00:10:37.519,27.343612,98.189809,30.044,12.432,37.268,0.514,22,286.3
20220905001035000_00003035.sum,2022-09-05T00:10:34.731,27.367024,103.163481,4.879,1.516,5.815,0.249,26,55.9
20220905001035000_00003155.sum,2022-09-05T00:10:37.473,27.794526,98.174432,33.492,13.643,37.052,0.241,13,299.4
20220905001035000_00003215.sum,2022-09-05T00:10:33.972,27.804291,103.678819,22.008,1.803,4.837,0.502,28,67.2
20220905001035000_00003335.sum,2022-09-05T00:10:34.975,28.250105,99.127872,16.315,3.495,10.718,0.448,42,219.6
20220905001035000_00003395.sum,2022-09-05T00:10:34.398,28.265965,103.676846,27.386,2.144,6.188,0.400,21,59.6
20220905001035000_00003515.sum,2022-09-05T00:10:35.753,28.689331,98.595229,24.773,7.376,21.670,0.497,34,253.9
20220905001035000_00003575.sum,2022-09-05T00:10:34.215,28.714523,103.665559,17.094,1.207,3.141,0.316,38,28.0
20220905001035000_00003695.sum,2022-09-05T00:10:35.182,29.134951,99.082516,13.960,3.519,10.473,0.295,31,219.5
20220905001035000_00003755.sum,2022-09-05T00:10:34.355,29.156380,104.730312,21.713,1.594,3.962,0.378,23,54.4
20220905001035000_00003875.sum,2022-09-05T00:10:34.431,29.607241,99.559590,2.513,1.726,2.831,0.261,37,184.2
20220905001035000_00003935.sum,2022-09-05T00:10:34.265,29.613706,104.207681,30.331,1.663,4.145,0.391,40,42.0
20220905001035000_00004055.sum,2022-09-05T00:10:35.808,30.049067,99.087250,15.806,4.675,14.074,0.299,19,242.9
20220905001035000_00004115.sum,2022-09-05T00:10:34.295,30.068179,104.219495,28.561,1.525,2.707,0.484,24,71.4
20220905001035000_00004235.sum,2022-09-05T00:10:35.751,30.500411,99.077970,14.785,5.194,13.979,0.251,18,237.4
20220905001035000_00004295.sum,2022-09-05T00:10:34.145,30.500210,104.211803,18.043,1.763,4.443,0.510,24,102.8
20220905001035000_00004415.sum,2022-09-05T00:10:34.200,30.965569,100.030996,26.803,1.980,6.336,0.294,28,79.9
20220905001035000_00004475.sum,2022-09-05T00:10:33.906,30.967326,105.295055,23.560,4.826,7.791,0.440,25,180.0
20220905001035000_00004595.sum,2022-09-05T00:10:34.536,31.406739,99.503153,18.944,3.170,6.465,0.225,23,274.0
20220905001035000_00004655.sum,2022-09-05T00:10:34.328,31.404096,104.244960,22.377,1.411,2.880,0.247,38,81.1
20220905001035000_00004775.sum,2022-09-05T00:10:35.168,31.793461,99.486606,19.522,4.310,9.414,0.323,37,279.4
20220905001035000_00004835.sum,2022-09-05T00:10:34.771,31.822188,103.723457,32.218,3.608,6.115,0.268,32,227.6
20220905001035000_00004955.sum,2022-09-05T00:10:36.631,32.234495,98.965416,27.110,7.303,26.217,0.549,34,310.7
20220905001035000_00005015.sum,2022-09-05T00:10:35.666,32.241339,103.736428,25.623,4.251,10.702,0.406,37,244.1
20220905001035000_00005135.sum,2022-09-05T00:10:35.457,32.618315,98.858736,27.268,15.263,31.496,0.196,11,334.5
20220905001035000_00005195.sum,2022-09-05T00:10:35.950,32.670094,103.729031,17.933,7.536,18.753,0.424,25,280.8
20220905001035000_00005375.sum,2022-09-05T00:10:36.420,33.138477,103.176930,33.191,7.664,33.022,0.332,33,315.7
20220905001036000_00000816.sum,,,,,,,,,
20220905001036000_00000996.sum,2022-09-05T00:10:37.284,22.431188,102.183195,45.076,5.996,25.756,0.349,29,287.2
20220905001036000_00001176.sum,2022-09-05T00:10:36.398,22.905961,102.161585,10.387,4.035,9.483,0.339,33,262.6
20220905001036000_00001236.sum,2022-09-05T00:10:36.646,22.755284,106.626122,39.800,15.715,33.127,0.832,36,343.0
20220905001036000_00001356.sum,2022-09-05T00:10:36.251,23.348636,101.686138,20.110,5.590,9.376,0.370,20,229.5
20220905001036000_00001416.sum,2022-09-05T00:10:36.000,23.251943,106.051206,46.995,7.537,24.923,0.238,28,324.0
20220905001036000_00001536.sum,2022-09-05T00:10:35.556,23.765441,101.176971,14.965,2.050,4.621,0.463,38,183.6
20220905001036000_00001596.sum,2022-09-05T00:10:35.902,23.758138,105.575381,9.395,9.781,12.131,0.178,15,308.3
20220905001036000_00001716.sum,2022-09-05T00:10:35.571,24.199726,101.172508,4.019,1.859,6.306,0.430,25,102.1
20220905001036000_00001776.sum,2022-09-05T00:10:36.055,24.197312,105.563864,21.800,4.977,6.177,0.226,29,242.5
20220905001036000_00001896.sum,2022-09-05T00:10:35.239,24.655287,101.164827,18.949,2.502,7.398,0.391,22,95.1
20220905001036000_00001956.sum,2022-09-05T00:10:35.726,24.630840,105.594256,8.727,4.420,5.504,0.343,29,224.4
20220905001036000_00002076.sum,2022-09-05T00:10:35.422,25.099492,100.666161,9.478,1.262,3.591,0.503,49,45.3
20220905001036000_00002136.sum,2022-09-05T00:10:35.642,25.095608,104.646027,5.602,1.547,5.325,0.557,33,54.3
20220905001036000_00002256.sum,2022-09-05T00:10:35.321,25.544762,100.155862,13.904,1.363,5.763,0.332,25,61.2
20220905001036000_00002316.sum,2022-09-05T00:10:35.571,25.547445,104.641138,3.048,1.183,2.952,0.268,24,36.6
20220905001036000_00002436.sum,2022-09-05T00:10:35.785,25.996087,99.196248,14.269,6.409,12.850,0.232,11,225.9
20220905001036000_00002496.sum,2022-09-05T00:10:35.345,25.997435,104.143551,16.889,1.318,3.375,0.289,34,46.3
20220905001036000_00002616.sum,2022-09-05T00:10:35.335,26.436963,99.149293,15.474,4.325,14.006,0.314,26,219.8
20220905001036000_00002676.sum,2022-09-05T00:10:35.247,26.461947,103.648800,13.027,1.577,5.853,0.385,23,46.2
20220905001036000_00002796.sum,2022-09-05T00:10:36.454,26.874048,98.685679,15.401,8.375,17.252,0.453,26,259.6
20220905001036000_00002856.sum,2022-09-05T00:10:35.357,26.926411,103.157021,14.470,1.332,5.068,0.502,36,39.5
20220905001036000_00002976.sum,2022-09-05T00:10:37.910,27.338842,98.200370,42.558,12.147,32.121,0.311,18,306.4
20220905001036000_00003036.sum,2022-09-05T00:10:35.358,27.370979,103.168047,9.024,1.503,8.491,0.377,24,55.1
20220905001036000_00003156.sum,2022-09-05T00:10:36.461,27.787904,98.649145,20.454,6.658,21.771,0.523,38,249.6
20220905001036000_00003216.sum,2022-09-05T00:10:35.457,27.811038,103.678602,18.142,1.430,6.040,0.243,27,56.9
20220905001036000_00003336.sum,2022-09-05T00:10:36.479,28.263953,99.154820,15.211,4.576,15.236,0.459,24,250.1
20220905001036000_00003396.sum,2022-09-05T00:10:35.382,28.264193,103.665963,7.945,1.357,4.626,0.396,31,43.0
20220905001036000_00003516.sum,2022-09-05T00:10:35.978,28.687712,99.072838,17.255,4.607,17.609,0.280,27,229.7
20220905001036000_00003576.sum,2022-09-05T00:10:35.398,28.715767,104.197579,9.607,1.427,4.911,0.507,31,60.2
20220905001036000_00003696.sum,2022-09-05T00:10:36.226,29.150200,99.095404,17.303,3.307,8.419,0.355,50,224.8
20220905001036000_00003756.sum,2022-09-05T00:10:35.403,29.161803,104.719587,8.436,1.303,3.210,0.510,36,45.4
20220905001036000_00003876.sum,2022-09-05T00:10:35.587,29.596784,99.565076,20.321,2.767,6.430,0.583,34,149.5
20220905001036000_00003936.sum,2022-09-05T00:10:35.086,29.615228,104.211885,26.214,1.458,4.123,0.497,34,64.0
20220905001036000_00004056.sum,2022-09-05T00:10:35.717,30.053048,99.058920,15.070,2.947,8.016,0.844,42,218.9
20220905001036000_00004116.sum,2022-09-05T00:10:35.866,30.060631,104.210126,5.290,1.315,3.495,0.245,23,42.0
20220905001036000_00004236.sum,2022-09-05T00:10:35.407,30.499784,99.530746,3.104,2.813,4.492,0.258,27,184.2
20220905001036000_00004296.sum,2022-09-05T00:10:35.274,30.513046,104.226784,19.729,1.152,2.675,0.301,35,41.7
20220905001036000_00004416.sum,2022-09-05T00:10:35.520,30.949577,100.050794,5.174,2.116,8.106,0.400,17,105.7
20220905001036000_00004476.sum,2022-09-05T00:10:35.384,30.959564,105.282958,23.766,3.393,5.985,0.232,15,151.6
20220905001036000_00004596.sum,2022-09-05T00:10:35.475,31.401548,99.491418,8.041,6.268,7.830,0.236,14,267.2
20220905001036000_00004656.sum,2022-09-05T00:10:35.133,31.432764,104.247230,19.050,2.353,4.163,0.313,29,57.4
20220905001036000_00004776.sum,2022-09-05T00:10:36.320,31.809360,99.473690,13.001,3.257,9.959,0.278,32,279.9
20220905001036000_00004836.sum,2022-09-05T00:10:36.404,31.832774,103.729317,14.567,3.311,8.742,0.337,30,211.3
20220905001036000_00004956.sum,2022-09-05T00:10:37.665,32.240478,98.967542,23.392,6.634,24.002,0.351,34,314.3
20220905001036000_00005016.sum,2022-09-05T00:10:36.567,32.262921,103.727059,16.172,4.625,13.174,0.491,35,239.1
20220905001036000_00005136.sum,2022-09-05T00:10:36.403,32.674669,98.911188,32.090,11.321,34.564,0.319,15,327.6
20220905001036000_00005196.sum,2022-09-05T00:10:36.739,32.680717,103.736495,16.242,6.034,16.939,0.374,43,266.5
20220905001036000_00005376.sum,2022-09-05T00:10:38.131,33.135232,103.176827,42.535,6.741,31.066,0.318,43,313.0
20220905001037000_00000817.sum,,,,,,,,,
20220905001037000_00000997.sum,2022-09-05T00:10:37.410,22.444705,102.181284,9.342,6.557,15.859,0.411,21,289.3
20220905001037000_00001177.sum,2022-09-05T00:10:37.275,22.879780,102.158944,6.183,3.368,6.889,0.437,44,240.7
20220905001037000_00001237.sum,2022-09-05T00:10:37.275,22.741906,106.602593,36.538,23.788,36.312,0.460,29,345.1
20220905001037000_00001357.sum,2022-09-05T00:10:36.827,23.330507,101.669835,26.641,2.874,4.278,0.301,38,219.6
20220905001037000_00001417.sum,2022-09-05T00:10:37.336,23.287217,106.015630,3.677,3.806,4.753,0.304,46,314.9
20220905001037000_00001537.sum,2022-09-05T00:10:36.287,23.769589,101.173439,8.607,3.233,11.019,0.342,21,185.7
20220905001037000_00001597.sum,2022-09-05T00:10:37.272,23.737244,106.036110,24.634,5.228,8.459,0.416,31,298.2
20220905001037000_00001717.sum,2022-09-05T00:10:36.506,24.195229,101.173609,3.688,1.405,5.250,0.305,41,84.5
20220905001037000_00001777.sum,2022-09-05T00:10:37.027,24.188081,105.561060,19.254,4.150,5.154,0.344,33,231.6
20220905001037000_00001897.sum,2022-09-05T00:10:36.277,24.648794,101.175084,19.317,1.892,5.324,0.501,27,54.3
20220905001037000_00001957.sum,2022-09-05T00:10:36.839,24.640453,105.574842,16.576,3.525,5.626,0.375,21,218.1
20220905001037000_00002077.sum,2022-09-05T00:10:36.129,25.095072,100.674739,18.394,1.653,7.846,0.342,20,74.0
20220905001037000_00002137.sum,2022-09-05T00:10:36.379,25.091822,105.123204,22.213,1.780,2.709,0.338,37,170.7
20220905001037000_00002257.sum,2022-09-05T00:10:36.434,25.538144,100.172445,14.525,1.333,5.828,0.307,29,66.1
20220905001037000_00002317.sum,2022-09-05T00:10:36.421,25.544547,104.654262,21.027,1.329,3.739,0.329,33,49.2
20220905001037000_00002437.sum,2022-09-05T00:10:36.869,25.987233,99.167468,10.877,5.414,11.387,0.362,23,227.2
20220905001037000_00002497.sum,2022-09-05T00:10:36.202,25.995948,104.124462,13.149,11.957,19.499,0.182,12,81.6
20220905001037000_00002617.sum,2022-09-05T00:10:36.526,26.428594,99.138431,23.633,3.524,8.356,0.375,46,218.5
20220905001037000_00002677.sum,2022-09-05T00:10:36.586,26.455492,104.160608,13.813,1.500,6.685,0.339,27,38.0
20220905001037000_00002797.sum,2022-09-05T00:10:37.753,26.891187,98.692899,30.354,8.702,13.857,0.312,27,256.5
20220905001037000_00002857.sum,2022-09-05T00:10:36.504,26.914823,103.158616,16.502,1.216,6.973,0.257,28,45.4
20220905001037000_00002977.sum,2022-09-05T00:10:38.243,27.369885,98.692624,25.460,10.019,26.555,0.392,24,273.9
20220905001037000_00003037.sum,2022-09-05T00:10:36.458,27.354447,103.168053,20.595,1.781,6.160,0.620,33,74.7
20220905001037000_00003157.sum,2022-09-05T00:10:37.152,27.782611,98.655982,16.226,5.004,15.891,0.524,36,252.8
20220905001037000_00003217.sum,2022-09-05T00:10:36.197,27.816532,103.671622,21.583,1.473,3.403,0.396,37,37.3
20220905001037000_00003337.sum,2022-09-05T00:10:36.805,28.243831,99.124893,18.203,3.802,16.503,0.583,41,234.2
20220905001037000_00003397.sum,2022-09-05T00:10:36.454,28.269133,103.683739,9.307,1.770,5.774,0.306,27,53.4
20220905001037000_00003517.sum,2022-09-05T00:10:37.016,28.701677,99.098621,16.857,4.928,15.102,0.283,22,231.5
20220905001037000_00003577.sum,2022-09-05T00:10:36.308,28.713179,104.195818,8.740,1.121,3.144,0.640,37,33.1
20220905001037000_00003697.sum,2022-09-05T00:10:37.077,29.148808,99.078190,15.122,4.054,10.332,0.642,33,216.4
20220905001037000_00003757.sum,2022-09-05T00:10:36.342,29.147112,104.720437,2.683,1.263,2.902,0.793,33,24.5
20220905001037000_00003877.sum,2022-09-05T00:10:36.673,29.614375,99.531395,9.706,4.789,7.781,0.442,24,200.3
20220905001037000_00003937.sum,2022-09-05T00:10:36.392,29.613590,104.211526,14.349,1.191,2.860,0.288,40,36.3
20220905001037000_00004057.sum,2022-09-05T00:10:36.987,30.055510,99.068333,19.876,5.127,11.076,0.207,24,242.6
20220905001037000_00004117.sum,2022-09-05T00:10:36.688,30.057244,104.211587,3.994,1.297,2.938,0.335,28,45.6
20220905001037000_00004237.sum,2022-09-05T00:10:37.457,30.506387,99.579667,18.529,2.590,7.849,0.324,20,170.8
20220905001037000_00004297.sum,2022-09-05T00:10:36.849,30.535400,104.776916,9.352,7.459,20.920,0.047,9,142.1
20220905001037000_00004417.sum,2022-09-05T00:10:36.470,30.954093,100.033328,7.939,1.274,2.836,0.297,39,56.4
20220905001037000_00004477.sum,2022-09-05T00:10:36.386,30.956672,105.258504,11.251,2.363,4.146,0.281,30,101.8
20220905001037000_00004597.sum,2022-09-05T00:10:36.523,31.412646,99.505546,20.978,8.040,20.386,0.346,18,267.8
20220905001037000_00004657.sum,2022-09-05T00:10:36.331,31.405250,104.775106,27.749,1.737,3.016,0.525,37,128.3
20220905001037000_00004777.sum,2022-09-05T00:10:36.706,31.815801,99.491935,20.599,5.285,12.676,0.274,14,281.2
20220905001037000_00004837.sum,2022-09-05T00:10:36.766,31.864576,103.735237,8.713,3.284,7.357,0.301,35,217.3
20220905001037000_00004957.sum,2022-09-05T00:10:37.850,32.225061,98.964131,26.557,8.502,27.598,0.404,28,313.2
20220905001037000_00005017.sum,2022-09-05T00:10:37.048,32.271425,103.739273,16.966,4.519,15.817,0.273,22,250.4
20220905001037000_00005137.sum,2022-09-05T00:10:38.302,32.681840,98.898569,25.108,8.117,24.051,0.529,47,328.0
20220905001037000_00005197.sum,2022-09-05T00:10:37.262,32.699534,103.759127,15.845,6.314,17.386,0.269,26,282.1
20220905001037000_00005377.sum,2022-09-05T00:10:38.502,33.156638,103.160213,37.651,9.686,35.717,0.504,29,317.5
20220905001038000_00000818.sum,,,,,,,,,
20220905001038000_00000998.sum,2022-09-05T00:10:38.174,22.427659,102.161321,6.778,5.754,10.670,0.273,19,287.8
20220905001038000_00001178.sum,2022-09-05T00:10:38.489,22.885740,102.163918,18.914,8.983,21.782,0.479,15,265.9
20220905001038000_00001238.sum,2022-09-05T00:10:38.904,22.780080,106.630449,38.936,22.965,34.607,0.270,22,344.7
20220905001038000_00001358.sum,2022-09-05T00:10:37.667,23.310276,101.668685,29.586,5.761,10.280,0.309,16,237.6
20220905001038000_00001418.sum,2022-09-05T00:10:38.262,23.308744,106.043739,18.682,5.929,7.689,0.280,37,315.9
20220905001038000_00001538.sum,2022-09-05T00:10:37.539,23.744753,101.182278,3.696,2.477,4.490,0.264,35,182.5
20220905001038000_00001598.sum,2022-09-05T00:10:38.617,23.742300,106.032490,19.366,12.121,17.508,0.310,17,296.5
20220905001038000_00001718.sum,2022-09-05T00:10:37.513,24.198645,101.174067,6.115,1.993,8.561,0.295,22,89.0
20220905001038000_00001778.sum,2022-09-05T00:10:37.825,24.196408,105.573919,11.774,3.562,6.378,0.297,29,232.5
20220905001038000_00001898.sum,2022-09-05T00:10:37.570,24.654095,101.177961,4.257,1.413,5.840,0.301,29,53.6
20220905001038000_00001958.sum,2022-09-05T00:10:38.023,24.645958,105.570250,21.956,4.944,6.138,0.284,20,230.6
20220905001038000_00002078.sum,2022-09-05T00:10:37.434,25.107931,100.667082,10.440,1.181,7.039,0.256,35,64.4
20220905001038000_00002138.sum,2022-09-05T00:10:37.470,25.106671,105.123319,26.843,2.892,4.206,0.203,14,111.3
20220905001038000_00002258.sum,2022-09-05T00:10:37.439,25.543040,100.159152,4.276,1.643,5.301,0.325,26,78.2
20220905001038000_00002318.sum,2022-09-05T00:10:37.407,25.541757,104.649036,8.378,1.152,4.190,0.507,37,73.1
20220905001038000_00002438.sum,2022-09-05T00:10:37.455,25.988505,99.663223,26.165,2.061,2.563,0.343,43,198.9
20220905001038000_00002498.sum,2022-09-05T00:10:37.407,26.000581,104.153920,20.809,1.426,3.915,0.220,29,53.5
20220905001038000_00002618.sum,2022-09-05T00:10:37.279,26.446086,99.645012,28.177,3.902,4.837,0.256,21,184.2
20220905001038000_00002678.sum,2022-09-05T00:10:37.628,26.450285,104.152888,8.666,1.335,3.320,0.532,40,37.4
20220905001038000_00002798.sum,2022-09-05T00:10:38.063,26.887014,98.685903,14.298,5.890,14.513,0.445,23,257.4
20220905001038000_00002858.sum,2022-09-05T00:10:37.448,26.911576,103.151200,20.592,3.601,16.616,0.309,11,129.0
20220905001038000_00002978.sum,2022-09-05T00:10:38.676,27.338233,98.667535,17.705,6.921,19.516,0.593,31,267.3
20220905001038000_00003038.sum,2022-09-05T00:10:37.356,27.359014,103.159155,26.005,1.200,2.879,0.399,45,40.2
20220905001038000_00003158.sum,2022-09-05T00:10:37.866,27.770880,98.605393,19.932,7.887,21.413,0.491,29,267.5
20220905001038000_00003218.sum,2022-09-05T00:10:37.262,27.816495,103.690798,22.518,1.649,3.686,0.462,40,35.6
20220905001038000_00003338.sum,2022-09-05T00:10:38.004,28.244364,99.096031,15.958,3.737,20.120,0.339,36,225.3
20220905001038000_00003398.sum,2022-09-05T00:10:37.506,28.256119,104.181547,3.699,1.600,3.868,1.287,24,60.4
20220905001038000_00003518.sum,2022-09-05T00:10:37.737,28.694185,99.072377,17.581,3.363,15.729,0.357,48,217.9
20220905001038000_00003578.sum,2022-09-05T00:10:37.392,28.702557,104.184747,27.902,1.782,3.473,0.377,21,83.6
20220905001038000_00003698.sum,2022-09-05T00:10:37.788,29.142393,99.064702,18.183,4.108,11.445,0.549,25,221.9
20220905001038000_00003758.sum,2022-09-05T00:10:37.380,29.167556,104.707747,27.953,1.616,3.625,0.464,35,58.1
20220905001038000_00003878.sum,2022-09-05T00:10:37.369,29.601614,99.555073,15.846,2.587,5.736,0.394,30,189.5
20220905001038000_00003938.sum,2022-09-05T00:10:37.279,29.610413,104.214239,24.411,1.488,3.508,0.361,35,45.4
20220905001038000_00004058.sum,2022-09-05T00:10:38.053,30.051442,99.572097,8.307,4.021,5.231,0.540,22,208.3
20220905001038000_00004118.sum,2022-09-05T00:10:37.264,30.064283,104.202776,29.459,1.366,3.629,0.386,34,53.0
20220905001038000_00004238.sum,2022-09-05T00:10:37.736,30.503134,99.549303,22.728,3.176,6.562,0.630,33,164.2
20220905001038000_00004298.sum,2022-09-05T00:10:37.259,30.505260,104.739246,23.252,1.274,2.968,0.367,38,48.6
20220905001038000_00004418.sum,2022-09-05T00:10:37.662,30.966626,100.565087,8.468,1.717,4.583,0.300,24,101.5
20220905001038000_00004478.sum,2022-09-05T00:10:37.327,30.942905,105.260449,25.678,2.919,6.623,0.350,27,145.2
20220905001038000_00004598.sum,2022-09-05T00:10:37.207,31.384765,99.501806,18.992,2.702,4.342,0.368,32,200.0
20220905001038000_00004658.sum,2022-09-05T00:10:37.084,31.402896,104.767455,8.108,2.793,3.731,0.375,23,128.9
20220905001038000_00004778.sum,2022-09-05T00:10:38.122,31.807207,99.506602,21.127,6.853,12.980,0.346,27,282.1
20220905001038000_00004838.sum,2022-09-05T00:10:37.617,31.837133,104.255046,27.246,3.072,4.260,0.379,40,218.4
20220905001038000_00004958.sum,2022-09-05T00:10:38.627,32.249927,98.987580,24.595,7.510,23.437,0.331,35,308.5
20220905001038000_00005018.sum,2022-09-05T00:10:38.589,32.266036,103.734361,13.882,3.927,13.318,0.289,36,245.0
20220905001038000_00005138.sum,2022-09-05T00:10:38.626,32.658442,99.358803,29.245,10.196,31.171,0.307,23,319.1
20220905001038000_00005198.sum,2022-09-05T00:10:38.734,32.689651,103.734541,22.695,5.062,17.873,0.336,42,273.7
20220905001038000_00005378.sum,2022-09-05T00:10:39.182,33.176556,103.134415,37.807,13.143,37.600,0.570,16,327.4
20220905001039000_00000819.sum,,,,,,,,,
20220905001039000_00000999.sum,2022-09-05T00:10:40.524,22.438193,102.174998,52.752,5.960,18.285,0.585,23,281.8
20220905001039000_00001179.sum,2022-09-05T00:10:39.132,22.910575,102.236540,20.854,13.020,34.171,0.308,14,273.3
20220905001039000_00001239.sum,2022-09-05T00:10:39.362,22.721181,106.523134,24.335,17.103,43.259,0.715,31,341.2
20220905001039000_00001359.sum,2022-09-05T00:10:38.803,23.331284,101.671118,27.205,3.739,4.951,0.345,32,223.5
20220905001039000_00001419.sum,2022-09-05T00:10:38.826,23.280706,106.042902,3.979,7.911,9.878,0.394,24,315.1
20220905001039000_00001539.sum,2022-09-05T00:10:38.428,23.754423,101.192188,28.065,3.293,4.291,0.424,37,195.4
20220905001039000_00001599.sum,2022-09-05T00:10:39.632,23.739397,106.030952,16.451,6.797,8.421,0.378,19,299.6
20220905001039000_00001719.sum,2022-09-05T00:10:38.433,24.209764,101.177483,25.539,1.833,3.247,0.516,28,61.9
20220905001039000_00001779.sum,2022-09-05T00:10:39.109,24.197939,106.042259,21.615,3.834,4.896,0.352,44,270.8
20220905001039000_00001899.sum,2022-09-05T00:10:38.390,24.654331,101.172723,1.621,1.188,2.170,0.360,43,58.4
20220905001039000_00001959.sum,2022-09-05T00:10:38.491,24.633109,105.609478,4.773,3.419,5.798,0.299,26,220.0
20220905001039000_00002079.sum,2022-09-05T00:10:38.241,25.095929,100.663036,26.746,1.429,4.405,0.401,40,35.8
20220905001039000_00002139.sum,2022-09-05T00:10:38.331,25.091399,105.139528,3.527,2.146,4.009,0.303,21,161.2
20220905001039000_00002259.sum,2022-09-05T00:10:38.131,25.549179,100.163865,15.214,1.815,8.922,0.320,24,84.8
20220905001039000_00002319.sum,2022-09-05T00:10:38.266,25.539223,104.645277,15.777,1.414,6.813,0.730,33,57.4
20220905001039000_00002439.sum,2022-09-05T00:10:38.541,26.003136,99.679897,27.787,3.185,7.377,0.258,20,193.1
20220905001039000_00002499.sum,2022-09-05T00:10:38.377,25.993762,104.151237,10.603,2.074,7.540,0.355,17,56.1
20220905001039000_00002619.sum,2022-09-05T00:10:38.390,26.438069,99.633464,3.989,3.066,7.747,0.364,19,204.0
20220905001039000_00002679.sum,2022-09-05T00:10:38.537,26.460909,104.156252,19.151,1.485,6.186,0.228,23,60.5
20220905001039000_00002799.sum,2022-09-05T00:10:38.308,26.911687,99.128026,16.183,11.393,16.039,0.326,15,221.7
20220905001039000_00002859.sum,2022-09-05T00:10:38.536,26.905750,103.656248,15.877,2.214,7.198,0.175,13,76.3
20220905001039000_00002979.sum,2022-09-05T00:10:39.522,27.340481,98.657152,27.628,8.745,21.995,0.570,30,242.4
20220905001039000_00003039.sum,2022-09-05T00:10:38.013,27.366080,103.162674,14.655,1.694,7.771,0.471,32,49.4
20220905001039000_00003159.sum,2022-09-05T00:10:39.345,27.798854,98.662948,16.990,7.041,17.606,0.281,26,257.8
20220905001039000_00003219.sum,2022-09-05T00:10:38.341,27.802501,104.173193,16.968,1.628,3.728,0.325,28,38.6
20220905001039000_00003339.sum,2022-09-05T00:10:38.901,28.244096,99.111454,19.878,4.967,17.844,0.288,23,229.9
20220905001039000_00003399.sum,2022-09-05T00:10:38.397,28.256141,104.191607,7.125,1.789,5.139,0.577,28,96.0
20220905001039000_00003519.sum,2022-09-05T00:10:38.959,28.695019,99.115242,19.241,3.666,11.109,0.298,38,231.3
20220905001039000_00003579.sum,2022-09-05T00:10:38.489,28.704711,104.198314,23.673,1.508,2.986,0.549,26,61.1
20220905001039000_00003699.sum,2022-09-05T00:10:38.825,29.148588,99.584669,19.329,4.850,15.905,0.327,14,197.3
20220905001039000_00003759.sum,2022-09-05T00:10:38.215,29.161600,104.720313,28.482,1.667,5.435,0.284,30,94.6
20220905001039000_00003879.sum,2022-09-05T00:10:38.489,29.605961,99.578388,19.372,2.352,6.477,0.395,29,179.4
20220905001039000_00003939.sum,2022-09-05T00:10:38.497,29.614630,104.194292,15.949,1.826,4.121,0.325,20,47.7
20220905001039000_00004059.sum,2022-09-05T00:10:38.510,30.047705,99.545013,7.686,1.886,2.622,0.514,41,183.9
20220905001039000_00004119.sum,2022-09-05T00:10:38.302,30.059432,104.221899,2.742,1.039,2.155,0.330,44,39.2
20220905001039000_00004239.sum,2022-09-05T00:10:38.641,30.492192,99.534414,25.633,3.214,7.177,0.229,26,199.7
20220905001039000_00004299.sum,2022-09-05T00:10:38.456,30.495193,104.760332,2.658,1.753,2.737,0.351,22,58.4
20220905001039000_00004419.sum,2022-09-05T00:10:38.391,30.950313,100.559756,18.848,1.797,5.896,1.014,29,103.5
20220905001039000_00004479.sum,2022-09-05T00:10:38.268,30.952883,105.281218,23.015,3.037,5.072,0.618,34,138.1
20220905001039000_00004599.sum,2022-09-05T00:10:38.757,31.394404,99.498406,23.454,2.366,4.537,0.350,37,183.5
20220905001039000_00004659.sum,2022-09-05T00:10:38.405,31.399836,104.770036,17.236,1.791,2.854,0.296,37,146.4
20220905001039000_00004779.sum,2022-09-05T00:10:38.990,31.824848,99.475527,9.009,5.067,10.449,0.235,29,291.0
20220905001039000_00004839.sum,2022-09-05T00:10:38.621,31.845331,104.255782,27.900,5.084,6.844,0.402,31,220.5
20220905001039000_00004959.sum,2022-09-05T00:10:39.158,32.249319,98.927220,24.224,6.205,23.595,0.477,38,315.9
20220905001039000_00005019.sum,2022-09-05T00:10:39.379,32.270990,104.261174,11.734,4.837,9.842,0.343,36,252.4
20220905001039000_00005139.sum,2022-09-05T00:10:39.644,32.662970,99.402581,27.551,7.308,27.505,0.359,31,316.8
20220905001039000_00005199.sum,2022-09-05T00:10:39.509,32.704123,103.746623,14.794,6.801,17.055,0.462,24,278.8
20220905001039000_00005379.sum,2022-09-05T00:10:40.901,33.140618,103.165828,45.560,5.976,23.569,0.519,49,313.0
20220905001040000_00000820.sum,,,,,,,,,
20220905001040000_00001000.sum,2022-09-05T00:10:40.982,22.444080,102.174571,12.248,4.896,13.460,0.444,37,289.0
20220905001040000_00001180.sum,2022-09-05T00:10:40.761,22.882226,102.173184,8.494,3.601,8.199,0.431,45,247.2
20220905001040000_00001240.sum,2022-09-05T00:10:40.646,22.772025,106.581364,40.418,21.430,33.285,0.303,25,346.7
20220905001040000_00001360.sum,2022-09-05T00:10:40.403,23.340834,101.697303,25.684,4.845,6.279,0.229,19,231.1
20220905001040000_00001420.sum,2022-09-05T00:10:40.390,23.274924,106.045284,31.492,6.460,17.771,0.408,39,312.8
20220905001040000_00001540.sum,2022-09-05T00:10:39.547,23.754767,101.672548,8.416,3.734,8.609,0.238,17,193.8
20220905001040000_00001600.sum,2022-09-05T00:10:40.702,23.767508,106.023883,4.689,6.579,8.197,0.274,17,299.4
20220905001040000_00001720.sum,2022-09-05T00:10:39.846,24.199565,101.174682,7.676,2.399,7.049,0.355,32,119.5
20220905001040000_00001780.sum,2022-09-05T00:10:40.024,24.193525,106.051883,22.169,5.115,6.688,0.383,32,273.9
20220905001040000_00001900.sum,2022-09-05T00:10:39.289,24.653030,101.668065,15.519,2.667,6.787,0.234,17,59.0
20220905001040000_00001960.sum,2022-09-05T00:10:39.878,24.634114,105.581869,3.612,2.220,3.636,0.388,47,247.2
20220905001040000_00002080.sum,2022-09-05T00:10:39.926,25.098605,100.669348,6.036,1.655,5.547,0.556,26,58.1
20220905001040000_00002140.sum,2022-09-05T00:10:38.960,25.095753,105.165878,27.004,2.744,4.154,0.412,26,92.2
20220905001040000_00002260.sum,2022-09-05T00:10:40.060,25.554651,100.666434,7.839,1.817,8.967,0.417,24,107.3
20220905001040000_00002320.sum,2022-09-05T00:10:39.224,25.547306,105.146469,18.001,1.455,2.870,0.453,42,91.6
20220905001040000_00002440.sum,2022-09-05T00:10:39.308,26.000892,99.664406,26.466,4.055,5.923,0.377,24,181.3
20220905001040000_00002500.sum,2022-09-05T00:10:39.669,26.015946,104.137010,12.087,3.775,14.314,0.429,14,142.4
20220905001040000_00002620.sum,2022-09-05T00:10:39.412,26.438158,99.639519,2.797,2.520,3.776,0.486,44,189.5
20220905001040000_00002680.sum,2022-09-05T00:10:39.425,26.449039,104.157912,15.822,1.400,5.926,0.290,23,59.8
20220905001040000_00002800.sum,2022-09-05T00:10:39.913,26.893939,99.164120,12.116,3.562,12.653,0.339,36,225.6
20220905001040000_00002860.sum,2022-09-05T00:10:39.347,26.902303,103.663259,2.674,1.212,3.240,0.378,37,46.5
20220905001040000_00002980.sum,2022-09-05T00:10:39.800,27.330867,98.597478,17.205,9.129,19.287,0.189,11,281.9
20220905001040000_00003040.sum,2022-09-05T00:10:39.336,27.365850,103.175171,18.912,1.374,4.493,0.368,38,50.0
20220905001040000_00003160.sum,2022-09-05T00:10:40.871,27.781039,98.615614,22.551,9.743,24.623,0.361,25,263.8
20220905001040000_00003220.sum,2022-09-05T00:10:39.381,27.817427,104.179523,5.131,1.319,2.616,0.379,27,61.5
20220905001040000_00003340.sum,2022-09-05T00:10:39.890,28.239884,99.091434,12.481,3.499,18.268,0.256,39,225.9
20220905001040000_00003400.sum,2022-09-05T00:10:39.655,28.260526,104.191913,5.978,1.731,4.722,0.373,29,54.7
20220905001040000_00003520.sum,2022-09-05T00:10:40.311,28.682146,99.114169,15.385,3.999,13.811,0.295,28,231.0
20220905001040000_00003580.sum,2022-09-05T00:10:39.323,28.698445,104.186481,23.520,1.639,3.067,0.340,29,61.0
20220905001040000_00003700.sum,2022-09-05T00:10:39.626,29.154458,99.581732,9.389,2.145,5.803,0.360,43,191.1
20220905001040000_00003760.sum,2022-09-05T00:10:39.325,29.179102,104.726397,32.545,4.666,10.569,0.374,10,86.4
20220905001040000_00003880.sum,2022-09-05T00:10:39.494,29.601481,99.561209,2.369,2.702,3.353,0.253,32,195.3
20220905001040000_00003940.sum,2022-09-05T00:10:39.242,29.604814,104.721843,26.235,1.906,4.408,0.325,19,50.5
20220905001040000_00004060.sum,2022-09-05T00:10:40.369,30.053959,99.585872,6.946,3.040,3.938,0.272,25,200.9
20220905001040000_00004120.sum,2022-09-05T00:10:39.371,30.066309,104.213088,28.088,1.348,2.781,0.371,40,42.5
20220905001040000_00004240.sum,2022-09-05T00:10:39.408,30.506047,99.531689,21.079,2.257,5.990,0.309,40,179.7
20220905001040000_00004300.sum,2022-09-05T00:10:39.349,30.509475,104.737314,12.299,1.121,1.965,0.839,40,94.1
20220905001040000_00004420.sum,2022-09-05T00:10:39.533,30.952620,100.566675,20.396,1.028,2.775,0.323,48,42.4
20220905001040000_00004480.sum,2022-09-05T00:10:39.902,30.952087,105.798678,5.144,4.288,6.260,0.359,36,240.8
20220905001040000_00004600.sum,2022-09-05T00:10:39.612,31.393199,100.029335,11.849,1.550,3.112,0.290,48,99.9
20220905001040000_00004660.sum,2022-09-05T00:10:39.222,31.436692,104.797431,19.181,3.994,8.030,0.224,20,95.5
20220905001040000_00004780.sum,2022-09-05T00:10:39.717,31.829181,99.478013,20.873,4.332,10.847,0.313,36,285.6
20220905001040000_00004840.sum,2022-09-05T00:10:40.139,31.855269,104.258862,7.624,6.132,8.890,0.274,24,243.3
20220905001040000_00004960.sum,2022-09-05T00:10:41.863,32.224629,99.494838,26.248,9.002,24.887,0.339,17,296.6
20220905001040000_00005020.sum,2022-09-05T00:10:39.843,32.268189,104.289407,14.390,3.693,10.113,0.290,30,265.1
20220905001040000_00005140.sum,2022-09-05T00:10:40.519,32.645465,99.393829,25.727,7.761,25.334,0.276,34,311.3
20220905001040000_00005200.sum,2022-09-05T00:10:40.771,32.736392,103.754825,16.128,7.203,17.385,0.308,29,288.3
20220905001040000_00005320.sum,2022-09-05T00:10:41.938,33.056695,98.808505,39.868,50.731,63.489,0.367,18,352.5
20220905001040000_00005380.sum,2022-09-05T00:10:40.756,29.655450,103.759694,50.167,16.435,28.370,1.167,27,321.2
20220905001041000_00000821.sum,,,,,,,,,
20220905001041000_00001001.sum,2022-09-05T00:10:42.058,22.378581,102.655857,50.104,4.224,22.190,0.353,43,283.4
20220905001041000_00001181.sum,2022-09-05T00:10:41.279,22.882252,102.653360,38.977,4.245,20.354,0.370,34,264.3
20220905001041000_00001241.sum,2022-09-05T00:10:41.430,22.794362,106.507705,40.828,22.911,32.325,0.281,30,347.1
20220905001041000_00001361.sum,2022-09-05T00:10:41.477,23.334233,102.170308,7.661,3.845,7.689,0.223,26,238.1
20220905001041000_00001421.sum,2022-09-05T00:10:40.825,23.259990,106.522138,3.674,12.011,14.880,0.241,21,334.5
20220905001041000_00001541.sum,2022-09-05T00:10:40.361,23.763186,101.666003,26.222,4.183,5.984,0.491,17,181.9
20220905001041000_00001601.sum,2022-09-05T00:10:41.195,23.739596,106.050532,15.288,5.241,6.536,0.389,31,303.0
20220905001041000_00001721.sum,2022-09-05T00:10:40.350,24.209669,101.673248,16.310,1.646,5.627,0.475,33,129.0
20220905001041000_00001781.sum,2022-09-05T00:10:41.266,24.175195,106.061152,34.035,5.411,18.399,0.386,26,268.5
20220905001041000_00001901.sum,2022-09-05T00:10:40.728,24.667441,101.665764,5.409,1.636,6.378,0.316,29,43.2
20220905001041000_00001961.sum,2022-09-05T00:10:40.624,24.645865,105.610102,8.676,3.925,6.325,0.253,23,233.2
20220905001041000_00002081.sum,2022-09-05T00:10:40.414,25.103057,100.671270,9.767,2.000,8.527,0.598,23,58.6
20220905001041000_00002141.sum,2022-09-05T00:10:40.127,25.087799,105.147417,15.050,1.426,3.260,0.268,43,108.8
20220905001041000_00002261.sum,2022-09-05T00:10:40.123,25.551224,100.658930,27.694,1.583,3.319,0.375,25,50.0
20220905001041000_00002321.sum,2022-09-05T00:10:40.189,25.539146,105.152650,13.036,2.163,3.591,0.212,21,173.5
20220905001041000_00002441.sum,2022-09-05T00:10:40.451,25.995524,99.665414,20.945,2.528,6.668,0.319,30,183.5
20220905001041000_00002501.sum,2022-09-05T00:10:40.406,25.999549,104.141666,13.074,1.329,5.345,0.573,33,42.0
20220905001041000_00002621.sum,2022-09-05T00:10:40.335,26.445100,99.632077,12.626,3.465,4.316,0.262,25,188.4
20220905001041000_00002681.sum,2022-09-05T00:10:40.440,26.452198,104.152092,12.124,2.084,9.160,0.377,18,58.7
20220905001041000_00002801.sum,2022-09-05T00:10:40.410,26.890217,99.130613,24.827,3.504,5.906,0.243,40,218.0
20220905001041000_00002861.sum,2022-09-05T00:10:40.498,26.918239,103.656584,12.084,1.570,10.026,0.399,30,36.2
20220905001041000_00002981.sum,2022-09-05T00:10:40.823,27.344507,98.612709,12.083,5.783,18.515,0.438,38,249.7
20220905001041000_00003041.sum,2022-09-05T00:10:40.390,27.363769,103.652516,14.227,2.073,6.286,0.328,32,43.5
20220905001041000_00003161.sum,2022-09-05T00:10:41.119,27.791030,98.619488,23.374,6.258,19.715,0.347,44,244.4
20220905001041000_00003221.sum,2022-09-05T00:10:40.240,27.810812,104.179175,8.640,1.442,5.076,0.361,28,51.3
20220905001041000_00003341.sum,2022-09-05T00:10:41.153,28.239971,99.140028,15.082,3.627,10.373,0.450,42,228.7
20220905001041000_00003401.sum,2022-09-05T00:10:40.208,28.262044,104.190438,20.987,2.746,4.411,0.403,17,140.1
20220905001041000_00003521.sum,2022-09-05T00:10:41.072,28.697044,99.125544,14.956,3.046,10.579,0.331,42,217.7
20220905001041000_00003581.sum,2022-09-05T00:10:40.480,28.715839,104.189255,13.890,1.210,3.141,0.552,45,66.0
20220905001041000_00003701.sum,2022-09-05T00:10:40.379,29.145347,99.572363,13.428,2.180,5.729,0.316,30,179.9
20220905001041000_00003761.sum,2022-09-05T00:10:40.306,29.158623,105.230175,27.709,1.990,3.089,0.468,43,111.9
20220905001041000_00003881.sum,2022-09-05T00:10:40.461,29.602312,100.068895,3.510,1.185,2.906,0.468,48,37.5
20220905001041000_00003941.sum,2022-09-05T00:10:40.509,29.610506,104.718209,4.192,1.184,2.474,0.266,31,62.2
20220905001041000_00004061.sum,2022-09-05T00:10:40.863,30.059885,99.551650,22.822,7.209,12.221,0.090,12,216.6
20220905001041000_00004121.sum,2022-09-05T00:10:40.420,30.053693,104.734713,21.738,1.425,2.949,0.379,41,52.9
20220905001041000_00004241.sum,2022-09-05T00:10:40.293,30.490067,99.511013,19.260,3.474,5.947,0.372,29,201.3
20220905001041000_00004301.sum,2022-09-05T00:10:40.436,30.507305,104.750035,10.105,1.695,3.356,0.475,37,109.2
20220905001041000_00004421.sum,2022-09-05T00:10:40.547,30.936845,100.573769,25.624,2.234,4.334,0.315,22,104.1
20220905001041000_00004481.sum,2022-09-05T00:10:40.842,30.944058,105.771979,15.805,5.694,7.179,0.310,17,245.3
20220905001041000_00004601.sum,2022-09-05T00:10:40.477,31.402758,100.029575,17.960,5.553,16.520,0.255,9,117.2
20220905001041000_00004661.sum,2022-09-05T00:10:40.403,31.409408,104.768360,2.578,1.877,3.733,0.370,37,135.8
20220905001041000_00004781.sum,2022-09-05T00:10:40.782,31.836964,99.441026,19.402,7.322,11.328,0.228,25,297.7
20220905001041000_00004841.sum,2022-09-05T00:10:41.198,31.816982,104.272886,11.748,14.901,19.130,0.358,7,257.6
20220905001041000_00004961.sum,2022-09-05T00:10:41.180,32.257370,99.469577,20.502,5.864,19.963,0.226,27,300.8
20220905001041000_00005021.sum,2022-09-05T00:10:41.243,32.248991,104.277259,17.277,6.343,12.766,0.390,31,267.6
20220905001041000_00005141.sum,2022-09-05T00:10:41.465,32.664951,99.412810,26.033,7.327,27.467,0.294,29,312.8
20220905001041000_00005201.sum,2022-09-05T00:10:42.354,32.719229,103.727409,29.559,7.388,26.421,0.424,19,297.6
20220905001041000_00005321.sum,2022-09-05T00:10:42.527,33.084916,98.970438,39.081,38.941,49.219,0.450,18,352.2
20220905001041000_00005381.sum,2022-09-05T00:10:42.260,33.141973,103.737194,36.184,7.684,36.805,0.623,23,323.2
20220905001042000_00000822.sum,,,,,,,,,
20220905001042000_00001002.sum,2022-09-05T00:10:42.408,22.437092,102.650501,6.729,5.490,9.524,0.327,27,288.8
20220905001042000_00001182.sum,2022-09-05T00:10:44.221,22.960791,102.656477,23.259,8.609,17.781,0.447,21,261.0
20220905001042000_00001362.sum,2022-09-05T00:10:41.431,23.279655,102.194653,20.116,16.530,22.360,0.137,8,293.4
20220905001042000_00001422.sum,2022-09-05T00:10:42.593,23.256821,106.505635,42.359,7.925,27.987,0.393,46,327.8
20220905001042000_00001542.sum,2022-09-05T00:10:41.735,23.780960,101.660985,15.974,2.421,4.055,0.336,44,189.0
20220905001042000_00001602.sum,2022-09-05T00:10:42.591,23.737025,106.048310,33.679,15.339,24.932,0.165,15,303.0
20220905001042000_00001722.sum,2022-09-05T00:10:41.268,24.206343,101.663110,16.246,1.394,3.838,0.356,48,112.7
20220905001042000_00001782.sum,2022-09-05T00:10:41.934,24.188355,106.069805,9.107,3.456,5.125,0.355,37,278.1
20220905001042000_00001902.sum,2022-09-05T00:10:41.090,24.660579,101.663724,21.876,1.722,4.300,0.340,27,54.1
20220905001042000_00001962.sum,2022-09-05T00:10:41.742,24.641624,106.095022,7.692,4.058,5.371,0.317,26,242.7
20220905001042000_00002082.sum,2022-09-05T00:10:41.532,25.104343,101.165002,10.116,1.056,5.549,0.532,49,28.2
20220905001042000_00002142.sum,2022-09-05T00:10:41.549,25.102198,105.602225,17.787,3.313,6.683,0.234,23,235.5
20220905001042000_00002262.sum,2022-09-05T00:10:41.432,25.559063,100.667501,12.223,1.834,7.932,0.253,28,67.8
20220905001042000_00002322.sum,2022-09-05T00:10:41.310,25.539142,105.152730,8.731,2.323,5.974,0.326,43,166.9
20220905001042000_00002442.sum,2022-09-05T00:10:41.480,25.993639,99.647902,9.293,3.627,6.680,0.186,22,205.6
20220905001042000_00002502.sum,2022-09-05T00:10:41.401,25.992264,104.649285,25.787,1.235,3.107,0.248,29,55.0
20220905001042000_00002622.sum,2022-09-05T00:10:41.548,26.446878,99.654393,24.060,2.461,3.101,0.381,40,183.3
20220905001042000_00002682.sum,2022-09-05T00:10:41.146,26.447540,104.653017,22.169,1.923,6.204,0.300,24,92.9
20220905001042000_00002802.sum,2022-09-05T00:10:41.779,26.889282,99.156369,9.563,4.650,12.221,0.384,43,241.3
20220905001042000_00002862.sum,2022-09-05T00:10:41.365,26.918878,103.661514,21.974,1.249,4.101,0.474,32,36.8
20220905001042000_00002982.sum,2022-09-05T00:10:43.206,25.621554,100.372170,48.786,32.087,41.088,0.820,8,330.7
20220905001042000_00003042.sum,2022-09-05T00:10:41.295,27.364156,103.668869,6.126,1.448,5.635,0.356,25,44.1
20220905001042000_00003162.sum,2022-09-05T00:10:41.921,27.797031,99.147358,14.164,3.656,10.197,0.618,38,225.5
20220905001042000_00003222.sum,2022-09-05T00:10:41.559,27.797030,104.166771,15.026,1.797,5.741,0.380,26,53.2
20220905001042000_00003342.sum,2022-09-05T00:10:41.533,28.243148,99.591007,3.332,2.581,4.417,0.176,22,194.9
20220905001042000_00003402.sum,2022-09-05T00:10:41.491,28.264553,104.188934,5.818,1.169,4.289,0.365,41,29.5
20220905001042000_00003522.sum,2022-09-05T00:10:42.244,28.695395,99.121211,14.867,4.129,11.442,0.235,29,229.5
20220905001042000_00003582.sum,2022-09-05T00:10:41.357,28.711321,104.705262,12.287,1.799,4.589,0.404,23,56.1
20220905001042000_00003702.sum,2022-09-05T00:10:42.184,29.147369,99.615884,16.626,5.277,14.025,0.402,17,232.3
20220905001042000_00003762.sum,2022-09-05T00:10:41.168,29.147976,105.236231,6.662,2.675,3.920,0.499,21,181.5
20220905001042000_00003882.sum,2022-09-05T00:10:41.397,29.596907,100.080696,19.568,1.718,3.876,0.277,23,95.5
20220905001042000_00003942.sum,2022-09-05T00:10:41.452,29.602344,104.728540,8.504,1.102,2.740,0.265,31,46.7
20220905001042000_00004062.sum,2022-09-05T00:10:41.421,30.057712,99.544007,1.957,2.534,3.237,0.293,32,184.3
20220905001042000_00004122.sum,2022-09-05T00:10:41.062,30.069124,104.742825,14.341,1.789,4.741,0.491,25,41.5
20220905001042000_00004242.sum,2022-09-05T00:10:41.604,30.505498,99.544532,21.497,2.730,5.504,0.468,31,181.4
20220905001042000_00004302.sum,2022-09-05T00:10:41.594,30.490343,105.234292,13.968,2.981,4.989,0.262,20,192.8
20220905001042000_00004422.sum,2022-09-05T00:10:41.269,30.942765,100.560550,23.581,1.806,4.835,0.524,27,75.9
20220905001042000_00004482.sum,2022-09-05T00:10:42.074,30.931810,105.749701,23.272,3.661,5.916,0.248,20,224.5
20220905001042000_00004602.sum,2022-09-05T00:10:41.474,31.402797,100.026099,24.570,2.101,4.823,0.363,44,97.2
20220905001042000_00004662.sum,2022-09-05T00:10:41.302,31.413092,104.767591,12.253,1.777,3.870,0.358,43,144.1
20220905001042000_00004782.sum,2022-09-05T00:10:42.305,31.812893,99.996866,16.165,4.924,10.333,0.324,25,278.1
20220905001042000_00004842.sum,2022-09-05T00:10:41.322,31.857358,104.257139,18.243,3.268,5.544,0.378,30,209.7
20220905001042000_00004962.sum,2022-09-05T00:10:43.000,32.211514,99.464058,20.128,7.091,20.869,0.161,20,313.8
20220905001042000_00005022.sum,2022-09-05T00:10:42.361,32.240992,104.276907,14.014,6.374,11.864,0.333,17,260.5
20220905001042000_00005142.sum,2022-09-05T00:10:42.424,32.687553,99.409626,27.163,8.288,28.142,0.413,29,322.2
20220905001042000_00005202.sum,2022-09-05T00:10:42.325,32.697499,104.284714,19.034,6.336,15.649,0.393,30,279.8
20220905001042000_00005322.sum,2022-09-05T00:10:43.076,33.136624,98.988285,37.746,41.995,52.392,0.376,18,352.4
20220905001042000_00005382.sum,2022-09-05T00:10:47.093,29.900278,103.637745,52.130,14.670,26.422,0.902,29,321.8
20220905001043000_00000823.sum,,,,,,,,,
20220905001043000_00001003.sum,2022-09-05T00:10:43.566,22.409522,102.645242,36.955,8.358,30.133,0.343,31,284.2
20220905001043000_00001123.sum,2022-09-05T00:10:43.827,22.792232,98.254642,43.720,31.992,39.637,0.364,28,350.0
20220905001043000_00001183.sum,2022-09-05T00:10:42.982,22.885014,102.644980,16.973,3.734,5.748,0.382,41,251.7
20220905001043000_00001363.sum,2022-09-05T00:10:42.716,23.310968,102.160715,32.785,4.876,14.482,0.340,28,228.0
20220905001043000_00001423.sum,2022-09-05T00:10:43.598,23.189304,106.546727,28.511,13.146,37.477,0.583,22,329.9
20220905001043000_00001543.sum,2022-09-05T00:10:42.674,23.771343,101.677680,21.988,1.720,2.620,0.429,50,156.2
20220905001043000_00001603.sum,2022-09-05T00:10:43.153,23.706380,106.045294,16.621,6.236,7.902,0.288,28,306.4
20220905001043000_00001723.sum,2022-09-05T00:10:42.206,24.207366,101.667440,13.408,1.089,3.750,0.328,43,30.8
20220905001043000_00001783.sum,2022-09-05T00:10:42.801,24.178442,106.067006,3.277,3.747,4.654,0.359,40,268.8
20220905001043000_00001903.sum,2022-09-05T00:10:42.268,24.668998,101.670279,12.186,2.126,6.623,0.549,29,68.0
20220905001043000_00001963.sum,2022-09-05T00:10:43.227,24.652568,106.046816,16.295,4.336,5.413,0.180,32,257.8
20220905001043000_00002083.sum,2022-09-05T00:10:42.538,25.115524,101.176435,22.695,1.948,5.912,0.297,21,87.8
20220905001043000_00002143.sum,2022-09-05T00:10:42.874,25.103127,105.585015,8.600,3.723,8.691,0.196,15,233.4
20220905001043000_00002263.sum,2022-09-05T00:10:42.737,25.547373,100.660938,11.734,1.020,6.626,0.399,42,46.5
20220905001043000_00002323.sum,2022-09-05T00:10:42.658,25.546628,105.129711,4.082,1.929,4.289,0.330,43,157.6
20220905001043000_00002443.sum,2022-09-05T00:10:42.143,25.996669,100.155340,26.801,2.064,3.998,0.401,24,93.9
20220905001043000_00002503.sum,2022-09-05T00:10:42.560,25.992581,104.665889,6.601,1.977,7.262,0.344,24,88.5
20220905001043000_00002623.sum,2022-09-05T00:10:42.196,26.435738,99.628874,1.749,2.249,2.795,0.316,40,182.8
20220905001043000_00002683.sum,2022-09-05T00:10:41.926,26.451793,104.669394,23.077,3.855,14.495,0.384,10,110.9
20220905001043000_00002803.sum,2022-09-05T00:10:42.608,26.894407,99.142397,25.738,4.520,7.808,0.436,36,219.3
20220905001043000_00002863.sum,2022-09-05T00:10:42.334,26.909828,103.668806,18.209,1.240,5.068,0.443,33,44.5
20220905001043000_00002983.sum,2022-09-05T00:10:43.510,27.336017,98.669970,22.457,8.418,19.019,0.453,21,251.6
20220905001043000_00003043.sum,2022-09-05T00:10:42.429,27.367764,103.670807,19.449,2.257,13.464,0.404,15,76.4
20220905001043000_00003163.sum,2022-09-05T00:10:43.385,27.791942,99.133690,18.812,5.281,20.582,0.262,23,225.1
20220905001043000_00003223.sum,2022-09-05T00:10:42.489,27.805555,104.167526,15.143,1.857,5.348,0.427,35,70.4
20220905001043000_00003343.sum,2022-09-05T00:10:42.373,28.245728,99.594896,9.847,1.761,4.441,0.377,46,181.7
20220905001043000_00003403.sum,2022-09-05T00:10:42.271,28.270367,104.188458,19.910,1.962,4.316,0.179,19,74.4
20220905001043000_00003523.sum,2022-09-05T00:10:42.675,28.697075,99.575122,16.065,2.668,8.500,0.345,35,180.9
20220905001043000_00003583.sum,2022-09-05T00:10:42.311,28.720445,104.703415,16.378,1.303,2.843,0.333,38,46.9
20220905001043000_00003703.sum,2022-09-05T00:10:42.605,29.144847,99.579729,3.429,1.989,3.440,0.313,41,177.5
20220905001043000_00003763.sum,2022-09-05T00:10:42.212,29.159465,105.237297,8.703,3.576,5.325,0.266,18,177.3
20220905001043000_00003883.sum,2022-09-05T00:10:42.472,29.605172,100.067632,8.770,1.368,2.284,0.372,45,102.0
20220905001043000_00003943.sum,2022-09-05T00:10:42.496,29.617928,104.716362,3.031,2.992,5.098,0.247,14,132.3
20220905001043000_00004063.sum,2022-09-05T00:10:42.423,30.053192,99.551078,15.313,2.469,6.142,0.743,34,178.5
20220905001043000_00004123.sum,2022-09-05T00:10:42.594,30.065979,104.736948,5.623,1.577,3.414,0.265,27,65.1
20220905001043000_00004243.sum,2022-09-05T00:10:42.375,30.501087,99.535300,23.570,3.355,5.819,0.224,28,178.7
20220905001043000_00004303.sum,2022-09-05T00:10:42.489,30.503985,105.249110,22.726,1.884,3.783,0.260,33,109.1
20220905001043000_00004423.sum,2022-09-05T00:10:42.968,30.969448,100.557120,16.098,2.279,13.222,0.341,21,81.4
20220905001043000_00004483.sum,2022-09-05T00:10:43.025,30.940819,105.779395,10.924,3.124,3.870,0.291,40,233.2
20220905001043000_00004603.sum,2022-09-05T00:10:42.705,31.400903,100.033021,5.526,2.955,7.459,0.474,34,73.0
20220905001043000_00004663.sum,2022-09-05T00:10:42.518,31.396515,104.775500,22.830,2.228,3.321,0.475,40,89.7
20220905001043000_00004783.sum,2022-09-05T00:10:42.606,31.851558,100.003142,10.126,3.902,12.873,0.193,16,246.7
20220905001043000_00004843.sum,2022-09-05T00:10:42.506,31.849123,104.250414,21.655,5.132,6.614,0.239,26,209.1
20220905001043000_00004963.sum,2022-09-05T00:10:43.643,32.239771,99.452881,19.800,5.617,19.832,0.337,37,305.3
20220905001043000_00005023.sum,2022-09-05T00:10:43.155,32.257818,104.271020,16.276,3.449,8.398,0.329,42,266.3
20220905001043000_00005143.sum,2022-09-05T00:10:43.699,32.682775,99.415077,26.882,5.922,25.610,0.340,38,310.7
20220905001043000_00005203.sum,2022-09-05T00:10:44.033,32.668895,104.302650,22.869,5.702,19.745,0.394,28,271.0
20220905001043000_00005323.sum,2022-09-05T00:10:44.257,32.881598,98.641829,36.912,95.119,117.912,0.241,10,354.5
20220905001043000_00005383.sum,2022-09-05T00:10:43.782,33.159524,103.713428,43.625,6.991,27.985,0.278,39,319.7
20220905001044000_00000824.sum,,,,,,,,,
20220905001044000_00001004.sum,2022-09-05T00:10:39.033,25.762809,103.013537,43.564,19.162,34.914,0.297,8,313.2
20220905001044000_00001124.sum,2022-09-05T00:10:45.328,22.784091,98.120755,41.488,30.339,37.710,0.414,34,350.6
20220905001044000_00001184.sum,2022-09-05T00:10:44.105,22.903118,102.648366,9.065,3.055,7.636,0.335,47,256.9
20220905001044000_00001364.sum,2022-09-05T00:10:44.041,23.344744,102.154040,10.167,3.283,7.836,0.380,31,233.2
20220905001044000_00001424.sum,2022-09-05T00:10:44.670,23.235686,106.600025,39.527,8.672,30.429,0.445,38,329.6
20220905001044000_00001544.sum,2022-09-05T00:10:43.709,23.764622,101.680153,8.486,3.459,5.514,0.487,18,186.0
20220905001044000_00001604.sum,2022-09-05T00:10:44.519,23.731413,106.057830,41.467,7.452,20.637,0.205,14,301.5
20220905001044000_00001724.sum,2022-09-05T00:10:43.443,24.213101,101.663182,16.028,1.795,5.222,0.375,33,81.4
20220905001044000_00001784.sum,2022-09-05T00:10:44.635,24.179826,106.618969,39.966,10.768,31.477,0.329,13,314.3
20220905001044000_00001904.sum,2022-09-05T00:10:43.310,24.647623,101.654409,14.732,1.900,5.779,0.283,18,63.6
20220905001044000_00001964.sum,2022-09-05T00:10:43.720,24.635254,106.091728,3.856,4.438,5.514,0.414,34,261.7
20220905001044000_00002084.sum,2022-09-05T00:10:43.132,25.111993,101.152723,18.130,2.972,7.704,0.360,26,82.4
20220905001044000_00002144.sum,2022-09-05T00:10:43.924,25.107704,105.592345,21.801,4.380,5.956,0.242,18,218.7
20220905001044000_00002264.sum,2022-09-05T00:10:43.326,25.547807,100.653601,12.386,1.030,2.819,0.326,46,52.5
20220905001044000_00002324.sum,2022-09-05T00:10:43.218,25.541945,105.146760,23.101,1.704,3.263,0.383,40,163.8
20220905001044000_00002444.sum,2022-09-05T00:10:43.365,25.999351,100.156467,20.109,1.317,4.476,0.412,39,62.3
20220905001044000_00002504.sum,2022-09-05T00:10:43.278,26.001224,104.633561,18.068,1.842,8.195,0.430,17,104.8
20220905001044000_00002624.sum,2022-09-05T00:10:43.573,26.445970,99.646474,27.842,3.842,5.841,0.285,22,185.8
20220905001044000_00002684.sum,2022-09-05T00:10:43.454,26.440743,104.667764,1.310,1.380,2.132,0.253,25,79.7
20220905001044000_00002804.sum,2022-09-05T00:10:43.874,26.890698,99.173509,11.872,3.682,10.488,0.207,27,214.3
20220905001044000_00002864.sum,2022-09-05T00:10:43.238,26.908257,104.152983,22.851,1.257,3.665,0.407,33,37.1
20220905001044000_00002984.sum,2022-09-05T00:10:44.070,27.321809,98.671149,12.612,8.024,14.052,0.314,29,248.1
20220905001044000_00003044.sum,2022-09-05T00:10:43.238,27.370567,103.669472,23.110,1.560,5.051,0.442,30,42.8
20220905001044000_00003164.sum,2022-09-05T00:10:43.729,27.782636,99.116381,19.360,7.445,19.953,0.309,9,216.2
20220905001044000_00003224.sum,2022-09-05T00:10:43.234,27.805892,104.180355,7.965,1.073,4.408,0.314,40,55.5
20220905001044000_00003344.sum,2022-09-05T00:10:43.282,28.243510,99.571545,2.783,2.600,3.845,0.482,33,190.4
20220905001044000_00003404.sum,2022-09-05T00:10:43.502,28.257016,104.183813,7.436,1.693,4.229,0.453,38,53.4
20220905001044000_00003524.sum,2022-09-05T00:10:43.717,28.694494,99.596704,24.424,2.584,5.607,0.364,37,185.9
20220905001044000_00003584.sum,2022-09-05T00:10:43.330,28.699677,104.703489,13.768,1.087,3.403,0.330,38,33.1
20220905001044000_00003704.sum,2022-09-05T00:10:43.686,29.154520,99.572264,3.363,2.576,4.179,0.389,43,178.8
20220905001044000_00003764.sum,2022-09-05T00:10:43.434,29.147062,105.229680,3.179,1.144,2.508,0.215,34,113.1
20220905001044000_00003884.sum,2022-09-05T00:10:43.479,29.610249,100.073748,20.003,2.029,7.675,0.492,28,107.1
20220905001044000_00003944.sum,2022-09-05T00:10:43.236,29.611363,104.735636,13.947,1.399,4.057,0.189,18,61.8
20220905001044000_00004064.sum,2022-09-05T00:10:43.510,30.048564,100.066234,2.805,1.634,2.985,0.240,22,102.1
20220905001044000_00004124.sum,2022-09-05T00:10:43.276,30.050832,104.735460,3.170,3.295,4.230,0.484,19,137.0
20220905001044000_00004244.sum,2022-09-05T00:10:43.638,30.511430,100.052944,6.821,2.065,7.319,0.257,21,88.0
20220905001044000_00004304.sum,2022-09-05T00:10:43.257,30.506065,105.294375,13.808,2.821,4.327,0.351,31,120.4
20220905001044000_00004424.sum,2022-09-05T00:10:43.477,30.955355,100.564072,14.747,2.284,8.108,0.450,19,128.9
20220905001044000_00004484.sum,2022-09-05T00:10:44.034,30.948059,105.786977,5.237,3.854,5.466,0.332,41,235.9
20220905001044000_00004604.sum,2022-09-05T00:10:43.586,31.389925,100.014325,13.550,2.322,4.656,0.448,31,115.5
20220905001044000_00004664.sum,2022-09-05T00:10:43.344,31.405088,104.773617,13.051,2.998,4.309,0.729,29,166.1
20220905001044000_00004784.sum,2022-09-05T00:10:43.864,31.835935,100.019022,9.006,3.441,6.358,0.519,35,251.8
20220905001044000_00004844.sum,2022-09-05T00:10:43.559,31.857425,104.254075,16.393,5.190,8.897,0.232,16,228.6
20220905001044000_00004964.sum,2022-09-05T00:10:45.024,32.204774,99.458351,22.448,7.376,20.882,0.159,20,314.7
20220905001044000_00005024.sum,2022-09-05T00:10:44.341,32.283635,104.801165,8.363,6.264,11.206,0.611,37,258.2
20220905001044000_00005144.sum,2022-09-05T00:10:44.989,32.641033,99.462748,28.152,7.581,28.203,0.234,28,324.4
20220905001044000_00005204.sum,2022-09-05T00:10:44.318,32.698257,104.283761,12.875,4.163,12.811,0.483,48,280.0
20220905001044000_00005324.sum,2022-09-05T00:10:45.313,33.075079,98.783527,37.298,39.684,50.609,0.800,18,352.5
20220905001044000_00005384.sum,2022-09-05T00:10:47.935,29.792997,103.422609,48.306,30.131,37.438,0.938,18,320.7
20220905001045000_00000825.sum,,,,,,,,,
20220905001045000_00001005.sum,2022-09-05T00:10:45.228,22.407937,102.650753,40.137,9.555,29.439,0.479,28,287.7
20220905001045000_00001125.sum,2022-09-05T00:10:46.986,22.730229,98.261755,42.691,39.891,49.420,0.281,23,350.3
20220905001045000_00001185.sum,2022-09-05T00:10:44.903,22.868311,102.637656,17.667,6.614,11.682,0.536,25,252.6
20220905001045000_00001365.sum,2022-09-05T00:10:45.235,23.347820,102.155159,21.632,4.001,5.197,0.506,29,244.3
20220905001045000_00001425.sum,2022-09-05T00:10:46.153,23.181072,106.539255,40.447,10.719,30.008,0.259,25,334.5
20220905001045000_00001545.sum,2022-09-05T00:10:44.927,23.775960,101.682149,17.976,4.240,6.818,0.282,24,169.8
20220905001045000_00001605.sum,2022-09-05T00:10:45.901,23.698837,106.571264,41.455,5.819,25.827,0.285,36,315.0
20220905001045000_00001725.sum,2022-09-05T00:10:44.430,24.212102,101.665583,11.035,1.278,3.123,0.433,44,56.1
20220905001045000_00001785.sum,2022-09-05T00:10:45.368,24.181940,106.559578,41.821,5.807,25.668,0.351,30,294.5
20220905001045000_00001845.sum,,,,,,,,,
20220905001045000_00001905.sum,2022-09-05T00:10:44.522,24.648732,101.661215,9.445,1.166,4.537,0.228,21,54.9
20220905001045000_00001965.sum,2022-09-05T00:10:45.221,24.641485,106.070688,4.370,5.528,7.347,0.425,29,263.7
20220905001045000_00002085.sum,2022-09-05T00:10:44.139,25.106728,101.167416,22.666,1.145,3.914,0.364,43,32.5
20220905001045000_00002145.sum,2022-09-05T00:10:44.398,25.104907,105.615427,27.250,4.100,5.763,0.220,18,226.3
20220905001045000_00002265.sum,2022-09-05T00:10:44.195,25.537112,100.670795,20.549,2.266,11.722,0.262,13,53.5
20220905001045000_00002325.sum,2022-09-05T00:10:44.201,25.544216,105.135227,21.984,1.772,2.944,0.382,40,129.7
20220905001045000_00002445.sum,2022-09-05T00:10:44.307,25.997432,100.154855,15.970,1.425,5.918,0.411,41,93.8
20220905001045000_00002505.sum,2022-09-05T00:10:44.517,25.979087,104.631217,24.801,2.106,5.931,0.431,20,89.2
20220905001045000_00002625.sum,2022-09-05T00:10:44.394,26.442127,100.158577,21.174,1.325,2.581,0.345,36,93.0
20220905001045000_00002685.sum,2022-09-05T00:10:44.612,26.453766,104.662583,6.043,1.548,5.195,0.199,23,68.6
20220905001045000_00002805.sum,2022-09-05T00:10:45.135,26.892799,99.171313,13.516,4.418,14.775,0.280,32,250.3
20220905001045000_00002865.sum,2022-09-05T00:10:44.220,26.909823,104.171647,29.546,1.954,3.575,0.306,21,50.7
20220905001045000_00002985.sum,2022-09-05T00:10:44.885,27.345978,99.142547,25.769,4.480,8.690,0.407,36,231.0
20220905001045000_00003045.sum,2022-09-05T00:10:44.351,27.376447,103.671720,14.138,1.787,5.118,0.286,23,51.6
20220905001045000_00003165.sum,2022-09-05T00:10:45.144,27.797790,99.134038,16.554,4.008,14.918,0.391,34,229.9
20220905001045000_00003225.sum,2022-09-05T00:10:44.128,27.813405,104.164162,23.228,1.540,5.123,0.390,29,44.1
20220905001045000_00003345.sum,2022-09-05T00:10:44.361,28.253129,99.590732,17.611,4.286,9.359,0.255,18,207.5
20220905001045000_00003405.sum,2022-09-05T00:10:44.041,28.248475,104.185927,17.347,1.350,3.649,0.539,31,42.4
20220905001045000_00003525.sum,2022-09-05T00:10:44.151,28.701385,99.560904,10.128,4.255,5.480,0.366,20,189.5
20220905001045000_00003585.sum,2022-09-05T00:10:44.053,28.712255,104.705708,22.252,1.986,3.854,0.342,29,139.7
20220905001045000_00003705.sum,2022-09-05T00:10:44.398,29.148165,100.068507,10.298,2.039,3.785,0.267,28,142.9
20220905001045000_00003765.sum,2022-09-05T00:10:44.285,29.158715,105.229882,28.605,2.340,3.872,0.356,41,69.2
20220905001045000_00003885.sum,2022-09-05T00:10:44.537,29.601211,100.075639,14.713,1.330,2.842,0.254,33,91.9
20220905001045000_00003945.sum,2022-09-05T00:10:44.418,29.606600,104.738120,4.245,2.396,4.889,0.847,29,169.1
20220905001045000_00004065.sum,2022-09-05T00:10:44.433,30.045787,100.068776,6.900,1.409,3.895,0.332,31,45.2
20220905001045000_00004125.sum,2022-09-05T00:10:44.178,30.058509,104.752837,22.269,2.403,6.988,0.382,27,138.2
20220905001045000_00004245.sum,2022-09-05T00:10:44.353,30.517836,100.053149,15.903,1.800,7.520,0.371,26,94.7
20220905001045000_00004305.sum,2022-09-05T00:10:44.488,30.498256,105.272173,3.590,3.295,4.273,0.391,35,198.2
20220905001045000_00004425.sum,2022-09-05T00:10:44.736,30.955665,100.567129,3.623,1.883,4.414,0.406,28,107.7
20220905001045000_00004485.sum,2022-09-05T00:10:44.670,30.940980,105.763022,13.526,5.642,8.106,0.200,14,229.9
20220905001045000_00004605.sum,2022-09-05T00:10:44.211,31.413209,100.021892,29.284,2.129,4.324,0.205,26,114.6
20220905001045000_00004665.sum,2022-09-05T00:10:44.562,31.394913,105.278985,17.035,2.149,4.037,0.333,41,114.0
20220905001045000_00004785.sum,2022-09-05T00:10:44.517,31.843492,100.028601,9.153,5.674,8.092,0.303,32,254.3
20220905001045000_00004845.sum,2022-09-05T00:10:44.386,31.878811,104.821181,8.277,5.454,9.175,0.267,24,235.2
20220905001045000_00004965.sum,2022-09-05T00:10:46.130,32.242247,99.995937,21.754,5.910,21.059,0.391,36,288.8
20220905001045000_00005025.sum,2022-09-05T00:10:45.672,32.218450,104.798799,28.985,8.419,10.917,0.293,27,275.4
20220905001045000_00005145.sum,2022-09-05T00:10:45.773,32.659771,99.426798,26.192,11.867,30.005,0.420,11,329.1
20220905001045000_00005205.sum,2022-09-05T00:10:45.355,32.691730,104.308174,29.211,8.595,17.245,0.225,30,289.1
20220905001045000_00005325.sum,2022-09-05T00:10:46.618,33.093851,98.815813,37.956,50.014,62.362,0.219,14,352.6
20220905001045000_00005385.sum,2022-09-05T00:10:48.295,29.807374,103.574777,55.267,10.828,19.588,1.267,49,318.0
20220905001046000_00000826.sum,,,,,,,,,
20220905001046000_00001006.sum,2022-09-05T00:10:46.970,22.381094,102.647401,46.563,8.044,26.829,0.190,19,291.8
20220905001046000_00001126.sum,2022-09-05T00:10:47.191,22.658213,98.200975,41.438,34.461,42.744,0.221,28,350.7
20220905001046000_00001186.sum,2022-09-05T00:10:45.895,22.851746,102.628667,40.102,7.389,21.244,0.264,20,271.6
20220905001046000_00001366.sum,2022-09-05T00:10:45.797,23.332095,102.168700,16.685,3.344,5.990,0.308,45,218.1
20220905001046000_00001426.sum,2022-09-05T00:10:46.491,23.254730,106.538975,42.258,9.870,29.354,0.459,29,332.3
20220905001046000_00001546.sum,2022-09-05T00:10:45.403,23.761413,101.668410,12.392,2.499,3.496,0.445,32,195.8
20220905001046000_00001606.sum,2022-09-05T00:10:45.995,23.695701,106.563706,37.776,13.707,32.548,0.185,8,324.0
20220905001046000_00001726.sum,2022-09-05T00:10:45.477,24.211695,101.661852,21.394,1.468,3.183,0.382,38,66.4
20220905001046000_00001786.sum,2022-09-05T00:10:46.402,24.167501,106.531437,9.031,4.384,6.484,0.587,42,298.0
20220905001046000_00001846.sum,,,,,,,,,
20220905001046000_00001906.sum,2022-09-05T00:10:45.251,24.655714,102.139426,23.460,2.284,4.555,0.376,21,70.1
20220905001046000_00001966.sum,2022-09-05T00:10:45.706,24.637032,106.096119,2.672,6.484,8.094,0.322,27,276.4
20220905001046000_00002086.sum,2022-09-05T00:10:45.564,25.126815,101.185786,28.015,3.090,6.769,0.340,24,65.0
20220905001046000_00002146.sum,2022-09-05T00:10:45.432,25.095789,105.614578,26.610,4.182,6.767,0.496,26,221.0
20220905001046000_00002266.sum,2022-09-05T00:10:45.123,25.542705,100.651555,30.212,2.079,5.310,1.313,26,43.5
20220905001046000_00002326.sum,2022-09-05T00:10:45.434,25.554841,105.147847,16.470,1.636,3.190,0.207,21,134.9
20220905001046000_00002446.sum,2022-09-05T00:10:45.310,25.991806,100.169169,22.471,1.873,4.596,0.209,19,95.5
20220905001046000_00002506.sum,2022-09-05T00:10:45.522,25.987186,104.643383,24.415,1.360,3.629,0.278,33,88.2
20220905001046000_00002626.sum,2022-09-05T00:10:45.282,26.433970,100.102616,16.390,4.992,18.367,0.352,13,177.9
20220905001046000_00002686.sum,2022-09-05T00:10:45.425,26.438010,104.654059,23.776,1.744,3.438,0.429,30,48.0
20220905001046000_00002806.sum,2022-09-05T00:10:46.151,26.884674,99.152015,6.243,3.294,8.684,0.497,31,223.0
20220905001046000_00002866.sum,2022-09-05T00:10:45.763,26.904213,104.170041,24.654,1.479,5.262,0.233,21,66.3
20220905001046000_00002986.sum,2022-09-05T00:10:45.593,27.332887,99.113567,15.546,4.902,12.215,0.290,25,217.7
20220905001046000_00003046.sum,2022-09-05T00:10:45.040,27.354049,104.167815,19.772,1.582,5.639,0.574,32,58.1
20220905001046000_00003166.sum,2022-09-05T00:10:46.223,27.781097,99.141479,13.296,4.483,12.065,0.268,22,237.8
20220905001046000_00003226.sum,2022-09-05T00:10:45.391,27.803265,104.167364,16.557,1.457,4.966,0.266,26,82.5
20220905001046000_00003346.sum,2022-09-05T00:10:45.237,28.250318,99.597955,18.722,2.676,10.561,0.374,31,191.1
20220905001046000_00003406.sum,2022-09-05T00:10:45.210,28.254649,104.693811,17.707,1.532,3.495,0.395,27,72.1
20220905001046000_00003526.sum,2022-09-05T00:10:45.457,28.687106,99.583635,1.800,1.999,2.545,0.397,42,185.5
20220905001046000_00003586.sum,2022-09-05T00:10:45.289,28.702856,104.720332,3.259,1.158,3.055,0.322,30,71.9
20220905001046000_00003706.sum,2022-09-05T00:10:45.523,29.157021,100.095713,15.587,1.264,4.092,0.365,32,58.2
20220905001046000_00003766.sum,2022-09-05T00:10:45.861,29.155054,105.718892,5.189,3.877,4.805,0.407,26,209.0
20220905001046000_00003886.sum,2022-09-05T00:10:45.488,29.611026,100.078330,26.235,1.196,5.360,0.368,46,50.7
20220905001046000_00003946.sum,2022-09-05T00:10:45.467,29.612840,105.222353,28.323,2.159,3.956,0.482,37,144.3
20220905001046000_00004066.sum,2022-09-05T00:10:45.560,30.050885,100.057084,26.383,1.634,3.528,0.325,31,99.6
20220905001046000_00004126.sum,2022-09-05T00:10:45.157,30.051886,105.250682,29.271,2.252,4.424,0.372,30,150.0
20220905001046000_00004246.sum,2022-09-05T00:10:45.448,30.508929,100.051345,24.095,2.214,4.024,0.262,23,115.1
20220905001046000_00004306.sum,2022-09-05T00:10:45.456,30.501269,105.253619,18.132,2.145,3.485,0.759,28,137.0
20220905001046000_00004426.sum,2022-09-05T00:10:45.352,30.960583,101.085389,27.006,1.815,6.377,0.206,18,78.0
20220905001046000_00004486.sum,2022-09-05T00:10:46.007,30.941273,105.766834,17.149,6.118,9.185,0.435,29,224.4
20220905001046000_00004606.sum,2022-09-05T00:10:45.808,31.397496,100.035615,18.451,1.349,3.605,0.283,28,61.2
20220905001046000_00004666.sum,2022-09-05T00:10:45.590,31.393060,105.276228,20.328,1.978,2.979,0.331,46,147.5
20220905001046000_00004786.sum,2022-09-05T00:10:46.107,31.828597,100.001797,19.933,4.809,13.302,0.312,24,252.1
20220905001046000_00004846.sum,2022-09-05T00:10:46.101,31.807405,104.784417,29.442,4.795,8.101,0.462,24,257.3
20220905001046000_00004966.sum,2022-09-05T00:10:46.047,32.250592,99.981386,24.936,5.631,19.469,0.680,33,270.1
20220905001046000_00005026.sum,2022-09-05T00:10:46.022,32.249377,104.813545,25.160,5.236,11.653,0.289,20,264.6
20220905001046000_00005146.sum,2022-09-05T00:10:47.694,32.695911,99.961470,25.584,7.755,25.394,0.350,31,297.9
20220905001046000_00005206.sum,2022-09-05T00:10:46.646,32.685504,104.291927,29.171,8.092,20.365,0.334,25,281.9
20220905001046000_00005326.sum,2022-09-05T00:10:47.053,33.055034,98.799769,40.454,45.060,56.811,0.547,18,352.5
20220905001046000_00005386.sum,2022-09-05T00:10:48.027,33.135431,103.744533,41.580,8.856,34.960,0.529,25,319.6
20220905001047000_00000827.sum,,,,,,,,,
20220905001047000_00001007.sum,2022-09-05T00:10:47.743,22.391421,103.122471,38.797,10.386,34.269,0.300,14,294.6
20220905001047000_00001127.sum,2022-09-05T00:10:48.400,22.845880,98.138586,41.849,32.163,39.952,0.355,29,350.4
20220905001047000_00001187.sum,2022-09-05T00:10:47.074,22.893807,102.648246,23.086,4.910,6.128,0.400,34,241.1
20220905001047000_00001367.sum,2022-09-05T00:10:46.434,23.309711,102.638013,11.945,4.106,6.345,0.344,30,218.2
20220905001047000_00001427.sum,2022-09-05T00:10:47.177,23.211102,106.565585,40.229,15.053,33.610,0.392,15,331.3
20220905001047000_00001547.sum,2022-09-05T00:10:46.546,23.774817,102.163284,23.632,2.918,4.682,0.226,20,185.9
20220905001047000_00001607.sum,2022-09-05T00:10:47.175,23.652394,106.603281,37.820,7.662,28.187,0.399,32,312.4
20220905001047000_00001727.sum,2022-09-05T00:10:46.476,24.217921,101.666476,12.136,1.459,4.152,0.576,37,116.0
20220905001047000_00001787.sum,2022-09-05T00:10:48.625,24.198438,106.539678,46.572,11.763,30.987,0.303,9,296.9
20220905001047000_00001847.sum,,,,,,,,,
20220905001047000_00001907.sum,2022-09-05T00:10:46.494,24.662298,102.151494,19.854,1.062,2.559,0.278,37,39.8
20220905001047000_00001967.sum,2022-09-05T00:10:48.778,24.646216,105.966954,42.234,11.805,20.317,0.272,14,281.9
20220905001047000_00002087.sum,2022-09-05T00:10:46.580,25.118350,101.171148,24.088,2.374,4.778,0.440,22,114.0
20220905001047000_00002147.sum,2022-09-05T00:10:46.691,25.086096,105.603033,2.847,3.579,4.651,0.251,28,234.4
20220905001047000_00002267.sum,2022-09-05T00:10:46.273,25.556928,101.157812,6.211,1.277,2.382,0.343,32,67.5
20220905001047000_00002327.sum,2022-09-05T00:10:46.331,25.540719,105.132516,20.442,1.417,4.235,0.415,43,115.7
20220905001047000_00002447.sum,2022-09-05T00:10:46.444,26.007385,100.162609,21.242,2.278,6.107,0.309,27,95.8
20220905001047000_00002507.sum,2022-09-05T00:10:46.494,26.003525,104.651125,2.516,1.663,3.204,0.227,21,92.1
20220905001047000_00002627.sum,2022-09-05T00:10:46.636,26.449318,100.137036,3.942,1.157,3.086,0.236,37,46.8
20220905001047000_00002687.sum,2022-09-05T00:10:46.378,26.445672,104.644981,13.346,1.711,6.418,0.372,28,82.2
20220905001047000_00002807.sum,2022-09-05T00:10:46.554,26.903021,99.646816,23.582,2.862,6.416,0.309,40,178.1
20220905001047000_00002867.sum,2022-09-05T00:10:46.494,26.900719,104.165515,4.135,1.273,3.717,0.340,29,39.3
20220905001047000_00002987.sum,2022-09-05T00:10:46.902,27.338678,99.157370,16.706,4.810,9.978,0.335,37,234.2
20220905001047000_00003047.sum,2022-09-05T00:10:46.257,27.363109,104.171765,24.356,1.932,6.723,0.340,27,71.7
20220905001047000_00003167.sum,2022-09-05T00:10:46.759,27.792155,99.113445,22.124,4.214,15.350,0.232,32,219.0
20220905001047000_00003227.sum,2022-09-05T00:10:46.364,27.798190,104.680618,18.486,1.718,3.946,0.384,33,60.6
20220905001047000_00003347.sum,2022-09-05T00:10:46.653,28.239076,99.605295,17.869,3.621,13.473,0.275,15,188.6
20220905001047000_00003407.sum,2022-09-05T00:10:46.320,28.258803,104.700143,19.275,1.508,6.165,0.566,42,44.3
20220905001047000_00003527.sum,2022-09-05T00:10:46.639,28.710866,99.608183,18.633,2.948,5.158,0.290,31,192.4
20220905001047000_00003587.sum,2022-09-05T00:10:46.429,28.711716,104.707533,12.478,1.172,2.494,0.313,40,40.2
20220905001047000_00003707.sum,2022-09-05T00:10:46.587,29.153450,100.095122,3.314,1.821,3.576,0.339,24,43.1
20220905001047000_00003767.sum,2022-09-05T00:10:46.896,29.148037,105.718215,3.091,3.690,4.589,0.393,33,208.7
20220905001047000_00003887.sum,2022-09-05T00:10:46.418,29.597665,100.071617,18.530,2.046,7.893,0.333,17,63.3
20220905001047000_00003947.sum,2022-09-05T00:10:46.406,29.604937,105.221962,25.192,1.809,3.305,0.328,41,71.5
20220905001047000_00004067.sum,2022-09-05T00:10:46.256,30.051375,100.058529,1.688,1.468,2.355,0.475,29,83.3
20220905001047000_00004127.sum,2022-09-05T00:10:46.059,30.049867,105.258793,7.935,2.350,3.690,0.597,30,176.9
20220905001047000_00004247.sum,2022-09-05T00:10:46.482,30.506664,100.055268,16.268,1.441,5.408,0.420,45,67.3
20220905001047000_00004307.sum,2022-09-05T00:10:47.127,30.489412,105.744251,8.918,3.346,5.049,0.286,23,233.8
20220905001047000_00004427.sum,2022-09-05T00:10:46.196,30.964887,101.088109,22.933,1.624,5.057,0.991,25,49.0
20220905001047000_00004487.sum,2022-09-05T00:10:46.731,30.958639,106.292516,26.322,9.158,20.713,0.182,8,276.8
20220905001047000_00004607.sum,2022-09-05T00:10:46.848,31.395405,100.027446,15.110,1.755,5.832,0.368,33,99.6
20220905001047000_00004667.sum,2022-09-05T00:10:46.869,31.388031,105.256856,16.949,2.532,3.567,0.305,36,198.9
20220905001047000_00004787.sum,2022-09-05T00:10:46.912,31.836290,100.003075,9.134,3.891,6.583,0.292,31,251.1
20220905001047000_00004847.sum,2022-09-05T00:10:46.908,31.808421,104.783173,26.261,3.142,5.691,0.306,34,232.4
20220905001047000_00004967.sum,2022-09-05T00:10:47.908,32.218759,100.001427,22.545,8.541,22.123,0.191,14,277.3
20220905001047000_00005027.sum,2022-09-05T00:10:47.506,32.219410,104.791147,10.406,11.391,14.131,0.296,17,263.9
20220905001047000_00005147.sum,2022-09-05T00:10:47.633,32.690228,99.960702,29.212,8.132,31.776,0.228,17,303.3
20220905001047000_00005207.sum,2022-09-05T00:10:47.023,32.728965,104.287870,9.812,5.040,12.602,0.364,41,282.7
20220905001047000_00005327.sum,2022-09-05T00:10:48.408,33.004034,98.712994,38.237,52.532,65.338,0.419,17,352.4
20220905001047000_00005387.sum,2022-09-05T00:10:48.639,29.685965,103.636236,51.482,18.343,25.980,1.354,34,326.3
20220905001048000_00000828.sum,,,,,,,,,
20220905001048000_00001008.sum,2022-09-05T00:10:48.313,22.408983,103.119254,24.478,8.630,29.071,0.293,32,282.3
20220905001048000_00001128.sum,2022-09-05T00:10:48.736,22.760802,98.755247,26.466,15.061,31.106,0.315,31,343.3
20220905001048000_00001188.sum,2022-09-05T00:10:48.332,22.904666,103.132040,9.155,3.887,6.959,0.334,43,254.1
20220905001048000_00001368.sum,2022-09-05T00:10:47.579,23.326204,102.647519,21.300,3.968,5.000,0.372,33,217.3
20220905001048000_00001428.sum,2022-09-05T00:11:01.309,23.404968,106.349750,33.595,46.618,57.972,0.666,20,341.5
20220905001048000_00001548.sum,2022-09-05T00:10:47.429,23.755070,102.159838,8.280,2.036,4.281,0.397,47,186.7
20220905001048000_00001608.sum,2022-09-05T00:10:48.595,23.682602,106.627448,45.185,6.114,28.079,0.363,44,315.0
20220905001048000_00001728.sum,2022-09-05T00:10:47.589,24.210462,101.678314,9.338,1.388,4.698,0.278,32,58.1
20220905001048000_00001788.sum,2022-09-05T00:10:48.096,24.178797,106.568506,41.193,6.986,25.292,0.395,22,296.3
20220905001048000_00001848.sum,,,,,,,,,
20220905001048000_00001908.sum,2022-09-05T00:10:47.328,24.666477,102.157463,20.065,2.709,5.220,0.366,17,102.1
20220905001048000_00001968.sum,2022-09-05T00:10:48.077,24.636079,106.073651,2.984,4.161,5.329,0.368,37,260.3
20220905001048000_00002088.sum,2022-09-05T00:10:47.386,25.101238,101.160509,27.863,1.404,3.240,0.453,43,43.2
20220905001048000_00002148.sum,2022-09-05T00:10:47.691,25.088673,106.103101,2.908,3.381,4.193,0.335,39,240.9
20220905001048000_00002268.sum,2022-09-05T00:10:47.511,25.565639,101.156303,4.677,2.651,6.476,0.402,19,127.0
20220905001048000_00002328.sum,2022-09-05T00:10:47.141,25.546405,105.658474,14.455,5.525,7.257,0.541,28,214.8
20220905001048000_00002448.sum,2022-09-05T00:10:47.629,25.990796,100.662750,4.719,1.510,5.842,0.290,22,54.7
20220905001048000_00002508.sum,2022-09-05T00:10:47.373,25.992308,105.163271,9.510,1.743,4.201,0.311,39,101.5
20220905001048000_00002628.sum,2022-09-05T00:10:47.313,26.456957,100.144326,18.367,1.008,3.609,0.324,38,47.0
20220905001048000_00002688.sum,2022-09-05T00:10:47.171,26.448266,105.154360,21.046,2.110,5.063,0.427,30,147.6
20220905001048000_00002808.sum,2022-09-05T00:10:47.032,26.896212,99.642795,10.124,5.789,9.739,0.377,14,194.9
20220905001048000_00002868.sum,2022-09-05T00:10:47.331,26.898407,104.159388,5.660,1.218,4.009,0.400,39,42.2
20220905001048000_00002988.sum,2022-09-05T00:10:48.020,27.332970,99.129977,12.904,3.815,18.015,0.374,43,217.5
20220905001048000_00003048.sum,2022-09-05T00:10:47.475,27.365624,104.177946,23.252,1.212,3.444,0.403,45,30.9
20220905001048000_00003168.sum,2022-09-05T00:10:49.194,27.793224,99.220995,45.410,9.518,20.875,0.462,16,231.7
20220905001048000_00003228.sum,2022-09-05T00:10:47.339,27.797934,104.686056,13.196,1.301,4.694,0.335,32,32.0
20220905001048000_00003348.sum,2022-09-05T00:10:47.816,28.245244,99.602882,10.191,2.290,6.429,0.284,39,187.7
20220905001048000_00003408.sum,2022-09-05T00:10:47.343,28.249542,104.695136,26.186,1.957,5.028,0.473,36,38.4
20220905001048000_00003528.sum,2022-09-05T00:10:47.772,28.699595,99.591015,14.114,3.379,10.904,0.145,14,196.5
20220905001048000_00003588.sum,2022-09-05T00:10:47.510,28.700239,104.698878,9.053,1.193,3.613,0.255,30,79.1
20220905001048000_00003708.sum,2022-09-05T00:10:47.620,29.147803,100.085471,6.276,1.119,2.972,0.430,47,97.4
20220905001048000_00003768.sum,2022-09-05T00:10:47.615,29.160107,105.698136,21.999,4.172,7.284,0.287,20,238.2
20220905001048000_00003888.sum,2022-09-05T00:10:47.544,29.601432,100.077331,4.014,3.205,7.188,0.200,8,152.8
20220905001048000_00003948.sum,2022-09-05T00:10:47.658,29.604300,105.241216,14.228,14.246,17.655,0.236,8,211.6
20220905001048000_00004068.sum,2022-09-05T00:10:47.269,30.056608,100.068352,24.369,1.707,5.002,0.341,26,94.3
20220905001048000_00004128.sum,2022-09-05T00:10:47.852,30.059646,105.239226,14.545,2.530,5.056,0.483,34,115.1
20220905001048000_00004248.sum,2022-09-05T00:10:47.419,30.510208,100.048688,8.785,1.121,3.151,0.443,32,63.5
20220905001048000_00004308.sum,2022-09-05T00:10:47.901,30.497466,105.772629,3.535,3.030,4.652,0.431,34,241.1
20220905001048000_00004428.sum,2022-09-05T00:10:47.691,30.957179,101.094537,23.304,1.322,6.530,0.411,32,36.7
20220905001048000_00004488.sum,2022-09-05T00:10:48.765,30.926392,106.220356,21.881,6.146,10.776,0.292,18,264.9
20220905001048000_00004608.sum,2022-09-05T00:10:47.579,31.406381,100.552426,6.907,1.426,3.257,0.359,41,123.0
20220905001048000_00004668.sum,2022-09-05T00:10:47.343,31.397684,105.290086,13.332,4.341,5.663,0.296,23,237.4
20220905001048000_00004788.sum,2022-09-05T00:10:48.340,31.780984,100.005876,21.190,7.289,12.763,0.245,22,247.1
20220905001048000_00004848.sum,2022-09-05T00:10:47.617,31.832234,104.798735,11.142,3.734,4.875,0.234,32,231.0
20220905001048000_00004968.sum,2022-09-05T00:10:48.472,32.250990,100.012699,16.668,5.925,17.869,0.290,22,279.3
20220905001048000_00005028.sum,2022-09-05T00:10:47.991,32.251283,104.812199,20.091,5.599,11.566,0.266,19,294.9
20220905001048000_00005148.sum,2022-09-05T00:10:48.521,32.676667,99.970776,23.009,7.537,23.056,0.333,34,295.9
20220905001048000_00005208.sum,2022-09-05T00:10:48.080,32.718571,104.296060,12.384,4.982,12.935,0.383,36,277.9
20220905001048000_00005328.sum,2022-09-05T00:10:49.678,33.112635,99.401709,41.129,17.156,38.399,0.419,24,339.7
20220905001048000_00005388.sum,2022-09-05T00:10:50.611,33.149694,104.233841,40.884,13.146,38.047,0.768,17,323.4
20220905001049000_00000829.sum,,,,,,,,,
20220905001049000_00000949.sum,2022-09-05T00:10:50.228,22.410962,98.745019,39.700,40.853,50.634,0.175,13,351.0
20220905001049000_00001009.sum,2022-09-05T00:10:49.824,22.436113,103.139190,46.014,8.125,27.607,0.281,33,304.0
20220905001049000_00001129.sum,2022-09-05T00:10:49.600,22.779542,98.715374,42.894,11.422,28.154,0.347,35,336.1
20220905001049000_00001189.sum,2022-09-05T00:10:49.217,22.899676,103.146542,7.252,4.754,8.637,0.404,22,273.9
20220905001049000_00001309.sum,2022-09-05T00:11:01.938,23.606560,99.035467,56.430,27.084,33.554,0.457,28,315.4
20220905001049000_00001369.sum,2022-09-05T00:10:48.933,23.348391,102.639386,19.609,4.388,6.258,0.309,26,227.1
20220905001049000_00001429.sum,2022-09-05T00:10:49.241,23.264662,106.984007,38.732,31.792,39.744,0.305,25,349.5
20220905001049000_00001549.sum,2022-09-05T00:10:48.785,23.766489,102.160456,8.720,3.281,5.600,0.639,21,188.7
20220905001049000_00001609.sum,2022-09-05T00:10:49.510,23.720689,106.584312,42.118,6.919,27.251,0.408,38,322.0
20220905001049000_00001669.sum,,,,,,,,,
20220905001049000_00001729.sum,2022-09-05T00:10:48.164,24.199486,102.152826,14.220,1.446,5.251,0.316,28,79.3
20220905001049000_00001789.sum,2022-09-05T00:10:49.488,24.161446,106.560730,46.242,4.906,24.688,0.378,36,292.3
20220905001049000_00001849.sum,,,,,,,,,
20220905001049000_00001909.sum,2022-09-05T00:10:48.250,24.664850,102.161189,27.227,1.808,2.636,0.390,31,60.4
20220905001049000_00001969.sum,2022-09-05T00:10:49.751,24.640925,106.070276,36.953,8.351,13.417,0.496,25,264.0
20220905001049000_00002089.sum,2022-09-05T00:10:48.377,25.110019,101.666228,7.220,1.273,4.057,0.338,37,33.2
20220905001049000_00002149.sum,2022-09-05T00:10:48.829,25.093890,106.108091,10.436,3.786,5.912,0.559,24,241.4
20220905001049000_00002269.sum,2022-09-05T00:10:48.916,25.560986,101.155472,9.845,2.598,11.554,0.343,18,60.7
20220905001049000_00002329.sum,2022-09-05T00:10:48.653,25.554963,105.607746,28.196,3.720,4.780,0.349,31,218.5
20220905001049000_00002449.sum,2022-09-05T00:10:47.988,25.994951,100.665376,17.933,1.559,5.072,0.468,25,49.2
20220905001049000_00002509.sum,2022-09-05T00:10:48.158,26.003202,105.159911,18.479,2.594,7.801,0.351,21,169.4
20220905001049000_00002629.sum,2022-09-05T00:10:48.379,26.438299,100.148812,25.960,1.349,2.520,0.330,44,91.0
20220905001049000_00002689.sum,2022-09-05T00:10:48.514,26.449724,105.172569,5.665,2.307,5.646,0.429,45,87.8
20220905001049000_00002809.sum,2022-09-05T00:10:48.546,26.888871,99.644824,23.887,4.638,7.744,0.301,23,200.6
20220905001049000_00002869.sum,2022-09-05T00:10:48.253,26.909027,104.164227,18.388,1.739,5.427,0.616,37,27.1
20220905001049000_00002989.sum,2022-09-05T00:10:48.548,27.338193,99.120342,15.024,5.276,12.112,0.269,22,225.4
20220905001049000_00003049.sum,2022-09-05T00:10:48.348,27.362735,104.183006,25.977,1.382,3.601,0.452,34,54.7
20220905001049000_00003169.sum,2022-09-05T00:10:48.210,27.797819,99.592126,12.589,2.550,6.155,0.582,34,183.5
20220905001049000_00003229.sum,2022-09-05T00:10:48.533,27.797409,104.684983,5.191,2.033,8.497,0.242,16,101.7
20220905001049000_00003349.sum,2022-09-05T00:10:48.293,28.242601,100.114471,17.678,1.778,5.051,0.270,23,47.5
20220905001049000_00003409.sum,2022-09-05T00:10:49.120,28.220226,104.703262,22.031,9.841,12.419,0.243,12,186.6
20220905001049000_00003529.sum,2022-09-05T00:10:48.574,28.689155,99.589291,1.589,1.889,2.388,0.264,37,193.1
20220905001049000_00003589.sum,2022-09-05T00:10:48.948,28.726356,105.193263,26.778,4.312,8.769,0.363,18,105.8
20220905001049000_00003709.sum,2022-09-05T00:10:48.202,29.150571,100.086081,11.264,3.095,8.650,0.257,15,134.0
20220905001049000_00003769.sum,2022-09-05T00:10:49.069,29.160297,105.679687,30.296,5.083,6.300,0.226,17,231.7
20220905001049000_00003889.sum,2022-09-05T00:10:48.659,29.606022,100.582876,5.172,2.455,4.728,0.403,20,63.9
20220905001049000_00003949.sum,2022-09-05T00:10:48.381,29.607697,105.238936,22.424,2.148,3.362,0.455,30,168.6
20220905001049000_00004069.sum,2022-09-05T00:10:48.329,30.056729,100.064740,17.736,1.839,5.654,0.384,26,110.6
20220905001049000_00004129.sum,2022-09-05T00:10:48.367,30.060856,105.232198,29.250,2.241,3.461,0.331,41,121.1
20220905001049000_00004249.sum,2022-09-05T00:10:48.483,30.512308,100.051963,4.219,2.051,3.445,0.383,28,108.9
20220905001049000_00004309.sum,2022-09-05T00:10:48.480,30.490657,105.766051,23.880,3.722,6.168,0.695,31,210.4
20220905001049000_00004429.sum,2022-09-05T00:10:48.497,30.966254,101.089822,6.514,0.989,2.134,0.353,41,30.0
20220905001049000_00004489.sum,2022-09-05T00:10:49.559,30.951267,106.266256,22.188,4.117,9.192,0.641,33,269.5
20220905001049000_00004609.sum,2022-09-05T00:10:48.555,31.404528,100.563276,12.594,1.401,3.004,0.435,48,165.2
20220905001049000_00004669.sum,2022-09-05T00:10:48.325,31.410851,105.284727,16.900,4.614,5.997,0.260,23,212.9
20220905001049000_00004789.sum,2022-09-05T00:10:49.105,31.784995,100.018747,25.849,4.192,8.896,0.200,29,235.6
20220905001049000_00004849.sum,2022-09-05T00:10:49.073,31.808194,104.783603,25.366,4.709,5.952,0.619,26,260.8
20220905001049000_00004969.sum,2022-09-05T00:10:49.553,32.239352,99.989362,16.152,5.381,18.143,0.358,33,278.1
20220905001049000_00005029.sum,2022-09-05T00:10:49.512,32.239275,104.815446,14.072,5.511,11.711,0.283,14,287.7
20220905001049000_00005149.sum,2022-09-05T00:10:49.293,32.699935,99.976274,24.512,6.583,24.167,0.329,30,302.1
20220905001049000_00005209.sum,2022-09-05T00:10:48.956,32.701591,104.297762,16.919,8.509,23.930,0.152,11,284.1
20220905001049000_00005329.sum,2022-09-05T00:10:50.086,33.083764,99.336141,39.601,18.284,38.804,0.409,27,339.4
20220905001049000_00005389.sum,2022-09-05T00:10:50.288,29.688374,104.287217,51.636,12.093,24.462,1.234,34,321.6
20220905001050000_00000830.sum,,,,,,,,,
20220905001050000_00000950.sum,2022-09-05T00:10:50.851,22.389656,98.629212,40.080,35.708,44.319,0.445,28,350.2
20220905001050000_00001010.sum,2022-09-05T00:10:50.807,22.425222,103.133241,46.754,5.906,27.485,0.359,34,282.8
20220905001050000_00001130.sum,2022-09-05T00:10:51.031,22.798876,98.724027,43.311,9.252,27.726,0.290,29,335.4
20220905001050000_00001190.sum,2022-09-05T00:10:49.961,22.872764,103.133111,30.921,8.641,27.377,0.550,21,254.1
20220905001050000_00001310.sum,2022-09-05T00:10:50.913,23.276082,98.236757,42.845,15.548,31.810,0.248,28,340.4
20220905001050000_00001370.sum,2022-09-05T00:10:49.532,23.317032,102.638705,16.830,4.669,7.244,0.328,36,216.9
20220905001050000_00001430.sum,2022-09-05T00:10:50.711,23.245914,106.997588,38.562,33.774,41.851,0.315,18,349.3
20220905001050000_00001490.sum,,,,,,,,,
20220905001050000_00001550.sum,2022-09-05T00:10:49.677,23.758416,102.148390,9.601,2.484,5.718,0.410,33,197.3
20220905001050000_00001610.sum,2022-09-05T00:10:50.678,23.719522,106.569184,42.288,8.125,28.354,0.437,28,312.7
20220905001050000_00001670.sum,,,,,,,,,
20220905001050000_00001730.sum,2022-09-05T00:10:49.218,24.221880,102.153679,14.607,2.351,7.148,0.379,30,116.2
20220905001050000_00001790.sum,2022-09-05T00:10:50.512,24.173498,106.561239,39.374,4.985,21.039,0.433,45,295.2
20220905001050000_00001850.sum,,,,,,,,,
20220905001050000_00001910.sum,2022-09-05T00:10:49.292,24.658776,102.152441,1.838,1.741,2.213,0.340,20,71.4
20220905001050000_00001970.sum,2022-09-05T00:10:50.181,24.656747,106.632082,44.719,8.010,26.265,1.010,17,298.2
20220905001050000_00002090.sum,2022-09-05T00:10:48.817,25.117420,101.659254,16.937,2.948,11.669,0.248,10,153.2
20220905001050000_00002150.sum,2022-09-05T00:10:49.974,25.087336,106.092429,4.761,5.556,7.063,0.472,27,242.7
20220905001050000_00002270.sum,2022-09-05T00:10:49.021,25.557511,101.216527,28.659,5.765,16.178,0.570,12,101.0
20220905001050000_00002330.sum,2022-09-05T00:10:49.450,25.542777,105.620946,13.066,2.925,5.310,0.315,34,212.6
20220905001050000_00002450.sum,2022-09-05T00:10:49.516,25.987813,100.661717,10.950,1.383,3.667,0.650,40,35.7
20220905001050000_00002510.sum,2022-09-05T00:10:49.222,25.993603,105.147972,22.567,3.084,4.159,0.376,17,140.2
20220905001050000_00002630.sum,2022-09-05T00:10:49.347,26.438453,100.146161,27.743,1.649,4.190,0.372,32,95.1
20220905001050000_00002690.sum,2022-09-05T00:10:49.167,26.444452,105.182936,22.297,1.871,3.222,0.607,35,155.3
20220905001050000_00002810.sum,2022-09-05T00:10:49.503,26.895025,99.610048,7.986,2.601,9.901,0.325,33,188.2
20220905001050000_00002870.sum,2022-09-05T00:10:49.826,26.901182,104.157107,11.354,2.354,12.295,0.418,24,54.6
20220905001050000_00002990.sum,2022-09-05T00:10:49.887,27.338370,99.623915,6.114,2.702,7.045,0.300,28,184.8
20220905001050000_00003050.sum,2022-09-05T00:10:49.509,27.359253,104.177404,23.419,1.483,5.437,0.510,43,38.5
20220905001050000_00003170.sum,2022-09-05T00:10:49.555,27.791359,99.621815,12.012,3.364,4.375,0.564,23,196.4
20220905001050000_00003230.sum,2022-09-05T00:10:49.422,27.794694,104.690102,3.644,1.530,4.136,0.249,24,80.2
20220905001050000_00003350.sum,2022-09-05T00:10:49.382,28.249767,100.100335,14.594,1.612,5.615,0.413,38,71.8
20220905001050000_00003410.sum,2022-09-05T00:10:49.247,28.257164,104.698973,24.041,1.172,2.503,0.382,43,51.3
20220905001050000_00003530.sum,2022-09-05T00:10:49.332,28.692902,100.108010,13.133,1.389,5.539,0.407,37,73.5
20220905001050000_00003590.sum,2022-09-05T00:10:49.129,28.700793,105.220506,16.774,2.499,4.664,0.362,25,159.8
20220905001050000_00003710.sum,2022-09-05T00:10:49.099,29.162677,100.598486,11.181,1.727,5.994,0.358,29,118.9
20220905001050000_00003770.sum,2022-09-05T00:10:50.072,29.156852,105.713395,9.768,3.201,4.183,0.378,32,199.2
20220905001050000_00003890.sum,2022-09-05T00:10:49.415,29.608948,100.589587,12.318,1.980,9.212,0.228,14,53.8
20220905001050000_00003950.sum,2022-09-05T00:10:49.322,29.604361,105.231162,12.784,1.889,3.584,0.224,27,108.4
20220905001050000_00004070.sum,2022-09-05T00:10:49.406,30.058523,100.586842,14.703,1.555,5.752,0.449,30,47.7
20220905001050000_00004130.sum,2022-09-05T00:10:49.565,30.053996,105.283111,16.596,5.763,12.950,0.241,11,105.6
20220905001050000_00004250.sum,2022-09-05T00:10:49.440,30.505892,100.565565,9.023,1.924,7.057,0.384,18,63.6
20220905001050000_00004310.sum,2022-09-05T00:10:50.030,30.508222,105.739725,13.725,3.835,4.890,0.305,33,224.2
20220905001050000_00004430.sum,2022-09-05T00:10:49.537,30.966752,101.088355,12.957,1.230,4.228,0.335,33,43.4
20220905001050000_00004490.sum,2022-09-05T00:10:50.590,30.934823,106.220700,26.702,3.695,6.080,0.234,39,264.3
20220905001050000_00004610.sum,2022-09-05T00:10:49.628,31.396734,100.544858,26.322,3.407,6.689,0.295,18,164.6
20220905001050000_00004670.sum,2022-09-05T00:10:49.494,31.395382,105.304101,4.183,4.101,5.360,0.298,30,206.7
20220905001050000_00004790.sum,2022-09-05T00:10:49.908,31.849841,100.540908,9.146,5.068,6.301,0.356,26,238.3
20220905001050000_00004850.sum,2022-09-05T00:10:49.985,31.833352,105.318854,5.097,4.800,6.804,0.414,25,278.1
20220905001050000_00004970.sum,2022-09-05T00:10:51.256,32.265800,99.979489,17.652,6.621,19.029,0.455,24,294.4
20220905001050000_00005030.sum,2022-09-05T00:10:50.401,32.229850,105.333567,26.382,3.826,6.555,0.458,37,285.5
20220905001050000_00005150.sum,2022-09-05T00:10:51.795,32.657480,99.980123,36.445,8.064,24.859,0.629,30,295.6
20220905001050000_00005210.sum,2022-09-05T00:10:50.396,32.691500,104.830617,13.157,4.444,12.237,0.473,38,294.5
20220905001050000_00005330.sum,2022-09-05T00:10:50.504,33.110134,99.320329,37.822,14.105,38.178,0.473,34,336.9
20220905001050000_00005390.sum,2022-09-05T00:10:52.624,29.726841,104.152790,53.549,17.342,22.916,1.334,43,319.4
20220905001051000_00000831.sum,,,,,,,,,
20220905001051000_00000951.sum,2022-09-05T00:10:51.479,22.352145,98.828155,42.462,30.974,38.377,0.360,32,349.7
20220905001051000_00001011.sum,2022-09-05T00:10:51.555,22.424728,103.097092,13.238,8.323,22.896,0.376,24,289.2
20220905001051000_00001131.sum,2022-09-05T00:10:51.510,22.771368,98.715768,38.092,18.256,36.201,0.168,11,336.1
20220905001051000_00001191.sum,2022-09-05T00:10:50.646,22.883022,103.130033,21.171,3.664,5.795,0.458,35,243.4
20220905001051000_00001311.sum,2022-09-05T00:10:52.077,23.150295,98.232010,39.499,14.965,34.720,0.407,33,337.1
20220905001051000_00001371.sum,2022-09-05T00:10:51.119,23.350916,102.649006,25.198,4.458,6.533,0.582,28,224.5
20220905001051000_00001431.sum,2022-09-05T00:10:51.757,23.264536,107.078169,40.047,29.427,36.733,0.403,34,349.7
20220905001051000_00001491.sum,,,,,,,,,
20220905001051000_00001551.sum,2022-09-05T00:10:50.674,23.777143,102.163489,11.832,2.815,6.759,0.469,35,181.1
20220905001051000_00001611.sum,2022-09-05T00:10:51.156,23.704337,107.063148,39.079,16.902,34.302,0.212,23,339.3
20220905001051000_00001671.sum,,,,,,,,,
20220905001051000_00001731.sum,2022-09-05T00:10:50.572,24.216688,102.162573,11.162,1.414,5.266,0.441,27,59.7
20220905001051000_00001791.sum,2022-09-05T00:10:51.768,24.187481,107.097994,40.866,8.075,33.464,0.278,27,322.9
20220905001051000_00001851.sum,2022-09-05T00:10:50.046,24.640498,98.122716,37.765,12.852,38.017,0.268,12,298.0
20220905001051000_00001911.sum,2022-09-05T00:10:50.356,24.668663,102.158684,25.835,1.582,2.864,0.316,29,55.0
20220905001051000_00001971.sum,2022-09-05T00:10:50.896,24.628468,106.581641,4.477,5.160,6.842,0.255,27,274.4
20220905001051000_00002091.sum,2022-09-05T00:10:50.698,25.109353,101.654774,7.244,1.633,8.414,0.326,25,70.6
20220905001051000_00002151.sum,2022-09-05T00:10:51.556,25.081539,106.049015,19.835,6.674,11.959,0.223,14,234.1
20220905001051000_00002271.sum,2022-09-05T00:10:50.361,25.554956,101.171795,17.104,1.132,5.079,0.376,38,32.4
20220905001051000_00002331.sum,2022-09-05T00:10:50.335,25.537352,105.628668,16.898,2.804,5.138,0.490,35,211.4
20220905001051000_00002451.sum,2022-09-05T00:10:50.446,25.994727,100.654277,19.055,1.291,3.725,0.350,44,46.4
20220905001051000_00002511.sum,2022-09-05T00:10:50.373,25.994207,105.144296,22.583,1.692,4.150,0.353,28,73.0
20220905001051000_00002631.sum,2022-09-05T00:10:50.243,26.452255,100.647251,18.043,1.493,5.972,0.380,30,69.3
20220905001051000_00002691.sum,2022-09-05T00:10:50.459,26.442435,105.167444,11.400,2.249,6.164,0.406,37,180.4
20220905001051000_00002811.sum,2022-09-05T00:10:50.385,26.896510,99.644033,13.836,2.996,7.130,0.348,25,195.6
20220905001051000_00002871.sum,2022-09-05T00:10:50.510,26.902336,104.165223,2.438,1.152,2.755,0.430,45,32.2
20220905001051000_00002991.sum,2022-09-05T00:10:50.318,27.340683,99.624184,14.061,2.618,5.731,0.890,34,185.5
20220905001051000_00003051.sum,2022-09-05T00:10:50.283,27.348768,104.675572,15.354,1.529,7.020,0.566,32,62.8
20220905001051000_00003171.sum,2022-09-05T00:10:49.955,27.801492,99.587482,21.667,3.835,4.937,0.248,15,192.6
20220905001051000_00003231.sum,2022-09-05T00:10:50.430,27.798617,104.685570,13.282,1.515,4.798,0.336,30,47.6
20220905001051000_00003351.sum,2022-09-05T00:10:50.347,28.241663,100.109131,14.465,1.446,5.254,0.336,27,41.8
20220905001051000_00003411.sum,2022-09-05T00:10:50.402,28.254014,105.196847,26.083,3.261,4.751,0.356,19,156.8
20220905001051000_00003531.sum,2022-09-05T00:10:50.482,28.702866,100.102287,2.804,1.233,3.035,0.310,28,52.1
20220905001051000_00003591.sum,2022-09-05T00:10:50.098,28.710736,105.240252,21.043,8.262,13.823,0.338,11,179.8
20220905001051000_00003711.sum,2022-09-05T00:10:50.428,29.160347,100.603036,11.468,1.111,3.714,0.353,39,40.8
20220905001051000_00003771.sum,2022-09-05T00:10:51.090,29.142637,105.706139,14.071,7.026,10.046,0.455,15,225.8
20220905001051000_00003891.sum,2022-09-05T00:10:50.382,29.615274,100.587870,26.164,1.151,2.663,0.281,37,49.8
20220905001051000_00003951.sum,2022-09-05T00:10:50.649,29.617705,105.209203,28.173,3.320,4.177,0.275,32,181.3
20220905001051000_00004071.sum,2022-09-05T00:10:50.461,30.067120,100.582740,27.918,1.778,4.576,0.275,26,67.8
20220905001051000_00004131.sum,2022-09-05T00:10:50.351,30.044754,105.252986,19.206,2.183,2.988,0.360,38,100.6
20220905001051000_00004251.sum,2022-09-05T00:10:50.484,30.511001,100.572638,24.945,1.163,3.634,0.502,41,36.4
20220905001051000_00004311.sum,2022-09-05T00:10:51.128,30.493560,105.739666,13.907,2.648,3.486,0.283,34,214.6
20220905001051000_00004431.sum,2022-09-05T00:10:50.286,30.968226,101.615566,18.485,1.455,5.645,0.485,42,40.5
20220905001051000_00004491.sum,2022-09-05T00:10:51.600,30.943661,106.265126,8.420,6.215,9.042,0.287,39,264.6
20220905001051000_00004611.sum,2022-09-05T00:10:50.958,31.376890,100.554466,20.898,6.084,10.465,0.386,11,234.1
20220905001051000_00004671.sum,2022-09-05T00:10:50.451,31.383418,105.305254,17.772,1.992,2.959,0.560,41,162.3
20220905001051000_00004791.sum,2022-09-05T00:10:51.130,31.831296,100.551915,10.926,3.957,7.951,0.249,23,230.8
20220905001051000_00004851.sum,2022-09-05T00:10:50.921,31.826800,105.311275,3.543,7.093,8.789,0.308,19,274.1
20220905001051000_00004971.sum,2022-09-05T00:10:52.235,32.233568,99.985911,22.915,7.497,20.587,0.360,25,271.6
20220905001051000_00005031.sum,2022-09-05T00:10:51.307,32.229569,105.326190,26.471,5.132,8.794,0.290,21,289.6
20220905001051000_00005151.sum,2022-09-05T00:10:52.195,32.678395,99.924661,28.455,9.042,31.675,0.247,14,307.7
20220905001051000_00005211.sum,2022-09-05T00:10:50.737,32.709164,104.838298,24.336,8.448,24.732,0.339,23,293.8
20220905001051000_00005331.sum,2022-09-05T00:10:52.761,33.112485,99.373549,39.363,10.641,37.776,0.363,36,337.0
20220905001051000_00005391.sum,2022-09-05T00:10:53.923,29.843170,104.254148,54.982,9.865,19.370,1.304,47,316.8
20220905001052000_00000832.sum,,,,,,,,,
20220905001052000_00000952.sum,2022-09-05T00:10:52.375,22.380569,98.684035,41.680,32.970,40.898,0.415,23,350.2
20220905001052000_00001012.sum,2022-09-05T00:10:52.666,22.378654,103.108115,28.366,13.043,39.658,0.251,13,299.7
20220905001052000_00001132.sum,2022-09-05T00:10:52.336,22.807093,98.738477,46.570,9.093,25.017,0.446,32,336.4
20220905001052000_00001192.sum,2022-09-05T00:10:52.317,22.867138,103.115248,34.207,8.755,26.572,0.159,13,262.6
20220905001052000_00001312.sum,2022-09-05T00:10:53.008,23.206009,98.284399,41.956,25.098,34.790,0.201,14,337.0
20220905001052000_00001372.sum,2022-09-05T00:10:52.074,23.339467,103.132179,27.600,2.965,3.946,0.374,44,218.8
20220905001052000_00001432.sum,2022-09-05T00:10:52.418,23.232767,106.960957,39.382,26.544,34.917,0.178,27,349.5
20220905001052000_00001492.sum,,,,,,,,,
20220905001052000_00001552.sum,2022-09-05T00:10:51.588,23.773272,102.652274,28.224,2.692,3.371,0.480,45,183.0
20220905001052000_00001612.sum,2022-09-05T00:10:52.579,23.730436,107.051905,39.363,14.492,34.711,0.296,21,337.6
20220905001052000_00001672.sum,,,,,,,,,
20220905001052000_00001732.sum,2022-09-05T00:10:51.363,24.212468,102.159994,18.839,1.674,7.796,0.350,28,82.2
20220905001052000_00001792.sum,2022-09-05T00:10:53.244,24.194931,107.083267,40.614,10.803,34.094,0.432,18,323.2
20220905001052000_00001852.sum,2022-09-05T00:10:51.920,24.632734,98.244849,13.324,5.949,19.870,0.438,27,295.6
20220905001052000_00001912.sum,2022-09-05T00:10:51.360,24.665301,102.173885,26.163,1.958,3.943,0.272,20,63.9
20220905001052000_00001972.sum,2022-09-05T00:10:52.515,24.634598,106.541488,9.570,6.279,8.890,0.204,23,282.8
20220905001052000_00002092.sum,2022-09-05T00:10:51.185,25.120913,101.646397,18.736,2.369,6.882,0.264,13,108.9
20220905001052000_00002152.sum,2022-09-05T00:10:52.399,25.090444,106.064793,7.603,10.521,13.074,0.271,12,258.6
20220905001052000_00002272.sum,2022-09-05T00:10:51.531,25.569023,101.160417,24.548,1.587,4.234,0.492,36,44.5
20220905001052000_00002332.sum,2022-09-05T00:10:51.518,25.542314,105.630677,24.072,5.359,6.654,0.505,25,227.3
20220905001052000_00002452.sum,2022-09-05T00:10:51.187,26.021920,100.658034,17.108,2.166,6.424,0.997,20,77.0
20220905001052000_00002512.sum,2022-09-05T00:10:51.555,25.992669,105.146781,7.859,2.303,6.429,0.418,26,136.9
20220905001052000_00002632.sum,2022-09-05T00:10:52.160,26.451148,100.646816,11.288,1.314,8.929,0.469,30,46.3
20220905001052000_00002692.sum,2022-09-05T00:10:51.815,26.456779,105.135869,16.593,2.092,6.572,0.289,22,134.6
20220905001052000_00002812.sum,2022-09-05T00:10:51.044,26.894934,99.622024,14.633,3.086,6.830,0.385,27,182.4
20220905001052000_00002872.sum,2022-09-05T00:10:51.447,26.898045,104.670334,3.748,1.893,3.994,0.661,31,122.2
20220905001052000_00002992.sum,2022-09-05T00:10:51.635,27.349955,99.644701,17.759,2.458,7.249,0.359,36,178.0
20220905001052000_00003052.sum,2022-09-05T00:10:51.203,27.347027,104.687915,14.792,2.151,5.615,0.199,16,95.2
20220905001052000_00003172.sum,2022-09-05T00:10:51.521,27.801418,99.612263,24.589,2.846,3.784,0.272,29,191.7
20220905001052000_00003232.sum,2022-09-05T00:10:51.140,27.796917,104.682707,21.618,1.477,3.988,0.629,36,63.9
20220905001052000_00003352.sum,2022-09-05T00:10:51.495,28.247244,100.117966,7.252,2.331,5.615,0.271,25,138.5
20220905001052000_00003412.sum,2022-09-05T00:10:51.583,28.245971,105.215346,5.563,2.818,5.677,0.397,19,156.9
20220905001052000_00003532.sum,2022-09-05T00:10:51.572,28.704342,100.100343,26.615,1.525,5.353,0.378,34,55.0
20220905001052000_00003592.sum,2022-09-05T00:10:51.610,28.708684,105.214654,4.528,2.447,3.296,0.399,31,159.6
20220905001052000_00003712.sum,2022-09-05T00:10:51.303,29.156024,100.605570,17.543,1.487,3.689,0.421,38,65.4
20220905001052000_00003772.sum,2022-09-05T00:10:51.793,29.141360,105.718797,12.961,2.698,3.679,0.196,31,220.3
20220905001052000_00003892.sum,2022-09-05T00:10:51.469,29.617682,100.590177,2.689,1.215,3.235,0.194,32,64.6
20220905001052000_00003952.sum,2022-09-05T00:10:51.738,29.595249,105.717293,27.650,4.200,5.359,0.418,30,210.6
20220905001052000_00004072.sum,2022-09-05T00:10:51.561,30.056008,100.586100,16.146,1.506,7.587,0.384,26,47.9
20220905001052000_00004132.sum,2022-09-05T00:10:51.269,30.070418,105.225502,16.492,5.523,6.846,0.369,17,204.2
20220905001052000_00004252.sum,2022-09-05T00:10:51.383,30.511171,100.570046,9.491,1.540,9.030,0.461,27,72.8
20220905001052000_00004312.sum,2022-09-05T00:10:52.199,30.497403,106.281586,12.262,7.089,9.286,0.777,26,258.1
20220905001052000_00004432.sum,2022-09-05T00:10:51.336,30.967600,101.617282,16.646,1.676,6.559,0.444,39,105.8
20220905001052000_00004492.sum,2022-09-05T00:10:52.100,30.940318,106.275972,24.245,7.758,9.616,0.334,30,268.4
20220905001052000_00004612.sum,2022-09-05T00:10:51.555,31.407301,100.565355,25.979,2.262,3.653,0.346,17,95.2
20220905001052000_00004672.sum,2022-09-05T00:10:51.652,31.385826,105.798277,27.264,3.860,6.210,0.242,26,271.8
20220905001052000_00004792.sum,2022-09-05T00:10:51.607,31.840693,100.541483,25.850,4.602,8.733,0.234,30,223.6
20220905001052000_00004852.sum,2022-09-05T00:10:51.681,31.840385,105.314051,8.602,5.467,7.182,1.191,21,277.4
20220905001052000_00004972.sum,2022-09-05T00:10:52.055,32.276844,100.526587,24.797,6.867,19.290,0.401,45,256.3
20220905001052000_00005032.sum,2022-09-05T00:10:52.254,32.249766,105.312003,19.337,5.409,12.031,0.295,21,292.2
20220905001052000_00005152.sum,2022-09-05T00:10:53.602,32.708291,100.520085,26.664,10.351,27.613,0.295,26,283.6
20220905001052000_00005212.sum,2022-09-05T00:10:52.065,32.744591,104.837654,9.985,7.361,13.447,0.289,25,290.8
20220905001052000_00005332.sum,2022-09-05T00:10:53.052,33.130819,99.380071,40.019,10.939,38.109,0.363,36,337.1
20220905001052000_00005392.sum,2022-09-05T00:10:53.259,29.820394,104.183518,40.515,18.302,39.416,1.386,27,322.3
20220905001053000_00000833.sum,,,,,,,,,
20220905001053000_00000953.sum,2022-09-05T00:10:53.792,22.392236,98.653668,40.211,31.186,38.729,0.310,20,350.2
20220905001053000_00001013.sum,2022-09-05T00:10:53.306,22.395572,103.623315,27.577,8.967,32.465,0.245,30,285.7
20220905001053000_00001133.sum,2022-09-05T00:10:53.366,22.862050,99.235553,7.619,6.390,7.925,0.227,26,317.2
20220905001053000_00001193.sum,2022-09-05T00:10:53.237,22.879534,103.131213,9.683,7.340,12.709,0.655,20,261.8
20220905001053000_00001313.sum,2022-09-05T00:10:54.222,23.185437,98.179319,38.187,24.125,35.901,0.329,21,345.1
20220905001053000_00001373.sum,2022-09-05T00:10:53.143,23.326470,103.137002,6.263,4.644,7.404,0.259,25,219.0
20220905001053000_00001433.sum,2022-09-05T00:10:53.819,23.103417,106.881986,38.328,55.593,68.873,0.291,16,351.4
20220905001053000_00001493.sum,,,,,,,,,
20220905001053000_00001553.sum,2022-09-05T00:10:53.079,23.813098,102.619513,16.944,7.128,12.012,0.255,13,229.2
20220905001053000_00001613.sum,2022-09-05T00:10:53.954,23.710896,107.145458,39.477,10.362,34.373,0.785,36,336.3
20220905001053000_00001673.sum,,,,,,,,,
20220905001053000_00001733.sum,2022-09-05T00:10:52.167,24.199068,102.157269,20.706,3.058,7.666,0.379,28,164.3
20220905001053000_00001793.sum,2022-09-05T00:10:54.033,24.146473,107.151649,33.351,15.359,40.358,0.268,12,319.4
20220905001053000_00001853.sum,2022-09-05T00:10:53.469,24.632389,98.225828,15.444,6.714,21.611,0.444,33,295.8
20220905001053000_00001913.sum,2022-09-05T00:10:52.232,24.654828,102.156825,27.124,1.102,2.902,0.450,34,45.7
20220905001053000_00001973.sum,2022-09-05T00:10:52.684,24.621231,106.589340,37.592,7.446,24.908,0.436,18,285.6
20220905001053000_00002093.sum,2022-09-05T00:10:52.382,25.104988,101.666025,27.478,1.588,3.158,0.306,30,44.7
20220905001053000_00002153.sum,2022-09-05T00:10:53.124,25.090542,106.093024,32.322,5.717,11.686,0.450,31,242.6
20220905001053000_00002273.sum,2022-09-05T00:10:52.346,25.560693,101.152053,9.212,1.973,5.511,0.229,19,79.8
20220905001053000_00002333.sum,2022-09-05T00:10:52.301,25.547491,105.635970,1.534,3.514,4.354,0.288,35,214.9
20220905001053000_00002453.sum,2022-09-05T00:10:52.743,25.999989,100.651863,4.770,1.009,3.108,0.224,32,53.2
20220905001053000_00002513.sum,2022-09-05T00:10:52.302,25.994466,105.157779,18.250,2.319,3.951,0.213,20,101.6
20220905001053000_00002633.sum,2022-09-05T00:10:52.192,26.440634,100.657839,16.790,2.298,6.438,0.298,17,70.0
20220905001053000_00002693.sum,2022-09-05T00:10:52.383,26.453473,105.165701,25.890,2.156,2.856,0.404,36,155.9
20220905001053000_00002813.sum,2022-09-05T00:10:52.326,26.899633,99.613385,3.052,2.862,3.609,0.180,30,186.7
20220905001053000_00002873.sum,2022-09-05T00:10:52.281,26.893683,104.658666,19.452,1.555,5.279,0.289,25,54.9
20220905001053000_00002993.sum,2022-09-05T00:10:52.521,27.348884,99.632227,26.499,2.863,4.237,0.355,28,185.6
20220905001053000_00003053.sum,2022-09-05T00:10:52.348,27.356079,104.658158,27.974,3.006,5.860,0.308,14,108.1
20220905001053000_00003173.sum,2022-09-05T00:10:08.359,32.298025,97.400927,35.425,312.416,387.040,1.570,14,311.5
20220905001053000_00003233.sum,2022-09-05T00:10:52.324,27.793685,105.181925,9.003,1.887,5.728,0.323,23,90.2
20220905001053000_00003353.sum,2022-09-05T00:10:52.249,28.245179,100.111625,10.813,1.457,6.369,0.412,35,79.7
20220905001053000_00003413.sum,2022-09-05T00:10:52.313,28.251611,105.201614,18.511,2.576,3.535,0.336,29,96.8
20220905001053000_00003533.sum,2022-09-05T00:10:52.513,28.714110,100.114570,23.931,2.652,5.443,0.236,21,154.4
20220905001053000_00003593.sum,2022-09-05T00:10:52.358,28.700559,105.212548,17.444,1.960,2.465,0.480,37,165.2
20220905001053000_00003713.sum,2022-09-05T00:10:52.588,29.161091,100.600018,18.971,1.715,5.815,0.312,28,97.8
20220905001053000_00003773.sum,2022-09-05T00:10:53.022,29.145543,106.241784,11.139,4.367,7.275,0.330,48,240.6
20220905001053000_00003893.sum,2022-09-05T00:10:52.203,29.603228,100.599053,17.759,1.927,8.480,0.242,21,82.3
20220905001053000_00003953.sum,2022-09-05T00:10:52.534,29.596233,105.726758,26.998,4.027,5.902,0.339,23,213.8
20220905001053000_00004073.sum,2022-09-05T00:10:52.249,30.064269,100.586601,19.217,1.165,3.266,0.244,35,41.1
20220905001053000_00004133.sum,2022-09-05T00:10:52.889,30.054391,105.733797,24.504,3.724,4.891,0.209,26,222.0
20220905001053000_00004253.sum,2022-09-05T00:10:52.516,30.513273,100.571237,9.195,1.143,4.761,0.557,41,47.8
20220905001053000_00004313.sum,2022-09-05T00:10:53.526,30.500239,106.269553,13.235,6.357,11.444,0.334,24,250.8
20220905001053000_00004433.sum,2022-09-05T00:10:52.522,30.978322,101.611696,24.880,1.555,4.864,0.483,43,45.5
20220905001053000_00004493.sum,2022-09-05T00:10:53.744,30.946546,106.286243,13.751,6.675,13.353,0.280,23,269.0
20220905001053000_00004613.sum,2022-09-05T00:10:52.619,31.411882,101.070955,24.296,2.410,3.971,0.380,31,158.3
20220905001053000_00004673.sum,2022-09-05T00:10:53.246,31.396503,105.788079,9.287,5.736,9.311,0.352,25,266.5
20220905001053000_00004793.sum,2022-09-05T00:10:53.270,31.809027,100.555326,14.174,3.222,8.164,0.469,34,212.5
20220905001053000_00004853.sum,2022-09-05T00:10:52.695,31.818383,105.303286,21.835,3.811,4.875,0.766,24,274.4
20220905001053000_00004973.sum,2022-09-05T00:10:52.928,32.268149,100.507750,25.303,6.878,19.652,0.308,33,252.8
20220905001053000_00005033.sum,2022-09-05T00:10:53.239,32.235555,105.330383,25.634,3.342,5.540,0.447,45,289.3
20220905001053000_00005153.sum,2022-09-05T00:10:54.123,32.667977,100.530009,24.075,14.207,25.339,0.243,29,285.2
20220905001053000_00005213.sum,2022-09-05T00:10:53.451,32.681089,104.843426,15.536,5.313,12.545,0.476,49,290.9
20220905001053000_00005333.sum,2022-09-05T00:10:54.346,33.113206,99.420833,42.527,14.438,37.658,0.384,31,336.9
20220905001053000_00005393.sum,2022-09-05T00:10:53.254,33.192632,104.183834,34.271,13.953,42.644,0.364,25,314.3
20220905001054000_00000834.sum,,,,,,,,,
20220905001054000_00000954.sum,2022-09-05T00:10:54.395,22.410569,98.697219,43.611,29.919,37.066,0.513,27,350.0
20220905001054000_00001014.sum,2022-09-05T00:10:53.938,22.406310,103.620108,45.051,7.635,28.632,0.462,32,281.9
20220905001054000_00001134.sum,2022-09-05T00:10:54.662,22.871087,99.261919,18.575,4.874,11.587,0.377,41,318.8
20220905001054000_00001194.sum,2022-09-05T00:10:54.182,22.897129,103.134188,16.493,4.389,8.938,0.465,32,259.2
20220905001054000_00001314.sum,2022-09-05T00:10:55.738,23.164754,98.243941,39.203,18.625,35.372,0.550,27,337.3
20220905001054000_00001374.sum,2022-09-05T00:10:53.891,23.339861,103.135270,23.407,2.899,4.430,0.287,38,220.0
20220905001054000_00001494.sum,,,,,,,,,
20220905001054000_00001554.sum,2022-09-05T00:10:53.620,23.778995,102.651696,27.032,2.063,2.578,0.326,39,172.5
20220905001054000_00001614.sum,2022-09-05T00:10:54.424,23.762066,107.061164,40.177,12.472,33.745,0.470,30,334.9
20220905001054000_00001674.sum,,,,,,,,,
20220905001054000_00001734.sum,2022-09-05T00:10:53.436,24.212160,102.157031,8.463,1.213,4.367,0.429,33,64.5
20220905001054000_00001794.sum,2022-09-05T00:10:54.504,24.148157,107.131364,35.774,13.627,38.026,0.432,27,321.2
20220905001054000_00001854.sum,2022-09-05T00:10:54.750,24.674458,98.184562,42.053,9.690,34.810,0.300,13,301.3
20220905001054000_00001914.sum,2022-09-05T00:10:53.710,24.660203,102.649684,3.844,1.132,3.391,0.576,48,40.6
20220905001054000_00001974.sum,2022-09-05T00:10:53.652,24.609655,106.628959,37.555,7.193,29.541,0.516,29,289.3
20220905001054000_00002094.sum,2022-09-05T00:10:53.608,25.107288,101.655475,15.373,2.246,9.945,0.271,17,83.3
20220905001054000_00002154.sum,2022-09-05T00:10:54.327,25.090186,106.573032,5.122,5.180,7.231,0.316,30,276.2
20220905001054000_00002274.sum,2022-09-05T00:10:53.257,25.568553,101.663468,28.755,1.550,4.004,0.601,24,54.0
20220905001054000_00002334.sum,2022-09-05T00:10:53.459,25.546832,105.622112,6.468,2.663,6.203,0.382,34,210.1
20220905001054000_00002454.sum,2022-09-05T00:10:53.201,26.013527,101.146309,21.670,1.831,5.421,0.295,24,59.1
20220905001054000_00002514.sum,2022-09-05T00:10:53.341,26.001806,105.135175,11.810,1.804,3.229,0.350,30,134.6
20220905001054000_00002634.sum,2022-09-05T00:10:53.665,26.448297,100.651830,5.324,1.044,4.838,0.201,34,36.9
20220905001054000_00002694.sum,2022-09-05T00:10:53.184,26.452762,105.158672,22.816,2.879,5.113,0.387,27,162.0
20220905001054000_00002814.sum,2022-09-05T00:10:53.544,26.897661,99.652947,16.806,2.134,8.354,0.409,33,178.7
20220905001054000_00002874.sum,2022-09-05T00:10:53.141,26.896506,104.691023,18.214,3.404,10.190,0.263,19,149.0
20220905001054000_00002994.sum,2022-09-05T00:10:53.186,27.339254,99.596748,19.109,3.641,9.266,0.260,22,191.9
20220905001054000_00003054.sum,2022-09-05T00:10:53.299,27.349719,104.670413,18.141,1.487,3.972,0.476,32,89.9
20220905001054000_00003174.sum,2022-09-05T00:10:53.302,27.787562,99.605041,12.748,2.256,6.001,0.476,38,179.7
20220905001054000_00003234.sum,2022-09-05T00:10:53.448,27.806251,105.185774,23.788,1.439,3.250,0.262,29,101.0
20220905001054000_00003354.sum,2022-09-05T00:10:53.618,28.247469,100.618172,7.093,1.203,3.198,0.310,39,35.0
20220905001054000_00003414.sum,2022-09-05T00:10:53.403,28.242704,105.208109,17.144,2.042,3.075,0.378,30,155.2
20220905001054000_00003534.sum,2022-09-05T00:10:53.455,28.705795,100.089017,19.899,1.507,7.805,0.388,43,98.1
20220905001054000_00003594.sum,2022-09-05T00:10:53.856,28.696473,105.705676,15.632,3.469,4.352,0.273,30,212.4
20220905001054000_00003714.sum,2022-09-05T00:10:53.419,29.163075,100.596128,2.747,1.094,3.051,0.252,25,67.0
20220905001054000_00003774.sum,2022-09-05T00:10:54.528,29.154985,106.185747,25.379,4.776,7.955,0.323,27,243.4
20220905001054000_00003894.sum,2022-09-05T00:10:53.395,29.611426,100.582008,14.111,2.020,15.837,0.293,19,73.2
20220905001054000_00003954.sum,2022-09-05T00:10:53.903,29.603948,105.726911,24.307,3.035,6.140,0.412,40,209.3
20220905001054000_00004074.sum,2022-09-05T00:10:53.474,30.058178,100.580661,2.384,1.046,3.865,0.305,36,43.4
20220905001054000_00004134.sum,2022-09-05T00:10:53.674,30.045037,105.759037,20.955,3.820,5.843,0.283,32,219.0
20220905001054000_00004254.sum,2022-09-05T00:10:53.503,30.509518,100.571463,24.756,1.809,5.335,0.469,26,45.9
20220905001054000_00004314.sum,2022-09-05T00:10:54.302,30.505586,106.260609,22.897,3.509,7.197,0.233,36,255.0
20220905001054000_00004434.sum,2022-09-05T00:10:53.147,30.974971,101.614990,24.203,1.209,3.326,0.635,48,44.5
20220905001054000_00004494.sum,2022-09-05T00:10:54.309,30.957135,106.268684,24.960,4.083,7.428,0.307,40,268.2
20220905001054000_00004614.sum,2022-09-05T00:10:53.560,31.400417,101.066319,16.674,2.958,8.165,0.287,28,179.0
20220905001054000_00004674.sum,2022-09-05T00:10:53.814,31.397898,105.823851,4.790,5.221,7.678,0.281,29,285.8
20220905001054000_00004794.sum,2022-09-05T00:10:53.812,31.835025,100.545098,27.512,2.707,8.507,0.276,44,215.8
20220905001054000_00004854.sum,2022-09-05T00:10:53.666,31.824465,105.313309,13.072,3.311,4.995,0.376,42,255.6
20220905001054000_00004974.sum,2022-09-05T00:10:54.772,32.288521,100.530645,19.448,5.750,19.632,0.518,18,261.5
20220905001054000_00005034.sum,2022-09-05T00:10:54.672,32.262577,105.320490,15.480,10.199,16.701,0.414,23,293.4
20220905001054000_00005154.sum,2022-09-05T00:10:54.834,32.701060,100.524462,21.102,11.248,26.159,0.286,15,287.5
20220905001054000_00005214.sum,2022-09-05T00:10:54.642,32.687453,104.830824,10.334,4.892,11.879,0.502,43,290.7
20220905001054000_00005334.sum,2022-09-05T00:10:55.225,33.123366,99.384520,42.354,11.765,37.777,0.435,41,337.1
20220905001054000_00005394.sum,2022-09-05T00:10:55.115,33.234369,104.843574,43.940,11.021,34.990,0.383,24,322.6
20220905001055000_00000835.sum,,,,,,,,,
20220905001055000_00000955.sum,2022-09-05T00:10:56.141,22.340308,98.713425,41.003,31.275,38.872,0.469,28,350.2
20220905001055000_00001015.sum,2022-09-05T00:10:55.488,22.381787,103.622016,35.403,8.567,33.476,0.397,41,284.5
20220905001055000_00001135.sum,2022-09-05T00:10:55.412,22.839724,99.255977,41.250,12.152,29.740,0.264,11,324.7
20220905001055000_00001195.sum,2022-09-05T00:10:54.979,22.869259,103.614786,4.754,4.112,5.673,0.418,32,245.9
20220905001055000_00001315.sum,2022-09-05T00:10:55.363,23.251837,98.788541,17.444,8.281,13.952,0.535,35,318.9
20220905001055000_00001375.sum,2022-09-05T00:10:55.149,23.346283,103.135531,8.198,3.362,8.021,0.411,40,230.7
20220905001055000_00001495.sum,,,,,,,,,
20220905001055000_00001555.sum,2022-09-05T00:10:54.397,23.762962,102.646259,11.387,2.800,4.750,0.230,26,195.5
20220905001055000_00001615.sum,2022-09-05T00:11:08.498,23.785982,106.318196,34.789,38.896,48.346,0.502,27,318.4
20220905001055000_00001675.sum,,,,,,,,,
20220905001055000_00001735.sum,2022-09-05T00:10:54.199,24.183403,102.643373,11.086,7.273,25.253,0.204,11,140.2
20220905001055000_00001795.sum,2022-09-05T00:10:55.682,24.172751,107.033854,39.479,8.047,32.857,0.397,46,319.2
20220905001055000_00001855.sum,2022-09-05T00:10:55.104,24.645392,98.233065,35.296,7.112,24.819,0.283,36,291.8
20220905001055000_00001915.sum,2022-09-05T00:10:54.292,24.655759,102.638703,10.828,2.463,8.548,0.309,13,68.4
20220905001055000_00001975.sum,2022-09-05T00:10:56.579,24.633394,106.565531,54.824,7.227,18.271,0.392,28,278.7
20220905001055000_00002095.sum,2022-09-05T00:10:54.446,25.108329,101.658985,25.650,1.469,2.489,0.292,34,64.0
20220905001055000_00002155.sum,2022-09-05T00:10:54.261,25.077400,106.632185,36.859,8.484,29.894,0.601,11,298.1
20220905001055000_00002275.sum,2022-09-05T00:10:54.273,25.557613,101.647530,17.659,1.306,4.179,0.444,44,22.0
20220905001055000_00002335.sum,2022-09-05T00:10:54.508,25.554080,105.620356,10.234,5.804,10.185,0.366,14,226.8
20220905001055000_00002455.sum,2022-09-05T00:10:54.397,26.001437,101.154911,18.971,1.306,4.778,0.414,46,42.0
20220905001055000_00002515.sum,2022-09-05T00:10:54.803,25.989550,105.622169,23.993,3.458,4.305,0.427,34,229.3
20220905001055000_00002635.sum,2022-09-05T00:10:54.300,26.447288,100.648349,13.793,1.151,5.155,0.413,32,31.3
20220905001055000_00002695.sum,2022-09-05T00:10:54.461,26.440038,105.165460,4.405,2.256,4.490,0.201,21,138.2
20220905001055000_00002815.sum,2022-09-05T00:10:54.834,26.897429,100.124308,7.154,1.646,6.921,0.263,29,52.1
20220905001055000_00002875.sum,2022-09-05T00:10:54.393,26.896637,104.653128,22.549,1.465,5.001,0.377,31,74.9
20220905001055000_00002995.sum,2022-09-05T00:10:54.288,27.350544,100.127207,12.506,1.108,4.527,0.317,47,41.0
20220905001055000_00003055.sum,2022-09-05T00:10:54.580,27.348903,104.689896,9.996,1.246,5.713,0.377,25,75.1
20220905001055000_00003175.sum,2022-09-05T00:10:54.246,27.809348,100.100711,18.831,2.911,6.972,0.325,21,164.3
20220905001055000_00003235.sum,2022-09-05T00:10:54.049,27.806557,105.222832,4.751,3.540,5.769,0.266,17,180.6
20220905001055000_00003355.sum,2022-09-05T00:10:54.396,28.264147,100.610923,15.131,1.254,3.652,0.469,35,46.3
20220905001055000_00003415.sum,2022-09-05T00:10:54.424,28.245941,105.207772,24.392,3.813,5.405,0.338,25,174.5
20220905001055000_00003535.sum,2022-09-05T00:10:54.680,28.705148,100.097346,17.783,1.280,5.918,0.339,39,84.2
20220905001055000_00003595.sum,2022-09-05T00:10:55.073,28.706371,105.689924,18.596,4.393,5.947,0.383,27,202.3
20220905001055000_00003715.sum,2022-09-05T00:10:54.395,29.162159,101.115378,1.770,1.095,2.261,0.388,44,25.6
20220905001055000_00003775.sum,2022-09-05T00:10:55.074,29.154737,106.217175,15.321,4.213,7.911,0.391,27,234.3
20220905001055000_00003895.sum,2022-09-05T00:10:54.133,29.618464,101.101843,15.102,1.466,6.692,0.415,28,38.4
20220905001055000_00003955.sum,2022-09-05T00:10:54.990,29.606071,105.733143,11.614,3.020,3.976,0.366,37,205.5
20220905001055000_00004075.sum,2022-09-05T00:10:54.289,30.065717,101.113362,20.831,1.108,5.219,0.305,37,44.7
20220905001055000_00004135.sum,2022-09-05T00:10:54.817,30.046280,105.744503,14.619,2.029,3.490,0.367,47,215.1
20220905001055000_00004255.sum,2022-09-05T00:10:54.128,30.512311,101.087325,21.446,1.377,7.460,0.420,43,36.6
20220905001055000_00004315.sum,2022-09-05T00:10:54.865,30.499636,106.279806,12.941,9.411,16.400,0.179,14,271.3
20220905001055000_00004435.sum,2022-09-05T00:10:54.374,30.972753,101.624751,3.151,1.321,6.466,0.412,38,79.1
20220905001055000_00004495.sum,2022-09-05T00:10:55.167,30.993749,106.825498,29.298,11.648,32.859,0.369,12,295.0
20220905001055000_00004615.sum,2022-09-05T00:10:54.193,31.423010,101.084269,19.020,2.184,5.181,0.684,34,141.3
20220905001055000_00004675.sum,2022-09-05T00:10:55.560,31.404158,105.740163,21.250,9.221,11.656,0.230,15,288.5
20220905001055000_00004795.sum,2022-09-05T00:10:55.343,31.818957,100.534363,3.849,3.736,6.552,0.285,29,236.5
20220905001055000_00004855.sum,2022-09-05T00:10:55.095,31.791903,105.306011,25.897,5.378,7.053,0.257,26,288.6
20220905001055000_00004975.sum,2022-09-05T00:10:54.947,32.267178,100.519461,16.518,6.340,17.886,0.396,25,271.8
20220905001055000_00005035.sum,2022-09-05T00:10:55.448,32.219520,105.346079,20.525,5.222,7.035,0.241,29,301.8
20220905001055000_00005155.sum,2022-09-05T00:10:56.143,32.665072,100.522678,22.764,8.218,21.384,0.304,40,281.5
20220905001055000_00005215.sum,2022-09-05T00:10:55.324,32.704743,104.821538,10.585,5.161,11.932,0.310,39,290.4
20220905001055000_00005335.sum,2022-09-05T00:10:57.911,33.102562,99.946338,41.487,15.446,38.717,0.420,14,325.1
20220905001055000_00005395.sum,2022-09-05T00:10:55.652,33.216026,104.816953,31.719,13.009,41.680,0.247,26,322.1
20220905001056000_00000836.sum,,,,,,,,,
20220905001056000_00000956.sum,2022-09-05T00:10:55.984,22.347405,98.701849,37.436,38.826,48.131,0.525,22,349.5
20220905001056000_00001016.sum,2022-09-05T00:10:56.258,22.352910,103.613053,40.092,18.635,34.072,0.114,9,291.5
20220905001056000_00001136.sum,2022-09-05T00:11:00.980,22.994538,99.360021,51.637,28.495,35.314,0.531,25,319.4
20220905001056000_00001196.sum,2022-09-05T00:10:56.711,22.923236,103.621024,36.236,8.324,15.240,0.294,20,259.6
20220905001056000_00001316.sum,2022-09-05T00:10:56.249,23.278423,98.780601,8.967,6.000,8.396,0.335,40,315.7
20220905001056000_00001376.sum,2022-09-05T00:10:56.293,23.358738,103.131068,17.744,3.787,5.911,0.377,34,230.9
20220905001056000_00001496.sum,2022-09-05T00:10:56.659,23.673037,98.213509,24.942,9.364,31.525,0.331,40,323.8
20220905001056000_00001556.sum,2022-09-05T00:10:55.417,23.752143,102.655943,8.346,2.106,4.826,0.338,32,179.9
20220905001056000_00001676.sum,2022-09-05T00:10:55.914,24.179620,98.231647,31.407,10.188,35.141,0.192,12,320.4
20220905001056000_00001736.sum,2022-09-05T00:10:55.537,24.207978,102.649715,1.224,1.096,1.672,0.409,48,63.0
20220905001056000_00001796.sum,2022-09-05T00:10:56.745,24.177498,107.037188,41.927,6.621,30.315,0.397,44,320.1
20220905001056000_00001856.sum,2022-09-05T00:10:56.995,24.641186,98.242375,46.718,7.087,31.512,0.390,35,284.8
20220905001056000_00001916.sum,2022-09-05T00:10:55.312,24.658188,102.651039,2.167,1.300,3.411,0.256,32,89.2
20220905001056000_00001976.sum,2022-09-05T00:10:56.491,24.589842,106.607310,44.826,9.319,26.754,0.398,18,301.3
20220905001056000_00002096.sum,2022-09-05T00:10:55.136,25.101017,101.665146,13.553,1.369,5.228,0.394,33,53.9
20220905001056000_00002156.sum,2022-09-05T00:10:55.553,25.098790,106.611017,8.755,5.142,7.330,0.280,33,270.9
20220905001056000_00002276.sum,2022-09-05T00:10:55.636,25.576455,101.647576,21.682,2.872,8.326,0.335,17,65.8
20220905001056000_00002336.sum,2022-09-05T00:10:56.057,25.543540,106.115791,6.692,6.410,8.104,0.335,21,247.5
20220905001056000_00002456.sum,2022-09-05T00:10:55.283,26.008241,101.161552,12.040,1.483,6.561,0.371,33,57.1
20220905001056000_00002516.sum,2022-09-05T00:10:55.599,26.001539,105.625217,11.254,2.722,7.261,0.368,34,228.0
20220905001056000_00002636.sum,2022-09-05T00:10:55.505,26.453129,100.651031,10.883,1.185,4.950,0.263,31,40.1
20220905001056000_00002696.sum,2022-09-05T00:10:56.074,26.442553,105.626228,7.666,3.720,6.661,0.608,38,218.2
20220905001056000_00002816.sum,2022-09-05T00:10:55.270,26.895087,100.134089,14.428,1.262,6.151,0.566,35,54.9
20220905001056000_00002876.sum,2022-09-05T00:10:55.428,26.903101,104.657986,27.826,1.244,3.268,0.267,29,39.6
20220905001056000_00002996.sum,2022-09-05T00:10:55.445,27.347460,100.133211,15.211,1.499,5.427,0.369,40,72.8
20220905001056000_00003056.sum,2022-09-05T00:10:55.370,27.341759,105.166601,18.551,2.418,7.531,0.509,33,174.2
20220905001056000_00003176.sum,2022-09-05T00:10:55.325,27.801880,100.106341,26.751,1.490,4.058,0.507,34,51.0
20220905001056000_00003236.sum,2022-09-05T00:10:55.366,27.794890,105.181165,23.750,3.002,5.265,0.349,22,143.2
20220905001056000_00003356.sum,2022-09-05T00:10:55.420,28.247426,100.616905,26.672,1.123,4.143,0.278,45,49.8
20220905001056000_00003416.sum,2022-09-05T00:10:55.463,28.236323,105.200254,9.229,2.503,4.226,0.293,29,155.5
20220905001056000_00003536.sum,2022-09-05T00:10:55.538,28.694870,100.092732,6.743,1.510,3.256,0.282,26,124.3
20220905001056000_00003596.sum,2022-09-05T00:10:55.910,28.708167,105.695323,24.489,2.778,5.061,0.293,42,211.0
20220905001056000_00003716.sum,2022-09-05T00:10:55.965,29.167602,101.118704,20.290,2.059,8.398,0.342,24,49.4
20220905001056000_00003776.sum,2022-09-05T00:10:56.434,29.157068,106.273218,13.803,6.115,14.073,0.452,31,243.3
20220905001056000_00003896.sum,2022-09-05T00:10:55.605,29.620363,101.101759,14.076,1.703,5.792,0.279,23,60.2
20220905001056000_00003956.sum,2022-09-05T00:10:55.915,29.591529,105.714624,12.879,3.077,4.031,0.545,33,205.5
20220905001056000_00004076.sum,2022-09-05T00:10:55.400,30.066157,101.109129,18.424,1.628,4.835,0.327,31,48.2
20220905001056000_00004136.sum,2022-09-05T00:10:55.749,30.044101,105.746925,15.511,2.847,4.383,0.296,32,214.1
20220905001056000_00004256.sum,2022-09-05T00:10:55.433,30.513792,101.088692,8.996,1.295,4.164,0.359,40,32.0
20220905001056000_00004316.sum,2022-09-05T00:10:56.144,30.498532,106.252567,24.133,4.639,8.856,0.526,30,253.4
20220905001056000_00004436.sum,2022-09-05T00:10:55.474,30.962541,101.606527,27.126,1.167,3.731,0.375,43,46.0
20220905001056000_00004496.sum,2022-09-05T00:10:56.227,30.953594,106.822638,12.265,6.711,13.954,0.252,33,287.4
20220905001056000_00004616.sum,2022-09-05T00:10:55.556,31.420857,101.078444,4.187,2.819,3.980,0.246,31,173.4
20220905001056000_00004676.sum,2022-09-05T00:10:55.536,31.410970,105.814663,3.507,6.117,7.783,0.431,21,261.9
20220905001056000_00004796.sum,2022-09-05T00:10:55.749,31.859863,100.538577,17.459,4.446,15.294,0.266,18,229.4
20220905001056000_00004856.sum,2022-09-05T00:10:56.449,31.791897,105.281389,27.428,3.406,4.238,0.412,44,270.9
20220905001056000_00004976.sum,2022-09-05T00:10:56.395,32.266284,100.532182,14.244,6.139,15.459,0.245,16,252.0
20220905001056000_00005036.sum,2022-09-05T00:10:56.598,32.239019,105.333241,10.474,5.769,8.739,0.268,33,285.7
20220905001056000_00005156.sum,2022-09-05T00:10:58.436,32.613134,100.511461,33.010,11.981,26.373,0.307,25,285.3
20220905001056000_00005216.sum,2022-09-05T00:10:56.637,32.708102,105.384208,7.532,6.650,12.382,0.308,38,307.3
20220905001056000_00005336.sum,2022-09-05T00:10:59.201,33.004000,99.862800,45.014,22.384,39.537,0.454,28,325.8
20220905001056000_00005396.sum,2022-09-05T00:10:56.994,33.206430,104.790194,35.511,12.734,40.016,0.443,23,320.1
20220905001057000_00000837.sum,,,,,,,,,
20220905001057000_00000957.sum,2022-09-05T00:10:57.474,22.378494,99.193961,33.887,16.229,39.040,0.562,26,336.0
20220905001057000_00001017.sum,2022-09-05T00:10:56.933,22.374373,103.620323,40.347,8.600,33.829,0.420,30,280.1
20220905001057000_00001137.sum,2022-09-05T00:10:56.958,22.858135,99.247931,7.652,5.590,7.915,0.308,42,317.3
20220905001057000_00001197.sum,2022-09-05T00:10:57.258,22.891822,103.614822,8.326,3.187,7.175,0.298,42,246.9
20220905001057000_00001317.sum,2022-09-05T00:10:56.965,23.202317,98.780116,10.982,16.370,22.659,0.177,18,330.3
20220905001057000_00001377.sum,2022-09-05T00:10:57.134,23.337793,103.133428,18.449,5.484,7.367,0.812,18,235.6
20220905001057000_00001497.sum,2022-09-05T00:10:57.476,23.629191,98.199309,39.534,9.462,31.815,0.489,33,322.6
20220905001057000_00001557.sum,2022-09-05T00:10:56.730,23.766536,102.654633,18.902,7.012,10.969,0.363,10,178.9
20220905001057000_00001677.sum,2022-09-05T00:10:58.834,24.179020,98.243199,50.256,6.540,24.797,0.536,34,307.1
20220905001057000_00001737.sum,2022-09-05T00:10:56.908,24.221055,102.651686,16.691,3.341,7.933,0.495,20,141.2
20220905001057000_00001797.sum,2022-09-05T00:10:57.497,24.193803,107.033959,40.563,7.838,32.761,0.285,34,325.6
20220905001057000_00001857.sum,2022-09-05T00:10:57.513,24.652766,98.185428,31.608,12.992,38.724,0.516,21,291.6
20220905001057000_00001917.sum,2022-09-05T00:10:56.325,24.654156,102.655004,11.471,1.543,10.623,0.308,26,58.0
20220905001057000_00001977.sum,2022-09-05T00:10:57.547,24.643133,107.060730,43.771,7.249,29.371,0.422,36,310.4
20220905001057000_00002037.sum,,,,,,,,,
20220905001057000_00002097.sum,2022-09-05T00:10:56.411,25.122807,102.154152,18.776,1.544,11.009,0.418,31,54.6
20220905001057000_00002157.sum,2022-09-05T00:10:57.522,25.092291,106.591271,31.996,8.438,23.632,0.267,24,280.5
20220905001057000_00002277.sum,2022-09-05T00:10:56.376,25.562884,101.654548,1.980,1.208,2.388,0.430,27,36.8
20220905001057000_00002337.sum,2022-09-05T00:10:56.856,25.542485,106.101182,11.589,5.349,8.394,0.261,26,247.1
20220905001057000_00002457.sum,2022-09-05T00:10:56.150,26.015872,101.147358,23.894,2.483,6.790,0.276,16,88.6
20220905001057000_00002517.sum,2022-09-05T00:10:56.668,25.998564,105.639332,20.005,4.982,7.059,0.457,19,222.1
20220905001057000_00002637.sum,2022-09-05T00:10:56.339,26.460707,100.646269,7.421,1.297,5.252,0.334,34,31.2
20220905001057000_00002697.sum,2022-09-05T00:10:56.332,26.444472,105.652179,13.337,3.638,7.461,0.545,22,220.7
20220905001057000_00002817.sum,2022-09-05T00:10:56.359,26.898294,100.130636,14.080,2.567,8.252,0.405,23,121.5
20220905001057000_00002877.sum,2022-09-05T00:10:56.579,26.894454,104.667866,3.645,1.514,4.093,0.440,30,87.9
20220905001057000_00002997.sum,2022-09-05T00:10:56.327,27.344350,100.131876,5.986,1.515,7.109,0.225,23,66.3
20220905001057000_00003057.sum,2022-09-05T00:10:56.517,27.345518,105.194141,5.549,1.426,3.566,0.258,42,151.4
20220905001057000_00003177.sum,2022-09-05T00:10:56.588,27.812470,100.128855,21.702,2.490,3.886,0.251,25,115.2
20220905001057000_00003237.sum,2022-09-05T00:10:56.295,27.798205,105.197333,8.257,2.994,4.505,0.437,37,138.8
20220905001057000_00003357.sum,2022-09-05T00:10:56.369,28.260134,100.609662,18.310,1.479,7.092,0.530,33,54.5
20220905001057000_00003417.sum,2022-09-05T00:10:56.131,28.243971,105.231039,14.759,6.257,7.758,0.191,11,187.3
20220905001057000_00003537.sum,2022-09-05T00:10:56.381,28.706737,100.608440,3.258,1.291,3.223,0.265,26,76.2
20220905001057000_00003597.sum,2022-09-05T00:10:57.198,28.688368,105.667617,19.637,7.466,14.296,0.125,9,222.0
20220905001057000_00003717.sum,2022-09-05T00:10:56.662,29.161314,101.112568,24.094,1.442,5.566,0.335,35,37.5
20220905001057000_00003777.sum,2022-09-05T00:10:56.985,29.148686,106.188625,18.285,16.912,21.290,0.188,8,287.2
20220905001057000_00003897.sum,2022-09-05T00:10:56.629,29.611932,101.099056,24.862,2.436,6.272,0.264,17,61.4
20220905001057000_00003957.sum,2022-09-05T00:10:57.283,29.616763,105.738205,12.270,5.001,8.257,0.480,21,221.0
20220905001057000_00004077.sum,2022-09-05T00:10:56.533,30.073010,101.108410,13.037,1.335,4.437,0.391,45,48.0
20220905001057000_00004137.sum,2022-09-05T00:10:56.988,30.047256,105.754343,4.296,3.107,4.084,0.612,46,206.7
20220905001057000_00004257.sum,2022-09-05T00:10:56.167,30.516120,101.093827,17.035,1.418,8.557,0.503,33,31.0
20220905001057000_00004317.sum,2022-09-05T00:10:57.523,30.504944,106.246459,20.714,3.281,7.463,0.352,46,247.3
20220905001057000_00004437.sum,2022-09-05T00:10:56.492,30.963153,101.613189,21.514,1.635,5.270,0.486,29,54.3
20220905001057000_00004497.sum,2022-09-05T00:10:57.524,30.964211,106.801033,12.033,8.934,16.263,0.301,24,298.5
20220905001057000_00004617.sum,2022-09-05T00:10:56.241,31.412105,101.082061,19.609,2.250,8.034,0.228,24,152.3
20220905001057000_00004677.sum,2022-09-05T00:10:56.413,31.419981,105.824985,10.121,8.019,11.102,0.329,26,280.7
20220905001057000_00004797.sum,2022-09-05T00:10:56.803,31.828338,101.077026,16.381,3.181,11.695,0.312,32,230.8
20220905001057000_00004857.sum,2022-09-05T00:10:57.232,31.825677,105.818114,5.366,4.174,5.937,0.251,36,294.8
20220905001057000_00004977.sum,2022-09-05T00:10:57.572,32.270066,100.532021,16.652,4.358,14.194,0.332,48,252.0
20220905001057000_00005037.sum,2022-09-05T00:10:57.298,32.263945,105.873408,12.919,7.091,13.674,0.291,28,311.1
20220905001057000_00005157.sum,2022-09-05T00:10:58.950,32.688964,100.530056,29.490,9.394,23.976,0.447,37,277.1
20220905001057000_00005217.sum,2022-09-05T00:10:57.443,32.653044,105.377914,15.345,6.613,15.897,0.378,33,304.2
20220905001057000_00005337.sum,2022-09-05T00:10:58.736,33.116525,99.914823,44.900,6.886,35.969,0.446,47,324.2
20220905001057000_00005397.sum,2022-09-05T00:10:58.290,33.234232,104.815537,40.916,11.722,37.492,0.352,27,322.6
20220905001058000_00000838.sum,,,,,,,,,
20220905001058000_00000958.sum,2022-09-05T00:10:58.440,22.393637,99.269092,24.883,13.928,34.653,0.488,33,335.5
20220905001058000_00001018.sum,2022-09-05T00:10:58.092,22.399464,103.622049,45.089,6.173,26.028,0.539,37,288.9
20220905001058000_00001138.sum,2022-09-05T00:10:57.949,22.840230,99.261359,25.680,5.536,11.383,0.377,44,322.0
20220905001058000_00001198.sum,2022-09-05T00:10:58.455,22.887724,103.623994,6.574,5.689,7.546,0.349,25,269.1
20220905001058000_00001318.sum,2022-09-05T00:10:58.866,23.299581,98.800688,12.185,13.673,17.011,0.250,26,330.2
20220905001058000_00001378.sum,2022-09-05T00:10:58.321,23.346445,103.618755,15.031,5.102,6.949,0.320,32,236.1
20220905001058000_00001498.sum,2022-09-05T00:10:58.604,23.700723,98.267788,18.609,11.348,28.560,0.323,21,320.2
20220905001058000_00001558.sum,2022-09-05T00:10:57.352,23.766946,102.656454,19.726,2.248,4.504,0.363,34,183.1
20220905001058000_00001678.sum,2022-09-05T00:10:58.310,24.186182,98.206790,26.169,8.261,31.089,0.251,38,303.6
20220905001058000_00001738.sum,2022-09-05T00:10:57.334,24.218830,102.654776,14.564,1.697,3.042,0.301,31,65.8
20220905001058000_00001798.sum,2022-09-05T00:10:58.347,24.169751,107.152621,33.565,11.856,39.170,0.599,22,323.1
20220905001058000_00001858.sum,2022-09-05T00:10:58.885,24.672563,98.194174,32.675,8.629,34.072,0.307,32,290.3
20220905001058000_00001918.sum,2022-09-05T00:10:57.082,24.673920,102.653812,24.486,1.797,3.306,0.403,24,78.7
20220905001058000_00001978.sum,2022-09-05T00:10:58.271,24.893148,103.359121,47.771,16.982,30.471,1.374,21,324.9
20220905001058000_00002038.sum,,,,,,,,,
20220905001058000_00002098.sum,2022-09-05T00:10:57.090,25.125380,102.158147,4.996,3.652,6.315,1.083,13,137.8
20220905001058000_00002158.sum,2022-09-05T00:10:58.133,25.069700,106.600798,14.881,13.260,30.782,0.248,12,273.6
20220905001058000_00002278.sum,2022-09-05T00:10:57.110,25.564706,101.654817,18.286,1.421,6.733,0.321,26,49.7
20220905001058000_00002338.sum,2022-09-05T00:10:57.739,25.540133,106.114063,7.316,3.567,5.697,0.392,33,239.3
20220905001058000_00002458.sum,2022-09-05T00:10:57.440,25.992992,101.146767,19.852,2.123,9.058,0.532,21,52.9
20220905001058000_00002518.sum,2022-09-05T00:10:58.137,25.988394,105.603266,26.256,4.106,5.311,0.273,21,239.0
20220905001058000_00002638.sum,2022-09-05T00:10:57.118,26.452699,101.150555,16.592,1.408,4.761,0.417,32,34.7
20220905001058000_00002698.sum,2022-09-05T00:10:57.457,26.444298,105.638185,15.987,3.484,6.597,0.511,30,201.9
20220905001058000_00002818.sum,2022-09-05T00:10:57.241,26.903117,100.147442,20.690,1.959,8.602,0.429,27,74.2
20220905001058000_00002878.sum,2022-09-05T00:10:57.522,26.898839,105.166431,20.015,2.348,4.999,0.454,35,174.4
20220905001058000_00002998.sum,2022-09-05T00:10:57.277,27.347422,100.140353,15.654,2.120,12.301,0.262,21,121.5
20220905001058000_00003058.sum,2022-09-05T00:10:57.439,27.343113,105.178531,27.751,2.888,3.584,0.337,17,119.2
20220905001058000_00003178.sum,2022-09-05T00:10:57.536,27.803262,100.124757,13.523,1.874,5.476,0.371,26,129.0
20220905001058000_00003238.sum,2022-09-05T00:10:57.484,27.801649,105.187272,6.490,2.041,5.387,0.237,18,131.5
20220905001058000_00003358.sum,2022-09-05T00:10:57.586,28.251945,100.620031,26.206,1.777,5.040,0.454,28,42.4
20220905001058000_00003418.sum,2022-09-05T00:10:57.385,28.247562,105.206285,20.007,1.521,2.986,0.327,39,133.7
20220905001058000_00003538.sum,2022-09-05T00:10:57.529,28.712012,100.623702,25.661,1.327,3.851,0.329,22,73.0
20220905001058000_00003598.sum,2022-09-05T00:10:57.558,28.689200,105.711614,11.297,2.701,4.361,0.345,39,224.5
20220905001058000_00003718.sum,2022-09-05T00:10:57.192,29.164098,101.107748,13.531,1.458,5.792,0.332,29,69.8
20220905001058000_00003778.sum,2022-09-05T00:10:58.438,29.131150,106.767112,12.488,5.377,14.848,0.280,34,269.3
20220905001058000_00003898.sum,2022-09-05T00:10:57.433,29.616897,101.108476,8.632,1.424,7.038,0.259,24,39.6
20220905001058000_00003958.sum,2022-09-05T00:10:58.081,29.598556,105.726516,4.323,3.509,4.473,0.344,31,212.9
20220905001058000_00004078.sum,2022-09-05T00:10:57.126,30.056215,101.107406,27.765,10.626,15.334,0.287,8,234.7
20220905001058000_00004138.sum,2022-09-05T00:10:57.592,30.055013,105.743305,28.964,3.988,5.009,0.293,29,225.1
20220905001058000_00004258.sum,2022-09-05T00:10:57.573,30.513839,101.094291,9.151,1.388,4.306,0.264,31,39.1
20220905001058000_00004318.sum,2022-09-05T00:10:58.268,30.496304,106.269748,11.012,5.899,9.328,0.482,35,262.6
20220905001058000_00004438.sum,2022-09-05T00:10:57.388,30.973415,102.137505,11.708,1.425,3.216,0.445,35,57.8
20220905001058000_00004498.sum,2022-09-05T00:10:58.415,30.962619,106.859069,14.246,8.378,20.545,0.304,17,292.6
20220905001058000_00004618.sum,2022-09-05T00:10:57.672,31.428667,101.086136,9.778,5.150,14.039,0.237,16,213.6
20220905001058000_00004678.sum,2022-09-05T00:10:57.840,31.373960,105.783610,21.491,6.861,9.351,0.291,23,264.2
20220905001058000_00004798.sum,2022-09-05T00:10:58.323,31.833729,101.064315,6.311,6.254,7.762,0.183,18,243.6
20220905001058000_00004858.sum,2022-09-05T00:10:57.728,31.822561,105.852551,4.481,8.782,10.891,0.161,15,308.0
20220905001058000_00004978.sum,2022-09-05T00:10:58.288,32.259812,100.526090,15.573,4.001,12.768,0.299,43,249.0
20220905001058000_00005038.sum,2022-09-05T00:10:58.322,32.206013,105.865890,15.631,8.784,14.816,0.355,26,312.1
20220905001058000_00005158.sum,2022-09-05T00:11:00.172,32.659158,100.522046,25.993,12.002,28.113,0.436,31,284.9
20220905001058000_00005218.sum,2022-09-05T00:10:58.725,32.708695,105.364731,12.371,7.881,17.521,0.214,20,317.9
20220905001058000_00005338.sum,2022-09-05T00:11:00.773,33.092570,99.866950,47.660,8.853,34.498,0.333,38,323.2
20220905001058000_00005398.sum,2022-09-05T00:10:59.697,33.063878,104.793277,20.025,37.510,49.622,0.313,21,316.8
20220905001059000_00000839.sum,,,,,,,,,
20220905001059000_00000959.sum,2022-09-05T00:10:59.245,22.341809,99.228856,45.059,15.829,30.809,0.292,20,336.0
20220905001059000_00001019.sum,2022-09-05T00:10:59.550,22.423722,103.620863,11.109,8.114,20.063,0.420,30,287.1
20220905001059000_00001139.sum,2022-09-05T00:10:58.894,22.845443,99.226566,28.020,5.868,12.524,0.366,44,317.0
20220905001059000_00001199.sum,2022-09-05T00:10:59.016,22.872904,103.620251,32.536,4.030,13.068,0.399,38,254.6
20220905001059000_00001319.sum,2022-09-05T00:10:59.356,23.244667,98.772972,8.918,5.830,9.147,0.414,43,327.6
20220905001059000_00001379.sum,2022-09-05T00:10:58.759,23.313236,103.629437,4.584,3.151,5.946,0.290,29,242.1
20220905001059000_00001499.sum,2022-09-05T00:10:59.272,23.714106,98.215184,39.825,8.946,30.057,0.245,33,323.4
20220905001059000_00001559.sum,2022-09-05T00:10:58.909,23.772087,103.118604,27.176,4.662,5.785,0.311,22,180.0
20220905001059000_00001679.sum,2022-09-05T00:10:58.764,24.157005,98.256479,11.724,7.600,20.152,0.619,32,312.1
20220905001059000_00001739.sum,2022-09-05T00:10:58.832,24.233759,102.664131,20.785,4.733,9.366,0.270,13,153.1
20220905001059000_00001859.sum,2022-09-05T00:10:58.997,24.633190,98.726384,21.845,6.306,8.707,0.337,35,262.4
20220905001059000_00001919.sum,2022-09-05T00:10:58.114,24.671016,102.647960,9.017,2.403,8.197,0.325,22,60.3
20220905001059000_00001979.sum,2022-09-05T00:11:00.456,24.612406,107.149932,40.298,11.478,34.800,0.295,26,320.1
20220905001059000_00002039.sum,,,,,,,,,
20220905001059000_00002099.sum,2022-09-05T00:10:58.409,25.113357,102.147091,20.498,1.137,4.631,0.218,26,73.1
20220905001059000_00002159.sum,2022-09-05T00:10:59.143,25.082652,106.580512,3.949,5.133,6.514,0.308,28,273.6
20220905001059000_00002279.sum,2022-09-05T00:10:58.642,25.562427,102.150611,4.213,1.145,3.937,0.273,31,36.0
20220905001059000_00002339.sum,2022-09-05T00:10:59.006,25.533245,106.103477,3.677,3.423,5.017,0.325,39,236.8
20220905001059000_00002459.sum,2022-09-05T00:10:58.413,26.002464,101.647567,13.534,1.609,6.351,0.320,31,45.1
20220905001059000_00002519.sum,2022-09-05T00:10:59.222,25.990392,105.594093,22.152,4.871,6.357,0.383,18,202.8
20220905001059000_00002639.sum,2022-09-05T00:10:58.286,26.458981,101.157473,7.375,2.361,15.416,0.195,15,94.3
20220905001059000_00002699.sum,2022-09-05T00:10:58.630,26.447736,105.651346,24.899,5.131,7.091,0.281,19,227.4
20220905001059000_00002819.sum,2022-09-05T00:10:58.142,26.900406,100.145412,26.041,2.013,8.760,0.180,15,86.3
20220905001059000_00002879.sum,2022-09-05T00:10:58.656,26.893244,105.162882,19.255,1.753,5.372,0.242,32,58.8
20220905001059000_00002999.sum,2022-09-05T00:10:58.300,27.345131,100.126035,14.029,0.994,5.489,0.326,45,40.5
20220905001059000_00003059.sum,2022-09-05T00:10:58.302,27.348492,105.161359,15.938,1.967,4.068,0.466,31,156.5
20220905001059000_00003179.sum,2022-09-05T00:10:58.374,27.799046,100.111898,15.075,1.660,5.470,0.315,31,93.4
20220905001059000_00003239.sum,2022-09-05T00:10:58.062,27.797369,105.194725,18.312,2.483,5.071,0.385,19,137.5
20220905001059000_00003359.sum,2022-09-05T00:10:58.555,28.265628,101.117097,3.670,1.425,4.817,0.335,25,53.1
20220905001059000_00003419.sum,2022-09-05T00:10:58.624,28.244469,105.695305,13.291,2.104,3.862,0.305,47,209.4
20220905001059000_00003539.sum,2022-09-05T00:10:58.487,28.705040,100.608526,13.451,2.298,8.200,0.673,17,74.0
20220905001059000_00003599.sum,2022-09-05T00:10:58.336,28.704942,105.709369,24.739,3.470,7.638,0.403,25,207.7
20220905001059000_00003719.sum,2022-09-05T00:10:58.438,29.155100,101.117270,17.509,2.006,10.883,0.255,16,104.1
20220905001059000_00003779.sum,2022-09-05T00:10:59.374,29.145723,106.734125,6.037,5.853,10.524,0.364,44,267.3
20220905001059000_00003899.sum,2022-09-05T00:10:58.548,29.609033,101.102202,2.728,1.107,2.789,0.216,28,49.9
20220905001059000_00003959.sum,2022-09-05T00:10:59.282,29.597742,106.220527,14.949,4.738,7.785,0.289,33,252.7
20220905001059000_00004079.sum,2022-09-05T00:10:58.173,30.062164,101.114587,11.889,1.810,8.774,0.571,31,28.0
20220905001059000_00004139.sum,2022-09-05T00:10:59.091,30.048452,105.738719,15.037,3.756,5.095,0.833,39,216.7
20220905001059000_00004259.sum,2022-09-05T00:10:58.472,30.517198,101.089046,2.146,1.169,2.793,0.251,33,37.5
20220905001059000_00004319.sum,2022-09-05T00:10:59.119,30.502053,106.798354,10.356,9.045,17.861,0.405,20,281.9
20220905001059000_00004379.sum,,,,,,,,,
20220905001059000_00004439.sum,2022-09-05T00:10:58.381,30.973731,102.143529,19.620,1.661,6.764,0.442,28,49.0
20220905001059000_00004499.sum,2022-09-05T00:10:59.588,30.973527,106.795207,23.756,7.766,22.322,0.376,28,296.5
20220905001059000_00004619.sum,2022-09-05T00:10:58.355,31.421027,101.082051,2.683,1.665,2.843,0.254,35,103.3
20220905001059000_00004679.sum,2022-09-05T00:10:59.160,31.386934,105.758636,26.638,3.886,5.053,0.240,25,268.6
20220905001059000_00004799.sum,2022-09-05T00:10:59.414,31.816526,101.069414,25.604,6.859,19.627,0.491,14,238.9
20220905001059000_00004859.sum,2022-09-05T00:10:59.580,31.835690,105.806537,9.606,10.414,15.155,0.317,11,289.2
20220905001059000_00004979.sum,2022-09-05T00:11:00.047,32.255764,100.530246,17.757,6.228,16.895,0.446,32,261.4
20220905001059000_00005039.sum,2022-09-05T00:10:59.519,32.233196,105.859828,23.442,6.556,8.839,0.399,31,310.7
20220905001059000_00005159.sum,2022-09-05T00:11:00.167,32.642315,101.045641,33.451,8.887,18.078,0.562,32,265.0
20220905001059000_00005219.sum,2022-09-05T00:10:59.150,32.689823,105.359991,11.327,8.056,14.367,0.422,29,311.1
20220905001059000_00005339.sum,2022-09-05T00:11:01.347,33.074524,99.887768,46.329,11.940,37.039,0.369,22,320.3
20220905001059000_00005399.sum,2022-09-05T00:10:59.537,33.213057,104.825661,35.402,11.466,39.410,0.421,28,324.1
